-- MySQL dump 10.13  Distrib 5.5.46, for debian-linux-gnu (x86_64)
--
-- Host: localhost    Database: sd-dev-1c
-- ------------------------------------------------------
-- Server version	5.5.46-0ubuntu0.12.04.2

/*!40101 SET @OLD_CHARACTER_SET_CLIENT=@@CHARACTER_SET_CLIENT */;
/*!40101 SET @OLD_CHARACTER_SET_RESULTS=@@CHARACTER_SET_RESULTS */;
/*!40101 SET @OLD_COLLATION_CONNECTION=@@COLLATION_CONNECTION */;
/*!40101 SET NAMES utf8 */;
/*!40103 SET @OLD_TIME_ZONE=@@TIME_ZONE */;
/*!40103 SET TIME_ZONE='+00:00' */;
/*!40014 SET @OLD_UNIQUE_CHECKS=@@UNIQUE_CHECKS, UNIQUE_CHECKS=0 */;
/*!40014 SET @OLD_FOREIGN_KEY_CHECKS=@@FOREIGN_KEY_CHECKS, FOREIGN_KEY_CHECKS=0 */;
/*!40101 SET @OLD_SQL_MODE=@@SQL_MODE, SQL_MODE='NO_AUTO_VALUE_ON_ZERO' */;
/*!40111 SET @OLD_SQL_NOTES=@@SQL_NOTES, SQL_NOTES=0 */;

--
-- Table structure for table `contractDivisions`
--

DROP TABLE IF EXISTS `contractDivisions`;
/*!40101 SET @saved_cs_client     = @@character_set_client */;
/*!40101 SET character_set_client = utf8 */;
CREATE TABLE `contractDivisions` (
  `guid` binary(16) NOT NULL,
  `name` varchar(255) DEFAULT NULL,
  `email` varchar(64) DEFAULT NULL,
  `phone` varchar(64) DEFAULT NULL,
  `address` varchar(255) DEFAULT NULL,
  `yurAddress` varchar(255) DEFAULT NULL,
  `contract_guid` binary(16) DEFAULT NULL,
  `contragent_guid` binary(16) DEFAULT NULL,
  `type_guid` binary(16) DEFAULT NULL,
  `addProblem` text NOT NULL,
  `isDisabled` tinyint(1) NOT NULL DEFAULT '0',
  `update` tinyint(1) NOT NULL DEFAULT '1',
  PRIMARY KEY (`guid`),
  UNIQUE KEY `byNameInContract_UNIQ` (`contract_guid`,`name`),
  KEY `fk_contractDivisions_contract_IDX` (`contract_guid`),
  KEY `fk_contractDivisions_contragent_IDX` (`contragent_guid`),
  KEY `fk_contractDivisions_type_IDX` (`type_guid`),
  KEY `byName` (`name`),
  KEY `combo1` (`contract_guid`,`name`),
  CONSTRAINT `fk_contractDivisions_contract` FOREIGN KEY (`contract_guid`) REFERENCES `contracts` (`guid`) ON DELETE NO ACTION ON UPDATE NO ACTION,
  CONSTRAINT `fk_contractDivisions_contragent` FOREIGN KEY (`contragent_guid`) REFERENCES `contragents` (`guid`) ON DELETE NO ACTION ON UPDATE NO ACTION,
  CONSTRAINT `fk_contractDivisions_type` FOREIGN KEY (`type_guid`) REFERENCES `divisionTypes` (`guid`) ON DELETE NO ACTION ON UPDATE NO ACTION
) ENGINE=InnoDB DEFAULT CHARSET=utf8 COMMENT='ะขะตััะธัะพัะธะฐะปัะฝัะต ะฟะพะดัะฐะทะดะตะปะตะฝะธั ะทะฐะบะฐะทัะธะบะฐ';
/*!40101 SET character_set_client = @saved_cs_client */;

--
-- Dumping data for table `contractDivisions`
--

LOCK TABLES `contractDivisions` WRITE;
/*!40000 ALTER TABLE `contractDivisions` DISABLE KEYS */;
INSERT INTO `contractDivisions` VALUES ('GFNฌมไ\0%','ะะฟัะตะบะฐ โ12','11a0012@rigla.ru','+7 (8212) 33-73-45','167023, ะะพะผะธ ะะตัะฟ, ะกัะบััะฒะบะฐั ะณ, ะะพะผะผัะฝะธััะธัะตัะบะฐั ัะป, ะดะพะผ โ 59','167023, ะะพะผะธ ะะตัะฟ, ะกัะบััะฒะบะฐั ะณ, ะะพะผะผัะฝะธััะธัะตัะบะฐั ัะป, ะดะพะผ โ 59','๒Bi,ๆ๓\0%',NULL,'๘ณซ7Tๆญj\0%','',0,1),('GFUฌมไ\0%','ะะฟัะตะบะฐ โ7','11a0007@rigla.ru','+7 (8212) 33-44-83','167005, ะะพะผะธ ะะตัะฟ, ะกัะบััะฒะบะฐั ะณ, ะััะบะธะฝะฐ ัะป, ะดะพะผ โ 31','167005, ะะพะผะธ ะะตัะฟ, ะกัะบััะฒะบะฐั ะณ, ะััะบะธะฝะฐ ัะป, ะดะพะผ โ 31','๒Bi,ๆ๓\0%',NULL,'๘ณซ7Tๆญj\0%','',0,1),('ฌEไ\0%','ะะฟัะตะบะฐ โ3126','11a0018@rigla.ru','+7 (8212) 30-01-23','167000, ะะพะผะธ ะะตัะฟ, ะกัะบััะฒะบะฐั ะณ, ะกะฒะพะฑะพะดั ัะป, ะดะพะผ โ 35/75','167000, ะะพะผะธ ะะตัะฟ, ะกัะบััะฒะบะฐั ะณ, ะกะฒะพะฑะพะดั ัะป, ะดะพะผ โ 35/75','ฎ45^ผๆ๓\0%',NULL,'๘ณซ7Tๆญj\0%','',0,1),('ฆฌEไ\0%','ะะฟัะตะบะฐ โ3127','11a0027@rigla.ru','+7 (8216) 75-00-85','169319, ะะพะผะธ ะะตัะฟ, ะฃััะฐ ะณ, ะะตะฝะธะฝะฐ ะฟั-ะบั, ะดะพะผ โ 61','169319, ะะพะผะธ ะะตัะฟ, ะฃััะฐ ะณ, ะะตะฝะธะฝะฐ ะฟั-ะบั, ะดะพะผ โ 61','ฎ45^ผๆ๓\0%',NULL,')N๚nๆ๓\0%','',0,1),('ญฌEไ\0%','ะะฟัะตะบะฐ โ3128','11a0028@rigla.ru','+7 (8216) 74-00-03','169311, ะะพะผะธ ะะตัะฟ, ะฃััะฐ ะณ, ะะบััะฑัััะบะฐั ัะป, ะดะพะผ โ 23','169311, ะะพะผะธ ะะตัะฟ, ะฃััะฐ ะณ, ะะบััะฑัััะบะฐั ัะป, ะดะพะผ โ 23','ฎ45^ผๆ๓\0%',NULL,')N๚nๆ๓\0%','',0,1),('ดฌEไ\0%','ะะฟัะตะบะฐ โ3130','11a0030@rigla.ru','+7 (8212) 20-27-75','167000, ะะพะผะธ ะะตัะฟ, ะกัะบััะฒะบะฐั ะณ, ะะฐะฑััะบะธะฝะฐ ัะป, ะดะพะผ โ 31','167000, ะะพะผะธ ะะตัะฟ, ะกัะบััะฒะบะฐั ะณ, ะะฐะฑััะบะธะฝะฐ ัะป, ะดะพะผ โ 31','ฎ45^ผๆ๓\0%',NULL,'๘ณซ7Tๆญj\0%','',0,1),('ผฌEไ\0%','ะะฟัะตะบะฐ โ3131','11a0031@rigla.ru','+7 (8212) 30-23-14','167000, ะะพะผะธ ะะตัะฟ, ะกัะบััะฒะบะฐั ะณ, ะะตัะฒะพะผะฐะนัะบะฐั ัะป, ะดะพะผ โ 117','167000, ะะพะผะธ ะะตัะฟ, ะกัะบััะฒะบะฐั ะณ, ะะตัะฒะพะผะฐะนัะบะฐั ัะป, ะดะพะผ โ 117','ฎ45^ผๆ๓\0%',NULL,'๘ณซ7Tๆญj\0%','',0,1),('งืgมnไO\0%','ะะตัะพััะบะฐั','','','167000, ะะพะผะธ ะะตัะฟ, ะกัะบััะฒะบะฐั ะณ, ะะตัะพััะบะฐั ัะป, ะดะพะผ โ 67','167000, ะะพะผะธ ะะตัะฟ, ะกัะบััะฒะบะฐั ะณ, ะะตัะพััะบะฐั ัะป, ะดะพะผ โ 67','อ\"ฝำๅงช\0%',NULL,'๘ณซ7Tๆญj\0%','',0,1),('งืiมnไO\0%','ะะพัะพะทะพะฒะฐ','','','167023, ะะพะผะธ ะะตัะฟ, ะกัะบััะฒะบะฐั ะณ, ะะพัะพะทะพะฒะฐ ัะป, ะดะพะผ โ 51','167023, ะะพะผะธ ะะตัะฟ, ะกัะบััะฒะบะฐั ะณ, ะะพัะพะทะพะฒะฐ ัะป, ะดะพะผ โ 51','อ\"ฝำๅงช\0%',NULL,'๘ณซ7Tๆญj\0%','',0,1),('งืkมnไO\0%','ะะพะดะพะฟััะฝะพะฒะฐ','','','167031, ะะพะผะธ ะะตัะฟ, ะกัะบััะฒะบะฐั ะณ, ะะพะดะพะฟััะฝะพะฒะฐ ัะป, ะดะพะผ โ 4','167031, ะะพะผะธ ะะตัะฟ, ะกัะบััะฒะบะฐั ะณ, ะะพะดะพะฟััะฝะพะฒะฐ ัะป, ะดะพะผ โ 4','อ\"ฝำๅงช\0%',NULL,'๘ณซ7Tๆญj\0%','',0,1),('3(ร\"ๅงช\0%','ะจะบะพะปะฐ โ24','','','167002, ะะพะผะธ ะะตัะฟ, ะกัะบััะฒะบะฐั ะณ, ะะพัะพะทะพะฒะฐ ัะป, ะดะพะผ โ 175','167002, ะะพะผะธ ะะตัะฟ, ะกัะบััะฒะบะฐั ะณ, ะะพัะพะทะพะฒะฐ ัะป, ะดะพะผ โ 175','3*ร\"ๅงช\0%',NULL,'๘ณซ7Tๆญj\0%','',0,1),('ฺ\\%Iๆญj\0%','ะะฟัะตะบะฐ โ3163','','','169336, ะะพะผะธ ะะตัะฟ, ะฃััะฐ ะณ, ะะพะดะฝัะน ะฟะณั, ะะตะฝะธะฝะฐ ัะป, ะดะพะผ โ 1','169336, ะะพะผะธ ะะตัะฟ, ะฃััะฐ ะณ, ะะพะดะฝัะน ะฟะณั, ะะตะฝะธะฝะฐ ัะป, ะดะพะผ โ 1','ฎ45^ผๆ๓\0%',NULL,')N๚nๆ๓\0%','',0,1),('ฺ\\(Iๆญj\0%','ะะฟัะตะบะฐ โ108','','','165651, ะััะฐะฝะณะตะปััะบะฐั ะพะฑะป, ะะพััะถะผะฐ ะณ, ะะตะฝะธะฝะฐ ะฟั-ะบั, ะดะพะผ โ 36','165651, ะััะฐะฝะณะตะปััะบะฐั ะพะฑะป, ะะพััะถะผะฐ ะณ, ะะตะฝะธะฝะฐ ะฟั-ะบั, ะดะพะผ โ 36','๒Bi,ๆ๓\0%',NULL,'9nฐอฮๆ๓\0%','',0,1),('\Zqฌ๔ไ\0%','ะัะธั','','','167000, ะะพะผะธ ะะตัะฟ, ะกัะบััะฒะบะฐั ะณ, ะะฐัะฐะถะฝะฐั ัะป, ะดะพะผ โ 25','167000, ะะพะผะธ ะะตัะฟ, ะกัะบััะฒะบะฐั ะณ, ะะฐัะฐะถะฝะฐั ัะป, ะดะพะผ โ 25','ำ#Z\'ๆญj\0%',NULL,'๘ณซ7Tๆญj\0%','',0,1),('\Zqฌ๔ไ\0%','ะะฟัะพะฒัะน ัะบะปะฐะด','','','167000, ะะพะผะธ ะะตัะฟ, ะกัะบััะฒะบะฐั ะณ, ะะพะปัะพะทะฝะฐั ัะป, ะดะพะผ โ 52ะฐ','167000, ะะพะผะธ ะะตัะฟ, ะกัะบััะฒะบะฐั ะณ, ะะพะปัะพะทะฝะฐั ัะป, ะดะพะผ โ 52ะฐ','ำ#Z\'ๆญj\0%',NULL,'๘ณซ7Tๆญj\0%','',0,1),('คฟด2ฯๆ\0%','ะัะฝะพะฒะฝะพะน ะพัะธั','','','167016, ะะพะผะธ ะะตัะฟ, ะกัะบััะฒะบะฐั ะณ, ะัะดะถะพะฝะธะบะธะดะทะต ัะป, ะดะพะผ โ 71','167016, ะะพะผะธ ะะตัะฟ, ะกัะบััะฒะบะฐั ะณ, ะัะดะถะพะฝะธะบะธะดะทะต ัะป, ะดะพะผ โ 71','คฟท2ฯๆ\0%',NULL,'๘ณซ7Tๆญj\0%','',0,1),(' uKฒ&mๆ\0%','ะะฟัะตะบะฐ โ106','','','165300, ะััะฐะฝะณะตะปััะบะฐั ะพะฑะป, ะะพัะปะฐััะบะธะน ั-ะฝ, ะะพัะปะฐั ะณ, ะะธัะฐ ะฟั-ะบั, ะดะพะผ โ 38','165300, ะััะฐะฝะณะตะปััะบะฐั ะพะฑะป, ะะพัะปะฐััะบะธะน ั-ะฝ, ะะพัะปะฐั ะณ, ะะธัะฐ ะฟั-ะบั, ะดะพะผ โ 38','๒Bi,ๆ๓\0%',NULL,'9nฐบฮๆ๓\0%','',0,1),(' uKด&mๆ\0%','ะะฟัะตะบะฐ โ107','','','165311, ะััะฐะฝะณะตะปััะบะฐั ะพะฑะป, ะะพัะปะฐััะบะธะน ั-ะฝ, ะะพัะปะฐั ะณ, ะกะพะฒะตััะบะฐั ัะป, ะดะพะผ โ 54','165311, ะััะฐะฝะณะตะปััะบะฐั ะพะฑะป, ะะพัะปะฐััะบะธะน ั-ะฝ, ะะพัะปะฐั ะณ, ะกะพะฒะตััะบะฐั ัะป, ะดะพะผ โ 54','๒Bi,ๆ๓\0%',NULL,'9nฐบฮๆ๓\0%','',0,1),('\'\'%<ร๔ไO\0%','ะะฟัะตะบะฐ โ3148','','','167026, ะะพะผะธ ะะตัะฟ, ะกัะบััะฒะบะฐั ะณ, ะัะผะฐะถะฝะธะบะพะฒ ะฟั-ะบั, ะดะพะผ โ 53, ะบะพัะฟัั ะ','167026, ะะพะผะธ ะะตัะฟ, ะกัะบััะฒะบะฐั ะณ, ะัะผะฐะถะฝะธะบะพะฒ ะฟั-ะบั, ะดะพะผ โ 53, ะบะพัะฟัั ะ','ฎ45^ผๆ๓\0%',NULL,'๘ณซ7Tๆญj\0%','',0,1),('-Bศ๚็ๅ&\0%','ะะฟัะตะบะฐ โ104','','','165311, ะััะฐะฝะณะตะปััะบะฐั ะพะฑะป, ะะพัะปะฐััะบะธะน ั-ะฝ, ะะพัะปะฐั ะณ, ะกะพะฒะตััะบะฐั ัะป, ะดะพะผ โ 104','165311, ะััะฐะฝะณะตะปััะบะฐั ะพะฑะป, ะะพัะปะฐััะบะธะน ั-ะฝ, ะะพัะปะฐั ะณ, ะกะพะฒะตััะบะฐั ัะป, ะดะพะผ โ 104','๒Bi,ๆ๓\0%',NULL,'9nฐบฮๆ๓\0%','',0,1),('7ซ9iๆ๓\0%','ะัะฝะพะฒะฝะพะน ะพัะธั','','','167000, ะะพะผะธ ะะตัะฟ, ะกัะบััะฒะบะฐั ะณ, ะะตัะฒะพะผะฐะนัะบะฐั ัะป, ะดะพะผ โ 62','167000, ะะพะผะธ ะะตัะฟ, ะกัะบััะฒะบะฐั ะณ, ะะตัะฒะพะผะฐะนัะบะฐั ัะป, ะดะพะผ โ 62','7ซ<iๆ๓\0%',NULL,'๘ณซ7Tๆญj\0%','',0,1),('>kะTๆญj\0%','ะัะธั','','','167000, ะะพะผะธ ะะตัะฟ, ะกัะบััะฒะบะฐั ะณ, ะะฐะฑััะบะธะฝะฐ ัะป, ะดะพะผ โ 4, ะพัะธั 50','167000, ะะพะผะธ ะะตัะฟ, ะกัะบััะฒะบะฐั ะณ, ะะฐะฑััะบะธะฝะฐ ัะป, ะดะพะผ โ 4, ะพัะธั 50','๚ำนฟๅงช\0%',NULL,'๘ณซ7Tๆญj\0%','',0,1),('E๙ฑ ไ\0%','ะะฑัะตะถะธัะธะต ะฟะตะด. ะธะฝััะธัััะฐ','','','167000, ะะพะผะธ ะะตัะฟ, ะกัะบััะฒะบะฐั ะณ, ะะพะผะผัะฝะธััะธัะตัะบะฐั ัะป, ะดะพะผ โ 23','167000, ะะพะผะธ ะะตัะฟ, ะกัะบััะฒะบะฐั ะณ, ะะพะผะผัะฝะธััะธัะตัะบะฐั ัะป, ะดะพะผ โ 23','XCIดห๓ๅงช\0%',NULL,'๘ณซ7Tๆญj\0%','',0,1),('E๙ฑ ไ\0%','ะะตะด. ะธะฝััะธััั','','','167000, ะะพะผะธ ะะตัะฟ, ะกัะบััะฒะบะฐั ะณ, ะะพะผะผัะฝะธััะธัะตัะบะฐั ัะป, ะดะพะผ โ 25','167000, ะะพะผะธ ะะตัะฟ, ะกัะบััะฒะบะฐั ะณ, ะะพะผะผัะฝะธััะธัะตัะบะฐั ัะป, ะดะพะผ โ 25','XCIดห๓ๅงช\0%',NULL,'๘ณซ7Tๆญj\0%','',0,1),('N3t๚{ๅญ๑\0%','ะะฟัะตะบะฐ โ3156','','+7 (8212) 23-91-19','167000, ะะพะผะธ ะะตัะฟ, ะกัะบััะฒะบะฐั ะณ, ะะตััะพะทะฐะฒะพะดัะบะฐั ัะป, ะดะพะผ โ 58','167000, ะะพะผะธ ะะตัะฟ, ะกัะบััะฒะบะฐั ะณ, ะะตััะพะทะฐะฒะพะดัะบะฐั ัะป, ะดะพะผ โ 58','ฎ45^ผๆ๓\0%',NULL,'๘ณซ7Tๆญj\0%','',0,1),('O\06ฌนไ\0%','ะะฟัะตะบะฐ โ2','11a0002@rigla.ru','+7 (8212) 51-62-38','167005, ะะพะผะธ ะะตัะฟ, ะกัะบััะฒะบะฐั ะณ, ะะตััะพะทะฐะฒะพะดัะบะฐั ัะป, ะดะพะผ โ 17','167005, ะะพะผะธ ะะตัะฟ, ะกัะบััะฒะบะฐั ะณ, ะะตััะพะทะฐะฒะพะดัะบะฐั ัะป, ะดะพะผ โ 17','๒Bi,ๆ๓\0%',NULL,'๘ณซ7Tๆญj\0%','',0,1),('O\06ฌนไ\0%','ะะฟัะตะบะฐ โ4','11a0004@rigla.ru','+7 (8212) 44-57-39','167000, ะะพะผะธ ะะตัะฟ, ะกัะบััะฒะบะฐั ะณ, ะัะดะถะพะฝะธะบะธะดะทะต ัะป, ะดะพะผ โ 11','167000, ะะพะผะธ ะะตัะฟ, ะกัะบััะฒะบะฐั ะณ, ะัะดะถะพะฝะธะบะธะดะทะต ัะป, ะดะพะผ โ 11','๒Bi,ๆ๓\0%',NULL,'๘ณซ7Tๆญj\0%','',0,1),('O\06 ฌนไ\0%','ะะฟัะตะบะฐ โ88','11a0088@rigla.ru','+7 (8212) 24-61-60','167000, ะะพะผะธ ะะตัะฟ, ะกัะบััะฒะบะฐั ะณ, ะััะบะธะฝะฐ ัะป, ะดะพะผ โ 51','167000, ะะพะผะธ ะะตัะฟ, ะกัะบััะฒะบะฐั ะณ, ะััะบะธะฝะฐ ัะป, ะดะพะผ โ 51','๒Bi,ๆ๓\0%',NULL,'๘ณซ7Tๆญj\0%','',0,1),('O\06\'ฌนไ\0%','ะะฟัะตะบะฐ โ10','11a0012@rigla.ru','+7 (82139) 2-36-59','169200, ะะพะผะธ ะะตัะฟ, ะะฝัะถะฟะพะณะพัััะบะธะน ั-ะฝ, ะะผะฒะฐ ะณ, ะะทะตัะถะธะฝัะบะพะณะพ ัะป, ะดะพะผ โ 68','169200, ะะพะผะธ ะะตัะฟ, ะะฝัะถะฟะพะณะพัััะบะธะน ั-ะฝ, ะะผะฒะฐ ะณ, ะะทะตัะถะธะฝัะบะพะณะพ ัะป, ะดะพะผ โ 68','๒Bi,ๆ๓\0%',NULL,'๘ณซ/Tๆญj\0%','',0,1),('O2Wห	ๅงช\0%','ะกะบะปะฐะด','','','167000, ะะพะผะธ ะะตัะฟ, ะกัะบััะฒะบะฐั ะณ, ะะฐัะฐะถะฝะฐั ัะป, ะดะพะผ โ 25','167000, ะะพะผะธ ะะตัะฟ, ะกัะบััะฒะบะฐั ะณ, ะะฐัะฐะถะฝะฐั ัะป, ะดะพะผ โ 25','๚แนฟๅงช\0%',NULL,'๘ณซ7Tๆญj\0%','',0,1),('O2W!ห	ๅงช\0%','ะัะธั','','','167000, ะะพะผะธ ะะตัะฟ, ะกัะบััะฒะบะฐั ะณ, ะะฐัะฐะถะฝะฐั ัะป, ะดะพะผ โ 9, ะพัะธั 113','167000, ะะพะผะธ ะะตัะฟ, ะกัะบััะฒะบะฐั ะณ, ะะฐัะฐะถะฝะฐั ัะป, ะดะพะผ โ 9, ะพัะธั 113','๚แนฟๅงช\0%',NULL,'๘ณซ7Tๆญj\0%','',0,1),('OldBๆ๓\0%','ะะะ ะคะะะะะ','','','167000, ะะพะผะธ ะะตัะฟ, ะกัะบััะฒะบะฐั ะณ, 1-ั ะัะพะผััะปะตะฝะฝะฐั ัะป, ะดะพะผ โ 72','167000, ะะพะผะธ ะะตัะฟ, ะกัะบััะฒะบะฐั ะณ, 1-ั ะัะพะผััะปะตะฝะฝะฐั ัะป, ะดะพะผ โ 72','!yบๅงช\0%',NULL,'๘ณซ7Tๆญj\0%','',0,1),('SHฌยไ\0%','ะะฟัะตะบะฐ โ8','11a0008@rigla.ru','+7 (912) 154-40-50','167026, ะะพะผะธ ะะตัะฟ, ะกัะบััะฒะบะฐั ะณ, ะัะผะฐะถะฝะธะบะพะฒ ะฟั-ะบั, ะดะพะผ โ 2','167026, ะะพะผะธ ะะตัะฟ, ะกัะบััะฒะบะฐั ะณ, ะัะผะฐะถะฝะธะบะพะฒ ะฟั-ะบั, ะดะพะผ โ 2','๒Bi,ๆ๓\0%',NULL,'๘ณซ7Tๆญj\0%','',0,1),('SHฌยไ\0%','ะะฟัะตะบะฐ โ100','11a0100@rigla.ru','+7 (81837) 2-05-50','165300, ะััะฐะฝะณะตะปััะบะฐั ะพะฑะป, ะะพัะปะฐััะบะธะน ั-ะฝ, ะะพัะปะฐั ะณ, ะัะทะฝะตัะพะฒะฐ ัะป, ะดะพะผ โ 17','165300, ะััะฐะฝะณะตะปััะบะฐั ะพะฑะป, ะะพัะปะฐััะบะธะน ั-ะฝ, ะะพัะปะฐั ะณ, ะัะทะฝะตัะพะฒะฐ ัะป, ะดะพะผ โ 17','๒Bi,ๆ๓\0%',NULL,'9nฐบฮๆ๓\0%','',0,1),('SHฌยไ\0%','ะะฟัะตะบะฐ โ101','11a0101@rigla.ru','+7 (81837) 3-35-34','165300, ะััะฐะฝะณะตะปััะบะฐั ะพะฑะป, ะะพัะปะฐััะบะธะน ั-ะฝ, ะะพัะปะฐั ะณ, ะะธัะฐ ะฟั-ะบั, ะดะพะผ โ 18','165300, ะััะฐะฝะณะตะปััะบะฐั ะพะฑะป, ะะพัะปะฐััะบะธะน ั-ะฝ, ะะพัะปะฐั ะณ, ะะธัะฐ ะฟั-ะบั, ะดะพะผ โ 18','๒Bi,ๆ๓\0%',NULL,'9nฐบฮๆ๓\0%','',0,1),('SHฌยไ\0%','ะฆะตะฝััะฐะปัะฝัะน ะพัะธั','','','167000, ะะพะผะธ ะะตัะฟ, ะกัะบััะฒะบะฐั ะณ, ะะฝัะตัะฝะฐัะธะพะฝะฐะปัะฝะฐั ัะป, ะดะพะผ โ 133','167000, ะะพะผะธ ะะตัะฟ, ะกัะบััะฒะบะฐั ะณ, ะะฝัะตัะฝะฐัะธะพะฝะฐะปัะฝะฐั ัะป, ะดะพะผ โ 133','๒Bi,ๆ๓\0%',NULL,'๘ณซ7Tๆญj\0%','',0,1),('`ิcxPๅR\0%','ะะฟัะตะบะฐ โ3152','','+7 (82149) 5-40-44','169500, ะะพะผะธ ะะตัะฟ, ะกะพัะฝะพะณะพััะบ ะณ, 6-ะน ะผะบั, ะดะพะผ โ 7','169500, ะะพะผะธ ะะตัะฟ, ะกะพัะฝะพะณะพััะบ ะณ, 6-ะน ะผะบั, ะดะพะผ โ 7','ฎ45^ผๆ๓\0%',NULL,')N๚nๆ๓\0%','',0,1),('`ิcPๅR\0%','ะะฟัะตะบะฐ โ3154','','31-23-14','167031, ะะพะผะธ ะะตัะฟ, ะกัะบััะฒะบะฐั ะณ, ะะฐัะปะฐ ะะฐัะบัะฐ ัะป, ะดะพะผ โ 172','167031, ะะพะผะธ ะะตัะฟ, ะกัะบััะฒะบะฐั ะณ, ะะฐัะปะฐ ะะฐัะบัะฐ ัะป, ะดะพะผ โ 172','ฎ45^ผๆ๓\0%',NULL,'๘ณซ7Tๆญj\0%','',0,1),('df:ฌ9ไ\0%','ะะฟัะตะบะฐ โ3101','11a0001@rigla.ru','+7 (8212) 24-00-84','167000, ะะพะผะธ ะะตัะฟ, ะกัะบััะฒะบะฐั ะณ, ะะตะฝะธะฝะฐ ัะป, ะดะพะผ โ 43','167000, ะะพะผะธ ะะตัะฟ, ะกัะบััะฒะบะฐั ะณ, ะะตะฝะธะฝะฐ ัะป, ะดะพะผ โ 43','ฎ45^ผๆ๓\0%',NULL,'๘ณซ7Tๆญj\0%','',0,1),('dfCฌ9ไ\0%','ะะฟัะตะบะฐ โ3103','11a0103@rigla.ru','+7 (8212) 24-14-39','167000, ะะพะผะธ ะะตัะฟ, ะกัะบััะฒะบะฐั ะณ, ะะฟะปะตัะฝะธะฝะฐ ัะป, ะดะพะผ โ 1','167000, ะะพะผะธ ะะตัะฟ, ะกัะบััะฒะบะฐั ะณ, ะะฟะปะตัะฝะธะฝะฐ ัะป, ะดะพะผ โ 1','ฎ45^ผๆ๓\0%',NULL,'๘ณซ7Tๆญj\0%','',0,1),('dfJฌ9ไ\0%','ะะฟัะตะบะฐ โ3105','11a0005@rigla.ru','+7 (8212) 43-23-63','167023, ะะพะผะธ ะะตัะฟ, ะกัะบััะฒะบะฐั ะณ, ะะพะผะผัะฝะธััะธัะตัะบะฐั ัะป, ะดะพะผ โ 88','167023, ะะพะผะธ ะะตัะฟ, ะกัะบััะฒะบะฐั ะณ, ะะพะผะผัะฝะธััะธัะตัะบะฐั ัะป, ะดะพะผ โ 88','ฎ45^ผๆ๓\0%',NULL,'๘ณซ7Tๆญj\0%','',0,1),('dfQฌ9ไ\0%','ะะฟัะตะบะฐ โ3109','','+7 (8212) 24-43-31','167001, ะะพะผะธ ะะตัะฟ, ะกัะบััะฒะบะฐั ะณ, ะะพะผะผัะฝะธััะธัะตัะบะฐั ัะป, ะดะพะผ โ 34','167001, ะะพะผะธ ะะตัะฟ, ะกัะบััะฒะบะฐั ะณ, ะะพะผะผัะฝะธััะธัะตัะบะฐั ัะป, ะดะพะผ โ 34','ฎ45^ผๆ๓\0%',NULL,'๘ณซ7Tๆญj\0%','',0,1),('dfTฌ9ไ\0%','ะะฟัะตะบะฐ โ3111','11a0003@rigla.ru','+7 (8212) 20-14-07','167000, ะะพะผะธ ะะตัะฟ, ะกัะบััะฒะบะฐั ะณ, ะะตะฝะธะฝะฐ ัะป, ะดะพะผ โ 41','167000, ะะพะผะธ ะะตัะฟ, ะกัะบััะฒะบะฐั ะณ, ะะตะฝะธะฝะฐ ัะป, ะดะพะผ โ 41','ฎ45^ผๆ๓\0%',NULL,'๘ณซ7Tๆญj\0%','',0,1),('df[ฌ9ไ\0%','ะะฟัะตะบะฐ โ3119','11a0019@rigla.ru','+7 (8212) 51-64-02','167981, ะะพะผะธ ะะตัะฟ, ะกัะบััะฒะบะฐั ะณ, ะขะตะฝััะบะพะฒัะบะฐั ัะป, ะดะพะผ โ 81','167981, ะะพะผะธ ะะตัะฟ, ะกัะบััะฒะบะฐั ะณ, ะขะตะฝััะบะพะฒัะบะฐั ัะป, ะดะพะผ โ 81','ฎ45^ผๆ๓\0%',NULL,'๘ณซ7Tๆญj\0%','',0,1),('dfbฌ9ไ\0%','ะะฟัะตะบะฐ โ3121','11a0021@rigla.ru','+7 (8212) 62-83-31','167000, ะะพะผะธ ะะตัะฟ, ะกัะบััะฒะบะฐั ะณ, ะะธัะฐ ัะป, ะดะพะผ โ 11/1','167000, ะะพะผะธ ะะตัะฟ, ะกัะบััะฒะบะฐั ะณ, ะะธัะฐ ัะป, ะดะพะผ โ 11/1','ฎ45^ผๆ๓\0%',NULL,'๘ณซ7Tๆญj\0%','',0,1),('dfiฌ9ไ\0%','ะะฟัะตะบะฐ โ3123','11a0023@rigla.ru','+7 (8212) 22-83-85','167009, ะะพะผะธ ะะตัะฟ, ะกัะบััะฒะบะฐั ะณ, ะะพััะบะตัะพััะบะฐั ัะป, ะดะพะผ โ 9','167009, ะะพะผะธ ะะตัะฟ, ะกัะบััะฒะบะฐั ะณ, ะะพััะบะตัะพััะบะฐั ัะป, ะดะพะผ โ 9','ฎ45^ผๆ๓\0%',NULL,'๘ณซ7Tๆญj\0%','',0,1),('dfpฌ9ไ\0%','ะะฟัะตะบะฐ โ3124','11a0024@rigla.ru','+7 (8212) 31-19-64','167001, ะะพะผะธ ะะตัะฟ, ะกัะบััะฒะบะฐั ะณ, ะะพะผะผัะฝะธััะธัะตัะบะฐั ัะป, ะดะพะผ โ 53','167001, ะะพะผะธ ะะตัะฟ, ะกัะบััะฒะบะฐั ะณ, ะะพะผะผัะฝะธััะธัะตัะบะฐั ัะป, ะดะพะผ โ 53','ฎ45^ผๆ๓\0%',NULL,'๘ณซ7Tๆญj\0%','',0,1),('dfwฌ9ไ\0%','ะะฟัะตะบะฐ โ3125','11a0025@rigla.ru','+7 (8212) 63-72-56','167019, ะะพะผะธ ะะตัะฟ, ะกัะบััะฒะบะฐั ะณ, ะะพะปะพะดะตะถะฝะฐั ัะป, ะดะพะผ โ 9','167019, ะะพะผะธ ะะตัะฟ, ะกัะบััะฒะบะฐั ะณ, ะะพะปะพะดะตะถะฝะฐั ัะป, ะดะพะผ โ 9','ฎ45^ผๆ๓\0%',NULL,'๘ณซ7Tๆญj\0%','',0,1),('fx\Zผ&*ๆ\0%','ะะฟัะตะบะฐ โ3160','','','169710, ะะพะผะธ ะะตัะฟ, ะฃัะธะฝัะบ ะณ, ะะตัััะฝะธะบะพะฒ ัะป, ะดะพะผ โ 42','169710, ะะพะผะธ ะะตัะฟ, ะฃัะธะฝัะบ ะณ, ะะตัััะฝะธะบะพะฒ ัะป, ะดะพะผ โ 42','ฎ45^ผๆ๓\0%',NULL,')N๚nๆ๓\0%','',0,1),('fx\Zพ&*ๆ\0%','ะะฟัะตะบะฐ โ3161','','','169200, ะะพะผะธ ะะตัะฟ, ะะฝัะถะฟะพะณะพัััะบะธะน ั-ะฝ, ะะผะฒะฐ ะณ, ะะพะผะผัะฝะธััะธัะตัะบะฐั ัะป, ะดะพะผ โ 29','169200, ะะพะผะธ ะะตัะฟ, ะะฝัะถะฟะพะณะพัััะบะธะน ั-ะฝ, ะะผะฒะฐ ะณ, ะะพะผะผัะฝะธััะธัะตัะบะฐั ัะป, ะดะพะผ โ 29','ฎ45^ผๆ๓\0%',NULL,')N๚nๆ๓\0%','',0,1),('fx\Zภ&*ๆ\0%','ะะฟัะตะบะฐ โ3162','','','169600, ะะพะผะธ ะะตัะฟ, ะะตัะพัะฐ ะณ, ะะฐะณะฐัะธะฝะฐ ัะป, ะดะพะผ โ 39','169600, ะะพะผะธ ะะตัะฟ, ะะตัะพัะฐ ะณ, ะะฐะณะฐัะธะฝะฐ ัะป, ะดะพะผ โ 39','ฎ45^ผๆ๓\0%',NULL,')N๚nๆ๓\0%','',0,1),('i[tBLๅน!\0%','ะะฟัะตะบะฐ โ3155','','','169061, ะะพะผะธ ะะตัะฟ, ะฃััั-ะัะผัะบะธะน ั-ะฝ, ะะธะบัะฝั ะณ, ะะธะพะฝะตััะบะฐั ัะป, ะดะพะผ โ 29','169061, ะะพะผะธ ะะตัะฟ, ะฃััั-ะัะผัะบะธะน ั-ะฝ, ะะธะบัะฝั ะณ, ะะธะพะฝะตััะบะฐั ัะป, ะดะพะผ โ 29','ฎ45^ผๆ๓\0%',NULL,')N๚nๆ๓\0%','',0,1),('ๆ<iณๆ๓\0%','ะัะฝะพะฒะฝะพะน ะพัะธั','','','167000, ะะพะผะธ ะะตัะฟ, ะกัะบััะฒะบะฐั ะณ, ะะตัะฒะพะผะฐะนัะบะฐั ัะป, ะดะพะผ โ 92','167000, ะะพะผะธ ะะตัะฟ, ะกัะบััะฒะบะฐั ะณ, ะะตัะฒะพะผะฐะนัะบะฐั ัะป, ะดะพะผ โ 92','ตัร๋ๅงช\0%',NULL,'๘ณซ7Tๆญj\0%','',0,1),('ๆBiณๆ๓\0%','ะัะฝะพะฒะฝะพะน ะพัะธั','','','167000, ะะพะผะธ ะะตัะฟ, ะกัะบััะฒะบะฐั ะณ, ะะพะผะผัะฝะธััะธัะตัะบะฐั ัะป, ะดะพะผ โ 4, ะพัะธั 412','167000, ะะพะผะธ ะะตัะฟ, ะกัะบััะฒะบะฐั ะณ, ะะพะผะผัะฝะธััะธัะตัะบะฐั ัะป, ะดะพะผ โ 4, ะพัะธั 412','ฉ$ฝๅงช\0%',NULL,'๘ณซ7Tๆญj\0%','',0,1),('ๆFiณๆ๓\0%','ะัะฝะพะฒะฝะพะน ะพัะธั','','','167981, ะะพะผะธ ะะตัะฟ, ะกัะบััะฒะบะฐั ะณ, ะขะตะฝััะบะพะฒัะบะฐั ัะป, ะดะพะผ โ 123','167981, ะะพะผะธ ะะตัะฟ, ะกัะบััะฒะบะฐั ะณ, ะขะตะฝััะบะพะฒัะบะฐั ัะป, ะดะพะผ โ 123','4Cภวๅงช\0%',NULL,'๘ณซ7Tๆญj\0%','',0,1),('ๆRiณๆ๓\0%','ะัะฝะพะฒะฝะพะน ะพัะธั','','','167000, ะะพะผะธ ะะตัะฟ, ะกัะบััะฒะบะฐั ะณ, ะะฐะฑััะบะธะฝะฐ ัะป, ะดะพะผ โ 4','167000, ะะพะผะธ ะะตัะฟ, ะกัะบััะฒะบะฐั ะณ, ะะฐะฑััะบะธะฝะฐ ัะป, ะดะพะผ โ 4','Sr<ฦaๅงช\0%',NULL,'๘ณซ7Tๆญj\0%','',0,1),('ๆXiณๆ๓\0%','ะัะฝะพะฒะฝะพะน ะพัะธั','','','167000, ะะพะผะธ ะะตัะฟ, ะกัะบััะฒะบะฐั ะณ, ะะตัะฒะพะผะฐะนัะบะฐั ัะป, ะดะพะผ โ 147','167000, ะะพะผะธ ะะตัะฟ, ะกัะบััะฒะบะฐั ะณ, ะะตัะฒะพะผะฐะนัะบะฐั ัะป, ะดะพะผ โ 147','Uซj\r๛ๆ&\0%',NULL,'๘ณซ7Tๆญj\0%','',0,1),('ๆ^iณๆ๓\0%','ะัะฝะพะฒะฝะพะน ะพัะธั','','','167026, ะะพะผะธ ะะตัะฟ, ะกัะบััะฒะบะฐั ะณ, ะะฐะปะธะฝะธะฝะฐ ัะป, ะดะพะผ โ 18','167026, ะะพะผะธ ะะตัะฟ, ะกัะบััะฒะบะฐั ะณ, ะะฐะปะธะฝะธะฝะฐ ัะป, ะดะพะผ โ 18','r:พๅงช\0%',NULL,'๘ณซ7Tๆญj\0%','',0,1),('ๆdiณๆ๓\0%','ะัะฝะพะฒะฝะพะน ะพัะธั','','','167005, ะะพะผะธ ะะตัะฟ, ะกัะบััะฒะบะฐั ะณ, ะะฐะปััะตะฒะฐ ัะป, ะดะพะผ โ 22','167005, ะะพะผะธ ะะตัะฟ, ะกัะบััะฒะบะฐั ะณ, ะะฐะปััะตะฒะฐ ัะป, ะดะพะผ โ 22','๚ดฝฑๅงช\0%',NULL,'๘ณซ7Tๆญj\0%','',0,1),('ๆjiณๆ๓\0%','ะัะฝะพะฒะฝะพะน ะพัะธั','','','167026, ะะพะผะธ ะะตัะฟ, ะกัะบััะฒะบะฐั ะณ, ะะฐัะบะพะฒัะบะพะณะพ ัะป, ะดะพะผ โ 3','167026, ะะพะผะธ ะะตัะฟ, ะกัะบััะฒะบะฐั ะณ, ะะฐัะบะพะฒัะบะพะณะพ ัะป, ะดะพะผ โ 3','|\ZQบฯ7ๅงช\0%',NULL,'๘ณซ7Tๆญj\0%','',0,1),('ๆriณๆ๓\0%','ะัะฝะพะฒะฝะพะน ะพัะธั','','','167026, ะะพะผะธ ะะตัะฟ, ะกัะบััะฒะบะฐั ะณ, ะัะผะฐะถะฝะธะบะพะฒ ะฟั-ะบั, ะดะพะผ โ 2','167026, ะะพะผะธ ะะตัะฟ, ะกัะบััะฒะบะฐั ะณ, ะัะผะฐะถะฝะธะบะพะฒ ะฟั-ะบั, ะดะพะผ โ 2','๊ฮปGๅงช\0%',NULL,'๘ณซ7Tๆญj\0%','',0,1),('ๆ{iณๆ๓\0%','ะัะฝะพะฒะฝะพะน ะพัะธั','','','167000, ะะพะผะธ ะะตัะฟ, ะกัะบััะฒะบะฐั ะณ, ะะฐัะฐะถะฝะฐั ัะป, ะดะพะผ โ 8','167000, ะะพะผะธ ะะตัะฟ, ะกัะบััะฒะบะฐั ะณ, ะะฐัะฐะถะฝะฐั ัะป, ะดะพะผ โ 8','๗\"ฟ3ๅงช\0%',NULL,'๘ณซ7Tๆญj\0%','',0,1),('ๅ๙:ๅน!\0%','ะะฟัะตะบะฐ โ3149','','+7 (8216) 72-11-23','169309, ะะพะผะธ ะะตัะฟ, ะฃััะฐ ะณ, ะะธะพะฝะตัะณะพััะบะธะน ะฟัะพะตะทะด, ะดะพะผ โ 3','169309, ะะพะผะธ ะะตัะฟ, ะฃััะฐ ะณ, ะะธะพะฝะตัะณะพััะบะธะน ะฟัะพะตะทะด, ะดะพะผ โ 3','ฎ45^ผๆ๓\0%',NULL,')N๚nๆ๓\0%','',0,1),('ค%ฃพtไO\0%','ะะฟัะตะบะฐ โ3139','','','169061, ะะพะผะธ ะะตัะฟ, ะฃััั-ะัะผัะบะธะน ั-ะฝ, ะะธะบัะฝั ะณ, ะะตะฝะธะฝะฐ ัะป, ะดะพะผ โ 34','169061, ะะพะผะธ ะะตัะฟ, ะฃััั-ะัะผัะบะธะน ั-ะฝ, ะะธะบัะฝั ะณ, ะะตะฝะธะฝะฐ ัะป, ะดะพะผ โ 34','ฎ45^ผๆ๓\0%',NULL,')N๚nๆ๓\0%','',0,1),('โสr.9ๆ\0%','ะฆะตะฝััะฐะปัะฝัะน ะพัะธั','','+7 (908) 717-70-21','167000, ะะพะผะธ ะะตัะฟ, ะกัะบััะฒะบะฐั ะณ, ะััะฐัะพะฒะฐ ัะป, ะดะพะผ โ 73/1, ะพัะธั 11','167000, ะะพะผะธ ะะตัะฟ, ะกัะบััะฒะบะฐั ะณ, ะััะฐัะพะฒะฐ ัะป, ะดะพะผ โ 73/1, ะพัะธั 11','Uซj\r๛ๆ&\0%',NULL,'๘ณซ7Tๆญj\0%','',0,1),('gtฌQไ\0%','ะะฟัะตะบะฐ โ3133','11a0033@rigla.ru','+7 (82142) 7-33-02','169600, ะะพะผะธ ะะตัะฟ, ะะตัะพัะฐ ะณ, ะะฐะณะฐัะธะฝะฐ ัะป, ะดะพะผ โ 34','169600, ะะพะผะธ ะะตัะฟ, ะะตัะพัะฐ ะณ, ะะฐะณะฐัะธะฝะฐ ัะป, ะดะพะผ โ 34','ฎ45^ผๆ๓\0%',NULL,')N๚nๆ๓\0%','',0,1),('g{ฌQไ\0%','ะะฟัะตะบะฐ โ3134','11a0034@rigla.ru','+7 (82142) 3-70-06','169601, ะะพะผะธ ะะตัะฟ, ะะตัะพัะฐ ะณ, ะกััะพะธัะตะปัะฝะฐั ัะป, ะดะพะผ โ 19','169601, ะะพะผะธ ะะตัะฟ, ะะตัะพัะฐ ะณ, ะกััะพะธัะตะปัะฝะฐั ัะป, ะดะพะผ โ 19','ฎ45^ผๆ๓\0%',NULL,')N๚nๆ๓\0%','',0,1),('gฌQไ\0%','ะะฟัะตะบะฐ โ3135','11a0035@rigla.ru','+7 (82142) 7-52-06','169606, ะะพะผะธ ะะตัะฟ, ะะตัะพัะฐ ะณ, ะะพะผัะพะผะพะปััะบะฐั ัะป, ะดะพะผ โ 19ะฐ','169606, ะะพะผะธ ะะตัะฟ, ะะตัะพัะฐ ะณ, ะะพะผัะพะผะพะปััะบะฐั ัะป, ะดะพะผ โ 19ะฐ','ฎ45^ผๆ๓\0%',NULL,')N๚nๆ๓\0%','',0,1),('gฌQไ\0%','ะะฟัะตะบะฐ โ3136','11a0036@rigla.ru','+7 (8212) 32-88-98','167001, ะะพะผะธ ะะตัะฟ, ะกัะบััะฒะบะฐั ะณ, ะะพะผะผัะฝะธััะธัะตัะบะฐั ัะป, ะดะพะผ โ 37','167001, ะะพะผะธ ะะตัะฟ, ะกัะบััะฒะบะฐั ะณ, ะะพะผะผัะฝะธััะธัะตัะบะฐั ัะป, ะดะพะผ โ 37','ฎ45^ผๆ๓\0%',NULL,'๘ณซ7Tๆญj\0%','',0,1),('gฌQไ\0%','ะะฟัะตะบะฐ โ3138','11a0038@rigla.ru','+7 (8212) 31-23-09','167023, ะะพะผะธ ะะตัะฟ, ะกัะบััะฒะบะฐั ะณ, ะะพะผะผัะฝะธััะธัะตัะบะฐั ัะป, ะดะพะผ โ 65','167023, ะะพะผะธ ะะตัะฟ, ะกัะบััะฒะบะฐั ะณ, ะะพะผะผัะฝะธััะธัะตัะบะฐั ัะป, ะดะพะผ โ 65','ฎ45^ผๆ๓\0%',NULL,'๘ณซ7Tๆญj\0%','',0,1),('gฌQไ\0%','ะะฟัะตะบะฐ โ3132','','','169606, ะะพะผะธ ะะตัะฟ, ะะตัะพัะฐ ะณ, ะกะพะฒะตััะบะฐั ัะป, ะดะพะผ โ 39','169606, ะะพะผะธ ะะตัะฟ, ะะตัะพัะฐ ะณ, ะกะพะฒะตััะบะฐั ัะป, ะดะพะผ โ 39','ฎ45^ผๆ๓\0%',NULL,')N๚nๆ๓\0%','',0,1),('gฌQไ\0%','ะะฟัะตะบะฐ โ3140','11a0040@rigla.ru','+7 (8212) 24-35-35','167000, ะะพะผะธ ะะตัะฟ, ะกัะบััะฒะบะฐั ะณ, ะะพะผะผัะฝะธััะธัะตัะบะฐั ัะป, ะดะพะผ โ 18','167000, ะะพะผะธ ะะตัะฟ, ะกัะบััะฒะบะฐั ะณ, ะะพะผะผัะฝะธััะธัะตัะบะฐั ัะป, ะดะพะผ โ 18','ฎ45^ผๆ๓\0%',NULL,'๘ณซ7Tๆญj\0%','',0,1),('gฌQไ\0%','ะะฟัะตะบะฐ โ3141','11a0041@rigla.ru','+7 (8212) 21-56-04','167000, ะะพะผะธ ะะตัะฟ, ะกัะบััะฒะบะฐั ะณ, ะััะฐัะพะฒะฐ ัะป, ะดะพะผ โ 37','167000, ะะพะผะธ ะะตัะฟ, ะกัะบััะฒะบะฐั ะณ, ะััะฐัะพะฒะฐ ัะป, ะดะพะผ โ 37','ฎ45^ผๆ๓\0%',NULL,'๘ณซ7Tๆญj\0%','',0,1),('gคฌQไ\0%','ะะฟัะตะบะฐ โ3142','11a0042@rigla.ru','+7 (8212) 62-44-79','167021, ะะพะผะธ ะะตัะฟ, ะกัะบััะฒะบะฐั ะณ, ะัะผะฐะถะฝะธะบะพะฒ ะฟั-ะบั, ะดะพะผ โ 32','167021, ะะพะผะธ ะะตัะฟ, ะกัะบััะฒะบะฐั ะณ, ะัะผะฐะถะฝะธะบะพะฒ ะฟั-ะบั, ะดะพะผ โ 32','ฎ45^ผๆ๓\0%',NULL,'๘ณซ7Tๆญj\0%','',0,1),('gจฌQไ\0%','ะะฟัะตะบะฐ โ3143','11a0043@rigla.ru','','169312, ะะพะผะธ ะะตัะฟ, ะฃััะฐ ะณ, ะะตะฝะธะฝะฐ ะฟั-ะบั, ะดะพะผ โ 41','169312, ะะพะผะธ ะะตัะฟ, ะฃััะฐ ะณ, ะะตะฝะธะฝะฐ ะฟั-ะบั, ะดะพะผ โ 41','ฎ45^ผๆ๓\0%',NULL,')N๚nๆ๓\0%','',0,1),('gซฌQไ\0%','ะะฟัะตะบะฐ โ3144','11a0044@rigla.ru','+7 (82144) 4-27-62','169711, ะะพะผะธ ะะตัะฟ, ะฃัะธะฝัะบ ะณ, ะกััะพะธัะตะปะตะน ัะป, ะดะพะผ โ 13','169711, ะะพะผะธ ะะตัะฟ, ะฃัะธะฝัะบ ะณ, ะกััะพะธัะตะปะตะน ัะป, ะดะพะผ โ 13','ฎ45^ผๆ๓\0%',NULL,')N๚nๆ๓\0%','',0,1),('gฑฌQไ\0%','ะะฟัะตะบะฐ โ3145','','+7 (8212) 21-69-87','167000, ะะพะผะธ ะะตัะฟ, ะกัะบััะฒะบะฐั ะณ, ะะตะฝะธะฝะฐ ัะป, ะดะพะผ โ 30','167000, ะะพะผะธ ะะตัะฟ, ะกัะบััะฒะบะฐั ะณ, ะะตะฝะธะฝะฐ ัะป, ะดะพะผ โ 30','ฎ45^ผๆ๓\0%',NULL,'๘ณซ7Tๆญj\0%','',0,1),('gณฌQไ\0%','ะฆะตะฝััะฐะปัะฝัะน ะพัะธั','','','167000, ะะพะผะธ ะะตัะฟ, ะกัะบััะฒะบะฐั ะณ, ะะฝัะตัะฝะฐัะธะพะฝะฐะปัะฝะฐั ัะป, ะดะพะผ โ 133','167000, ะะพะผะธ ะะตัะฟ, ะกัะบััะฒะบะฐั ะณ, ะะฝัะตัะฝะฐัะธะพะฝะฐะปัะฝะฐั ัะป, ะดะพะผ โ 133','ฎ45^ผๆ๓\0%',NULL,'๘ณซ7Tๆญj\0%','',0,1),('ฐฉU_ๅR\0%','ะะฟัะตะบะฐ โ3151','','+7 (82142) 3-03-88','169600, ะะพะผะธ ะะตัะฟ, ะะตัะพัะฐ ะณ, ะัะปะณะฐะบะพะฒะพะน ัะป, ะดะพะผ โ 15','169600, ะะพะผะธ ะะตัะฟ, ะะตัะพัะฐ ะณ, ะัะปะณะฐะบะพะฒะพะน ัะป, ะดะพะผ โ 15','ฎ45^ผๆ๓\0%',NULL,')N๚nๆ๓\0%','',0,1),('&R.ๆญj\0%','ะฆะตะฝััะฐะปัะฝัะน ะพัะธั','','','167000, ะะพะผะธ ะะตัะฟ, ะกัะบััะฒะบะฐั ะณ, ะะฐัะฐะถะฝะฐั ัะป, ะดะพะผ โ 9, ะพัะธั 103','167000, ะะพะผะธ ะะตัะฟ, ะกัะบััะฒะบะฐั ะณ, ะะฐัะฐะถะฝะฐั ัะป, ะดะพะผ โ 9, ะพัะธั 103','๚ฺนฟๅงช\0%',NULL,'๘ณซ7Tๆญj\0%','',0,1),('คFฌnทrไ\0%','ะะฟัะตะบะฐ โ3147','','','167021, ะะพะผะธ ะะตัะฟ, ะกัะบััะฒะบะฐั ะณ, ะะตัะตะฝะฝัั ัะป, ะดะพะผ โ 4','167021, ะะพะผะธ ะะตัะฟ, ะกัะบััะฒะบะฐั ะณ, ะะตัะตะฝะฝัั ัะป, ะดะพะผ โ 4','ฎ45^ผๆ๓\0%',NULL,'๘ณซ7Tๆญj\0%','',0,1),('คFฌrทrไ\0%','ะะฟัะตะบะฐ โ3146','','','168060, ะะพะผะธ ะะตัะฟ, ะฃััั-ะัะปะพะผัะบะธะน ั-ะฝ, ะฃััั-ะัะปะพะผ ั, ะกะพะฒะตััะบะฐั ัะป, ะดะพะผ โ 44-ะฑ','168060, ะะพะผะธ ะะตัะฟ, ะฃััั-ะัะปะพะผัะบะธะน ั-ะฝ, ะฃััั-ะัะปะพะผ ั, ะกะพะฒะตััะบะฐั ัะป, ะดะพะผ โ 44-ะฑ','ฎ45^ผๆ๓\0%',NULL,')N๚nๆ๓\0%','',0,1),('คFฌtทrไ\0%','ะะฟัะตะบะฐ โ102','','','165340, ะััะฐะฝะณะตะปััะบะฐั ะพะฑะป, ะะพัะปะฐััะบะธะน ั-ะฝ, ะะพัะปะฐั ะณ, ะััะตะณะพะดัะบะธะน ะฟะณั, ะขะตะฐััะฐะปัะฝะฐั ัะป, ะดะพะผ โ 15-ะฐ','165340, ะััะฐะฝะณะตะปััะบะฐั ะพะฑะป, ะะพัะปะฐััะบะธะน ั-ะฝ, ะะพัะปะฐั ะณ, ะััะตะณะพะดัะบะธะน ะฟะณั, ะขะตะฐััะฐะปัะฝะฐั ัะป, ะดะพะผ โ 15-ะฐ','๒Bi,ๆ๓\0%',NULL,'9nฐบฮๆ๓\0%','',0,1),('ต~ฦ:ๆ\0%','ะัะฝะพะฒะฝะพะน ะพัะธั','','','167000, ะะพะผะธ ะะตัะฟ, ะกัะบััะฒะบะฐั ะณ, ะะตัะฒะพะผะฐะนัะบะฐั ัะป, ะดะพะผ โ 125','167000, ะะพะผะธ ะะตัะฟ, ะกัะบััะฒะบะฐั ะณ, ะะตัะฒะพะผะฐะนัะบะฐั ัะป, ะดะพะผ โ 125','rCพmๅงช\0%',NULL,'๘ณซ7Tๆญj\0%','',0,1),('ปsแ\n จๆ\0%','ะะะค-ะกััะฐัะพะฒะฐะฝะธะต ะถะธะทะฝะธ','','+7 (8212) 30-28-15','167000, ะะพะผะธ ะะตัะฟ, ะกัะบััะฒะบะฐั ะณ, ะะตะฝะธะฝะฐ ัะป, ะดะพะผ โ 32','167000, ะะพะผะธ ะะตัะฟ, ะกัะบััะฒะบะฐั ะณ, ะะตะฝะธะฝะฐ ัะป, ะดะพะผ โ 32','ปsแ จๆ\0%',NULL,'๘ณซ7Tๆญj\0%','',0,1),('รc$กๅ&\0%','ะะฟัะตะบะฐ โ3159','','','169534, ะะพะผะธ ะะตัะฟ, ะกะพัะฝะพะณะพััะบ ะณ, ะะพะนะฒะพะถ ะฟะณั, ะะพะผัะพะผะพะปััะบะฐั ัะป, ะดะพะผ โ 6ะฐ','169534, ะะพะผะธ ะะตัะฟ, ะกะพัะฝะพะณะพััะบ ะณ, ะะพะนะฒะพะถ ะฟะณั, ะะพะผัะพะผะพะปััะบะฐั ัะป, ะดะพะผ โ 6ะฐ','ฎ45^ผๆ๓\0%',NULL,')N๚nๆ๓\0%','',0,1),('อI#ฉๅ๕\0%','ะะฟัะตะบะฐ โ3150','','36-57-09','167001, ะะพะผะธ ะะตัะฟ, ะกัะบััะฒะบะฐั ะณ, ะะพะผะผัะฝะธััะธัะตัะบะฐั ัะป, ะดะพะผ โ 31','167001, ะะพะผะธ ะะตัะฟ, ะกัะบััะฒะบะฐั ะณ, ะะพะผะผัะฝะธััะธัะตัะบะฐั ัะป, ะดะพะผ โ 31','ฎ45^ผๆ๓\0%',NULL,'๘ณซ7Tๆญj\0%','',0,1),('ำ#Z\'ๆญj\0%','ะกะตัะฒะตัะฝะฐั ะ149','','','167000, ะะพะผะธ ะะตัะฟ, ะกัะบััะฒะบะฐั ะณ, ะะตัะฒะพะผะฐะนัะบะฐั ัะป, ะดะพะผ โ 149','167000, ะะพะผะธ ะะตัะฟ, ะกัะบััะฒะบะฐั ะณ, ะะตัะฒะพะผะฐะนัะบะฐั ัะป, ะดะพะผ โ 149','ำ#Z\'ๆญj\0%',NULL,'๘ณซ7Tๆญj\0%','',0,1),('ู)ุ๒iตๆ๓\0%','ะัะฝะพะฒะฝะพะน ะพัะธั','','','167000, ะะพะผะธ ะะตัะฟ, ะกัะบััะฒะบะฐั ะณ, ะกััะพะปััะบะพะต ั, ะดะพะผ โ 7/11','167000, ะะพะผะธ ะะตัะฟ, ะกัะบััะฒะบะฐั ะณ, ะกััะพะปััะบะพะต ั, ะดะพะผ โ 7/11','x@งภๅงช\0%',NULL,'๘ณซ7Tๆญj\0%','',0,1),('ู)ูiตๆ๓\0%','ะัะฝะพะฒะฝะพะน ะพัะธั','','','167000, ะะพะผะธ ะะตัะฟ, ะกัะบััะฒะบะฐั ะณ, ะะฐะฑััะบะธะฝะฐ ัะป, ะดะพะผ โ 22, ะพัะธั 418','167000, ะะพะผะธ ะะตัะฟ, ะกัะบััะฒะบะฐั ะณ, ะะฐะฑััะบะธะฝะฐ ัะป, ะดะพะผ โ 22, ะพัะธั 418','Srฦaๅงช\0%',NULL,'๘ณซ7Tๆญj\0%','',0,1),('ู)ูiตๆ๓\0%','ะัะฝะพะฒะฝะพะน ะพัะธั','','','167026, ะะพะผะธ ะะตัะฟ, ะกัะบััะฒะบะฐั ะณ, ะะฐะปะธะฝะธะฝะฐ ัะป, ะดะพะผ โ 18','167026, ะะพะผะธ ะะตัะฟ, ะกัะบััะฒะบะฐั ะณ, ะะฐะปะธะฝะธะฝะฐ ัะป, ะดะพะผ โ 18','๚ดฝฑๅงช\0%',NULL,'๘ณซ7Tๆญj\0%','',0,1),('ู)ูiตๆ๓\0%','ะัะฝะพะฒะฝะพะน ะพัะธั','','','167000, ะะพะผะธ ะะตัะฟ, ะกัะบััะฒะบะฐั ะณ, ะกัะฐะฝัะธะพะฝะฝะฐั ัะป, ะดะพะผ โ 144','167000, ะะพะผะธ ะะตัะฟ, ะกัะบััะฒะบะฐั ะณ, ะกัะฐะฝัะธะพะฝะฝะฐั ัะป, ะดะพะผ โ 144','๚ดฝฑๅงช\0%',NULL,'๘ณซ7Tๆญj\0%','',0,1),('7Y<6ๆ\0%','ะะฟัะตะบะฐ โ3164','','','169523, ะะพะผะธ ะะตัะฟ, ะกะพัะฝะพะณะพััะบ ะณ, ะะธะถะฝะธะน ะะดะตั ะฟะณั, ะะตะฝะธะฝะฐ ัะป, ะดะพะผ โ 14','169523, ะะพะผะธ ะะตัะฟ, ะกะพัะฝะพะณะพััะบ ะณ, ะะธะถะฝะธะน ะะดะตั ะฟะณั, ะะตะฝะธะฝะฐ ัะป, ะดะพะผ โ 14','ฎ45^ผๆ๓\0%',NULL,')N๚nๆ๓\0%','',0,1),('้D ฝๅ๕\0%','ะะฟัะตะบะฐ โ103','','(81837) 2-10-50','165300, ะััะฐะฝะณะตะปััะบะฐั ะพะฑะป, ะะพัะปะฐััะบะธะน ั-ะฝ, ะะพัะปะฐั ะณ, ะัะทะฝะตัะพะฒะฐ ัะป, ะดะพะผ โ 5','165300, ะััะฐะฝะณะตะปััะบะฐั ะพะฑะป, ะะพัะปะฐััะบะธะน ั-ะฝ, ะะพัะปะฐั ะณ, ะัะทะฝะตัะพะฒะฐ ัะป, ะดะพะผ โ 5','๒Bi,ๆ๓\0%',NULL,'9nฐบฮๆ๓\0%','',0,1),('๑Vชx}ๅR\0%','ะััะฝะพั','','','167000, ะะพะผะธ ะะตัะฟ, ะกัะบััะฒะบะฐั ะณ, ะััะฝะพั ะผ, ะดะพะผ โ 3','167000, ะะพะผะธ ะะตัะฟ, ะกัะบััะฒะบะฐั ะณ, ะััะฝะพั ะผ, ะดะพะผ โ 3','bฝSwฬๅR\0%',NULL,'๘ณซ7Tๆญj\0%','',0,1),('๑Vฌx}ๅR\0%','ะะตัะพะฟะฐัะบะพะฒะฐั','','','167000, ะะพะผะธ ะะตัะฟ, ะกัะบััะฒะบะฐั ะณ, ะะตัะพะฟะฐัะบะพะฒะฐั ัะป, ะดะพะผ โ 26','167000, ะะพะผะธ ะะตัะฟ, ะกัะบััะฒะบะฐั ะณ, ะะตัะพะฟะฐัะบะพะฒะฐั ัะป, ะดะพะผ โ 26','bฝSwฬๅR\0%',NULL,'๘ณซ7Tๆญj\0%','',0,1),('๑Vฎx}ๅR\0%','ะกััะพะปััะบะพะต ัะพััะต','','','167000, ะะพะผะธ ะะตัะฟ, ะกัะบััะฒะบะฐั ะณ, ะกััะพะปััะบะพะต ั, ะดะพะผ โ 7/10','167000, ะะพะผะธ ะะตัะฟ, ะกัะบััะฒะบะฐั ะณ, ะกััะพะปััะบะพะต ั, ะดะพะผ โ 7/10','bฝSwฬๅR\0%',NULL,'๘ณซ7Tๆญj\0%','',0,1),('๒Bi,ๆ๓\0%','ะะฟัะตะบะฐ โ109','','','163059, ะััะฐะฝะณะตะปััะบะฐั ะพะฑะป, ะััะฐะฝะณะตะปััะบ ะณ, ะะฐะปะธะฝะพะฒัะบะพะณะพ ัะป, ะดะพะผ โ 10','163059, ะััะฐะฝะณะตะปััะบะฐั ะพะฑะป, ะััะฐะฝะณะตะปััะบ ะณ, ะะฐะปะธะฝะพะฒัะบะพะณะพ ัะป, ะดะพะผ โ 10','๒Bi,ๆ๓\0%',NULL,'9nฐอฮๆ๓\0%','',0,1),('๒ส2?wๆทบ\0%','ะะฟัะตะบะฐ โ3165','','','167001, ะะพะผะธ ะะตัะฟ, ะกัะบััะฒะบะฐั ะณ, ะะบััะฑัััะบะธะน ะฟั-ะบั, ะดะพะผ โ 53','167001, ะะพะผะธ ะะตัะฟ, ะกัะบััะฒะบะฐั ะณ, ะะบััะฑัััะบะธะน ะฟั-ะบั, ะดะพะผ โ 53','ฎ45^ผๆ๓\0%',NULL,'๘ณซ7Tๆญj\0%','',0,1),('ฉฟคศๅงช\0%','ะะฟัะตะบะฐ โ105','','','164901, ะััะฐะฝะณะตะปััะบะฐั ะพะฑะป, ะะพะฒะพะดะฒะธะฝัะบ ะณ, ะัะพะปะตัะฐััะบะฐั ัะป, ะดะพะผ โ 61','164901, ะััะฐะฝะณะตะปััะบะฐั ะพะฑะป, ะะพะฒะพะดะฒะธะฝัะบ ะณ, ะัะพะปะตัะฐััะบะฐั ัะป, ะดะพะผ โ 61','๒Bi,ๆ๓\0%',NULL,'9nฐอฮๆ๓\0%','',0,1),('ฉยคศๅงช\0%','ะะฟัะตะบะฐ โ3157','','','168180, ะะพะผะธ ะะตัะฟ, ะกัะบััะฒะดะธะฝัะบะธะน ั-ะฝ, ะะตะปะตะฝะตั ั, 2-ะน ะบะฒะฐััะฐะป, ะดะพะผ โ 13ะ','168180, ะะพะผะธ ะะตัะฟ, ะกัะบััะฒะดะธะฝัะบะธะน ั-ะฝ, ะะตะปะตะฝะตั ั, 2-ะน ะบะฒะฐััะฐะป, ะดะพะผ โ 13ะ','ฎ45^ผๆ๓\0%',NULL,'๘ณซ7Tๆญj\0%','',0,1),('ฉฤคศๅงช\0%','ะะฟัะตะบะฐ โ3158','','','167000, ะะพะผะธ ะะตัะฟ, ะกัะบััะฒะบะฐั ะณ, ะะพะผะผัะฝะธััะธัะตัะบะฐั ัะป, ะดะพะผ โ 91','167000, ะะพะผะธ ะะตัะฟ, ะกัะบััะฒะบะฐั ะณ, ะะพะผะผัะฝะธััะธัะตัะบะฐั ัะป, ะดะพะผ โ 91','ฎ45^ผๆ๓\0%',NULL,'๘ณซ7Tๆญj\0%','',0,1);
/*!40000 ALTER TABLE `contractDivisions` ENABLE KEYS */;
UNLOCK TABLES;

--
-- Table structure for table `contractServices`
--

DROP TABLE IF EXISTS `contractServices`;
/*!40101 SET @saved_cs_client     = @@character_set_client */;
/*!40101 SET character_set_client = utf8 */;
CREATE TABLE `contractServices` (
  `contract_guid` binary(16) NOT NULL,
  `service_guid` binary(16) NOT NULL,
  `update` tinyint(1) NOT NULL DEFAULT '1',
  PRIMARY KEY (`contract_guid`,`service_guid`),
  KEY `fk_service_IDX` (`service_guid`),
  KEY `fk_contract_IDX` (`contract_guid`),
  CONSTRAINT `fk_contractServices_contract` FOREIGN KEY (`contract_guid`) REFERENCES `contracts` (`guid`) ON DELETE NO ACTION ON UPDATE NO ACTION,
  CONSTRAINT `fk_contractServices_service` FOREIGN KEY (`service_guid`) REFERENCES `services` (`guid`) ON DELETE NO ACTION ON UPDATE NO ACTION
) ENGINE=InnoDB DEFAULT CHARSET=utf8;
/*!40101 SET character_set_client = @saved_cs_client */;

--
-- Dumping data for table `contractServices`
--

LOCK TABLES `contractServices` WRITE;
/*!40000 ALTER TABLE `contractServices` DISABLE KEYS */;
INSERT INTO `contractServices` VALUES ('r:พๅงช\0%','P%dmไๆ๓\0%',1),('r:พๅงช\0%','P%dmไๆ๓\0%',1),('r:พๅงช\0%','P%dmไๆ๓\0%',1),('r:พๅงช\0%','P%dกmไๆ๓\0%',1),('r:พๅงช\0%','P%dฃmไๆ๓\0%',1),('r:พๅงช\0%','ใฎmไๆ๓\0%',1),('r:พๅงช\0%','ใฎmไๆ๓\0%',1),('๗\"ฟ3ๅงช\0%','P%dmไๆ๓\0%',1),('๗\"ฟ3ๅงช\0%','P%dmไๆ๓\0%',1),('๗\"ฟ3ๅงช\0%','P%dmไๆ๓\0%',1),('๗\"ฟ3ๅงช\0%','P%dกmไๆ๓\0%',1),('๗\"ฟ3ๅงช\0%','P%dฃmไๆ๓\0%',1),('๗\"ฟ3ๅงช\0%','ใฎmไๆ๓\0%',1),('๗\"ฟ3ๅงช\0%','ใฎmไๆ๓\0%',1),('rCพmๅงช\0%','P%dmไๆ๓\0%',1),('rCพmๅงช\0%','P%dmไๆ๓\0%',1),('rCพmๅงช\0%','P%dmไๆ๓\0%',1),('rCพmๅงช\0%','P%dกmไๆ๓\0%',1),('rCพmๅงช\0%','P%dฃmไๆ๓\0%',1),('rCพmๅงช\0%','ใฎmไๆ๓\0%',1),('rCพmๅงช\0%','ใฎmไๆ๓\0%',1),('อ\"ฝำๅงช\0%','P%dmไๆ๓\0%',1),('อ\"ฝำๅงช\0%','P%dmไๆ๓\0%',1),('อ\"ฝำๅงช\0%','P%dmไๆ๓\0%',1),('อ\"ฝำๅงช\0%','P%dกmไๆ๓\0%',1),('อ\"ฝำๅงช\0%','P%dฃmไๆ๓\0%',1),('อ\"ฝำๅงช\0%','ใฎmไๆ๓\0%',1),('อ\"ฝำๅงช\0%','ใฎmไๆ๓\0%',1),('!yบๅงช\0%','P%dmไๆ๓\0%',1),('!yบๅงช\0%','P%dmไๆ๓\0%',1),('!yบๅงช\0%','P%dmไๆ๓\0%',1),('!yบๅงช\0%','P%dกmไๆ๓\0%',1),('!yบๅงช\0%','P%dฃmไๆ๓\0%',1),('!yบๅงช\0%','ใฎmไๆ๓\0%',1),('!yบๅงช\0%','ใฎmไๆ๓\0%',1),('ฎ45^ผๆ๓\0%','P%dmไๆ๓\0%',1),('ฎ45^ผๆ๓\0%','P%dmไๆ๓\0%',1),('ฎ45^ผๆ๓\0%','P%dmไๆ๓\0%',1),('ฎ45^ผๆ๓\0%','P%dmไๆ๓\0%',1),('ฎ45^ผๆ๓\0%','P%dmไๆ๓\0%',1),('ฎ45^ผๆ๓\0%','P%dmไๆ๓\0%',1),('ฎ45^ผๆ๓\0%','P%dmไๆ๓\0%',1),('ฎ45^ผๆ๓\0%','P%dmไๆ๓\0%',1),('ฎ45^ผๆ๓\0%','ใฎmไๆ๓\0%',1),('ฎ45^ผๆ๓\0%','ใฎแmไๆ๓\0%',1),('ำ#Z\'ๆญj\0%','P%dmไๆ๓\0%',1),('ำ#Z\'ๆญj\0%','P%dmไๆ๓\0%',1),('ำ#Z\'ๆญj\0%','P%dmไๆ๓\0%',1),('ำ#Z\'ๆญj\0%','P%dกmไๆ๓\0%',1),('ำ#Z\'ๆญj\0%','P%dฃmไๆ๓\0%',1),('ำ#Z\'ๆญj\0%','ใฎmไๆ๓\0%',1),('ำ#Z\'ๆญj\0%','ใฎmไๆ๓\0%',1),('๒Bi,ๆ๓\0%','P%dmไๆ๓\0%',1),('๒Bi,ๆ๓\0%','P%dmไๆ๓\0%',1),('๒Bi,ๆ๓\0%','P%dmไๆ๓\0%',1),('๒Bi,ๆ๓\0%','P%dmไๆ๓\0%',1),('๒Bi,ๆ๓\0%','P%dmไๆ๓\0%',1),('๒Bi,ๆ๓\0%','P%dmไๆ๓\0%',1),('๒Bi,ๆ๓\0%','P%dmไๆ๓\0%',1),('๒Bi,ๆ๓\0%','P%dmไๆ๓\0%',1),('๒Bi,ๆ๓\0%','ใฎmไๆ๓\0%',1),('๒Bi,ๆ๓\0%','ใฎแmไๆ๓\0%',1),('๚ำนฟๅงช\0%','P%dmไๆ๓\0%',1),('๚ำนฟๅงช\0%','P%dmไๆ๓\0%',1),('๚ำนฟๅงช\0%','P%dmไๆ๓\0%',1),('๚ำนฟๅงช\0%','P%dกmไๆ๓\0%',1),('๚ำนฟๅงช\0%','P%dฃmไๆ๓\0%',1),('๚ำนฟๅงช\0%','ใฎmไๆ๓\0%',1),('๚ำนฟๅงช\0%','ใฎmไๆ๓\0%',1),('๚ฺนฟๅงช\0%','P%dmไๆ๓\0%',1),('๚ฺนฟๅงช\0%','P%dmไๆ๓\0%',1),('๚ฺนฟๅงช\0%','P%dmไๆ๓\0%',1),('๚ฺนฟๅงช\0%','P%dกmไๆ๓\0%',1),('๚ฺนฟๅงช\0%','P%dฃmไๆ๓\0%',1),('๚ฺนฟๅงช\0%','ใฎmไๆ๓\0%',1),('๚ฺนฟๅงช\0%','ใฎmไๆ๓\0%',1),('๚แนฟๅงช\0%','P%dmไๆ๓\0%',1),('๚แนฟๅงช\0%','P%dmไๆ๓\0%',1),('๚แนฟๅงช\0%','P%dmไๆ๓\0%',1),('๚แนฟๅงช\0%','P%dกmไๆ๓\0%',1),('๚แนฟๅงช\0%','P%dฃmไๆ๓\0%',1),('๚แนฟๅงช\0%','ใฎmไๆ๓\0%',1),('๚แนฟๅงช\0%','ใฎmไๆ๓\0%',1),('๚ดฝฑๅงช\0%','P%dmไๆ๓\0%',1),('๚ดฝฑๅงช\0%','P%dmไๆ๓\0%',1),('๚ดฝฑๅงช\0%','P%dmไๆ๓\0%',1),('๚ดฝฑๅงช\0%','P%dกmไๆ๓\0%',1),('๚ดฝฑๅงช\0%','P%dฃmไๆ๓\0%',1),('๚ดฝฑๅงช\0%','ใฎmไๆ๓\0%',1),('๚ดฝฑๅงช\0%','ใฎmไๆ๓\0%',1);
/*!40000 ALTER TABLE `contractServices` ENABLE KEYS */;
UNLOCK TABLES;

--
-- Table structure for table `contracts`
--

DROP TABLE IF EXISTS `contracts`;
/*!40101 SET @saved_cs_client     = @@character_set_client */;
/*!40101 SET character_set_client = utf8 */;
CREATE TABLE `contracts` (
  `guid` binary(16) NOT NULL,
  `number` varchar(64) NOT NULL,
  `email` varchar(64) DEFAULT NULL,
  `phone` varchar(64) DEFAULT NULL,
  `address` varchar(255) DEFAULT NULL,
  `yurAddress` varchar(255) DEFAULT NULL,
  `contractStart` datetime DEFAULT NULL,
  `contractEnd` datetime DEFAULT NULL,
  `contragent_guid` binary(16) DEFAULT NULL,
  `isActive` tinyint(1) NOT NULL DEFAULT '1',
  `isStopped` tinyint(1) NOT NULL DEFAULT '0',
  `update` tinyint(1) NOT NULL DEFAULT '1',
  PRIMARY KEY (`guid`),
  KEY `byContragent` (`contragent_guid`),
  KEY `byStart` (`contractStart`),
  KEY `byEnd` (`contractEnd`),
  KEY `byNumber` (`number`),
  CONSTRAINT `fk_contracts_contragent` FOREIGN KEY (`contragent_guid`) REFERENCES `contragents` (`guid`)
) ENGINE=InnoDB DEFAULT CHARSET=utf8 COMMENT='ะะพะณะพะฒะพัั';
/*!40101 SET character_set_client = @saved_cs_client */;

--
-- Dumping data for table `contracts`
--

LOCK TABLES `contracts` WRITE;
/*!40000 ALTER TABLE `contracts` DISABLE KEYS */;
INSERT INTO `contracts` VALUES ('3*ร\"ๅงช\0%','559/25012016','','','','','2016-01-01 00:00:00','2016-12-31 23:59:59','ษดฌนฃ฿ด7\00Hศ\'',1,0,1),('คฟท2ฯๆ\0%','2-ะะะก','','','167016, ะะพะผะธ ะะตัะฟ, ะกัะบััะฒะบะฐั ะณ, ะัะดะถะพะฝะธะบะธะดะทะต ัะป, ะดะพะผ โ 71','167016, ะะพะผะธ ะะตัะฟ, ะกัะบััะฒะบะฐั ะณ, ะัะดะถะพะฝะธะบะธะดะทะต ัะป, ะดะพะผ โ 71','2016-07-01 00:00:00','2016-12-30 23:59:59','\'ฤIs฿\0ะะ๔)',1,0,1),('4Cภวๅงช\0%','17592/1ะะ','','','167981, ะะพะผะธ ะะตัะฟ, ะกัะบััะฒะบะฐั ะณ, ะขะตะฝััะบะพะฒัะบะฐั ัะป, ะดะพะผ โ 123','167981, ะะพะผะธ ะะตัะฟ, ะกัะบััะฒะบะฐั ะณ, ะขะตะฝััะบะพะฒัะบะฐั ัะป, ะดะพะผ โ 123','2016-01-01 00:00:00','2016-12-31 23:59:59','๙&ใด\0%',1,0,1),('7ซ<iๆ๓\0%','28112/1ะะ','','','167000, ะะพะผะธ ะะตัะฟ, ะกัะบััะฒะบะฐั ะณ, ะะตัะฒะพะผะฐะนัะบะฐั ัะป, ะดะพะผ โ 62, ะบะพัะฟัั ะ, ะพัะธั 7','167000, ะะพะผะธ ะะตัะฟ, ะกัะบััะฒะบะฐั ะณ, ะะตัะฒะพะผะฐะนัะบะฐั ัะป, ะดะพะผ โ 62, ะบะพัะฟัั ะ, ะพัะธั 7','2016-08-22 00:00:00','2016-12-31 23:59:59','	ซ!^๒ๆ๓\0%',1,0,1),('Uซj\r๛ๆ&\0%','17260/3ะะ','','','167000, ะะพะผะธ ะะตัะฟ, ะกัะบััะฒะบะฐั ะณ, ะััะฐัะพะฒะฐ ัะป, ะดะพะผ โ 73/1, ะพัะธั 11','167000, ะะพะผะธ ะะตัะฟ, ะกัะบััะฒะบะฐั ะณ, ะััะฐัะพะฒะฐ ัะป, ะดะพะผ โ 73/1, ะพัะธั 11','2016-04-01 00:00:00','2016-12-31 23:59:59','Uซjw\r๛ๆ&\0%',1,0,1),('Uซj\r๛ๆ&\0%','10379/2ะะ','','','167000, ะะพะผะธ ะะตัะฟ, ะกัะบััะฒะบะฐั ะณ, ะะตัะฒะพะผะฐะนัะบะฐั ัะป, ะดะพะผ โ 147','167000, ะะพะผะธ ะะตัะฟ, ะกัะบััะฒะบะฐั ะณ, ะะตัะฒะพะผะฐะนัะบะฐั ัะป, ะดะพะผ โ 147','2016-01-01 00:00:00','2016-12-31 23:59:59','gไwเ\\\0ะะ๔)',1,0,1),('XCIดห๓ๅงช\0%','22086/1ะะ','','','','167000, ะะพะผะธ ะะตัะฟ, ะกัะบััะฒะบะฐั ะณ, ะกะพะฒะตััะบะฐั ัะป, ะดะพะผ โ 3, ะบะฒ.62','2016-01-01 00:00:00','2016-12-31 23:59:59',';ก/่ฌ7ไ\0%',1,0,1),('bฝSwฬๅR\0%','ะะ24933/1','','','167000, ะะพะผะธ ะะตัะฟ, ะกัะบััะฒะบะฐั ะณ, ะะตัะพะฟะฐัะบะพะฒะฐั ัะป, ะดะพะผ โ 26','167000, ะะพะผะธ ะะตัะฟ, ะกัะบััะฒะบะฐั ะณ, ะะตัะพะฟะฐัะบะพะฒะฐั ัะป, ะดะพะผ โ 26','2015-10-19 00:00:00','2016-12-31 23:59:59','!qs>ๅR\0%',1,0,1),('r:พๅงช\0%','8078/1ะะ','','','167021, ะะพะผะธ ะะตัะฟ, ะกัะบััะฒะบะฐั ะณ, ะะตัะตะฝะฝัั ัะป, ะดะพะผ โ 3, ะพัะธั 55','167021, ะะพะผะธ ะะตัะฟ, ะกัะบััะฒะบะฐั ะณ, ะะตัะตะฝะฝัั ัะป, ะดะพะผ โ 3, ะพัะธั 55','2016-01-01 00:00:00','2016-12-31 23:59:59','ใาถ_แผ๒\00Hศ\'',1,0,1),('x@งภๅงช\0%','57156/4ะ','','','167000, ะะพะผะธ ะะตัะฟ, ะกัะบััะฒะบะฐั ะณ, ะกััะพะปััะบะพะต ั, ะดะพะผ โ 7/11','167000, ะะพะผะธ ะะตัะฟ, ะกัะบััะฒะบะฐั ะณ, ะกััะพะปััะบะพะต ั, ะดะพะผ โ 7/11','2016-01-01 00:00:00','2016-12-31 23:59:59','H๐เ\\\0ะะ๔)',1,0,1),('|\ZQบฯ7ๅงช\0%','44/2','','','167026, ะะพะผะธ ะะตัะฟ, ะกัะบััะฒะบะฐั ะณ, ะะฐัะบะพะฒัะบะพะณะพ ัะป, ะด. 3','167000, ะะพะผะธ ะะตัะฟ, ะกัะบััะฒะบะฐั ะณ, ะะฐัะบะพะฒัะบะพะณะพ ัะป, ะดะพะผ โ 3','2016-02-01 00:00:00','2016-12-31 23:59:59',')zิ่เ\\\0ะะ๔)',1,0,1),('๗\"ฟ3ๅงช\0%','5983-3/4ะ','','','167610, ะะพะผะธ ะะตัะฟ, ะกัะบััะฒะบะฐั ะณ, ะะฐัะฐะถะฝะฐั ัะป, ะดะพะผ โ 8','167610, ะะพะผะธ ะะตัะฟ, ะกัะบััะฒะบะฐั ะณ, ะะฐัะฐะถะฝะฐั ัะป, ะดะพะผ โ 8','2016-01-01 00:00:00','2016-12-31 23:59:59','แ\r\\ฟ฿ฟั\00Hศ\'',1,0,1),('๊ฮปGๅงช\0%','081014/1ะะ','','','ะะพัะบะฒะฐ ะณ, ะะฒัะธะฝะฝะธะบะพะฒัะบะฐั ะฝะฐะฑ, ะดะพะผ โ 20, ัััะพะตะฝะธะต 2','ะะพัะบะฒะฐ ะณ, ะะฒัะธะฝะฝะธะบะพะฒัะบะฐั ะฝะฐะฑ, ะดะพะผ โ 20, ัััะพะตะฝะธะต 2','2009-04-30 00:00:00','2016-12-31 23:59:59','s Pแฐ\00Hศ\'',1,0,1),('rCพmๅงช\0%','45445/19012016','','','167000, ะะพะผะธ ะะตัะฟ, ะกัะบััะฒะบะฐั ะณ, ะะตัะฒะพะผะฐะนัะบะฐั ัะป, ะด. 125','167000, ะะพะผะธ ะะตัะฟ, ะกัะบััะฒะบะฐั ะณ, ะะตัะฒะพะผะฐะนัะบะฐั ัะป, ะดะพะผ โ 125','2016-01-01 00:00:00','2016-12-31 23:59:59','qษ	ฏs฿\0ะะ๔)',1,0,1),('อ\"ฝำๅงช\0%','45445/2ะะ','','','167031, ะะพะผะธ ะะตัะฟ, ะกัะบััะฒะบะฐั ะณ, ะะพะดะพะฟััะฝะพะฒะฐ ัะป, ะดะพะผ โ 4','167031, ะะพะผะธ ะะตัะฟ, ะกัะบััะฒะบะฐั ะณ, ะะพะดะพะฟััะฝะพะฒะฐ ัะป, ะดะพะผ โ 4','2016-01-01 00:00:00','2016-12-31 23:59:59','PBSเ\\\0ะะ๔)',1,0,1),('!yบๅงช\0%','41744/1ะะ','','','167000, ะะพะผะธ ะะตัะฟ, ะกัะบััะฒะบะฐั ะณ, 1-ั ะัะพะผััะปะตะฝะฝะฐั ัะป, ะดะพะผ โ 72','167000, ะะพะผะธ ะะตัะฟ, ะกัะบััะฒะบะฐั ะณ, 1-ั ะัะพะผััะปะตะฝะฝะฐั ัะป, ะดะพะผ โ 72','2016-01-01 00:00:00','2016-12-31 23:59:59','hฯ s฿\0ะะ๔)',1,0,1),('Srฦaๅงช\0%','37866/2-ะะ','','','167000, ะะพะผะธ ะะตัะฟ, ะกัะบััะฒะบะฐั ะณ, ะะฐะฑััะบะธะฝะฐ ัะป, ะดะพะผ โ 22, ะพัะธั 418','167000, ะะพะผะธ ะะตัะฟ, ะกัะบััะฒะบะฐั ะณ, ะะฐะฑััะบะธะฝะฐ ัะป, ะดะพะผ โ 22','2016-01-01 00:00:00','2016-12-31 23:59:59','{ย๎s฿\0ะะ๔)',1,0,1),('Sr<ฦaๅงช\0%','42743/1ะะ','','','167981, ะะพะผะธ ะะตัะฟ, ะกัะบััะฒะบะฐั ะณ, ะะฐะฑััะบะธะฝะฐ ัะป, ะดะพะผ โ 4, ะพัะธั 340','167981, ะะพะผะธ ะะตัะฟ, ะกัะบััะฒะบะฐั ะณ, ะะฐะฑััะบะธะฝะฐ ัะป, ะดะพะผ โ 4','2016-01-01 00:00:00','2016-12-31 23:59:59','Tas฿\0ะะ๔)',1,0,1),('ฉ$ฝๅงช\0%','23150/2ะะ','','','167000, ะะพะผะธ ะะตัะฟ, ะกัะบััะฒะบะฐั ะณ, ะะพะผะผัะฝะธััะธัะตัะบะฐััะป, ะดะพะผ โ 4, ะพัะธั 412','167000, ะะพะผะธ ะะตัะฟ, ะกัะบััะฒะบะฐั ะณ, ะะธัะพะฒะฐ ัะป, ะดะพะผ โ 45, ะพัะธั 407','2016-01-01 00:00:00','2016-12-31 23:59:59','hฬC๚สไ \0%',1,0,1),('ฎ45^ผๆ๓\0%','ะ2717','','','167000, ะะพะผะธ ะะตัะฟ, ะกัะบััะฒะบะฐั ะณ, ะะตะฝะธะฝะฐ ัะป, ะดะพะผ โ 43','140170, ะะพัะบะพะฒัะบะฐั ะพะฑะป, ะะพัะบะฒะฐ, ะะฐัะธััะบะพะต ั, ะดะพะผ โ 22, ะบะพัะฟัั 4, ัััะพะตะฝะธะต 1','2014-04-14 00:00:00','2017-04-14 23:59:59','[฿s๐เด\00Hศ\'',1,0,1),('ตัร๋ๅงช\0%','20533/1ะะ','','','167000, ะะพะผะธ ะะตัะฟ, ะกัะบััะฒะบะฐั ะณ, ะะตัะฒะพะผะฐะนัะบะฐั ัะป, ะดะพะผ โ 92','168220, ะะพะผะธ ะะตัะฟ, ะกัะบััะฒะดะธะฝัะบะธะน ั-ะฝ, ะัะปัะณะพัั ั, ะจะบะพะปัะฝัะน ะฟะตั, ะดะพะผ โ 11','2016-01-01 00:00:00','2016-12-31 23:59:59','9๎C฿ไ<\0%',1,0,1),('ปsแ จๆ\0%','21379/23052016','','','117036, ะะพัะบะฒะฐ ะณ, ะะตะดัะพะฒะฐ ัะป, ะดะพะผ โ 15','117036, ะะพัะบะฒะฐ ะณ, ะะตะดัะพะฒะฐ ัะป, ะดะพะผ โ 15','2016-01-01 00:00:00','2016-12-31 23:59:59','nฮYvฮไW\0%',1,0,1),('ำ#Z\'ๆญj\0%','7092010/2ะะ','','','167000, ะะพะผะธ ะะตัะฟ, ะกัะบััะฒะบะฐั ะณ, ะะฐัะฐะถะฝะฐั ัะป, ะดะพะผ โ 25','167905, ะะพะผะธ ะะตัะฟ, ะกัะบััะฒะบะฐั ะณ, ะะฐัะฐะถะฝะฐั ัะป, ะดะพะผ โ 25','2016-01-01 00:00:00','2016-12-31 23:59:59',';tทX฿ด7\00Hศ\'',1,0,1),('ำ#Z\'ๆญj\0%','39178/2ะะ','','','167000, ะะพะผะธ ะะตัะฟ, ะกัะบััะฒะบะฐั ะณ, ะะฐัะปะฐ ะะฐัะบัะฐ ัะป, ะด. 229, ะพั.422','167000, ะะพะผะธ ะะตัะฟ, ะกัะบััะฒะบะฐั ะณ, ะะฐัะปะฐ ะะฐัะบัะฐ ัะป, ะดะพะผ โ 229, ะพัะธั 422','2016-01-01 00:00:00','2016-12-31 23:59:59','fp๔s฿\0ะะ๔)',1,0,1),('๒Bi,ๆ๓\0%','17292/16042014','','','167000, ะะพะผะธ ะะตัะฟ, ะกัะบััะฒะบะฐั ะณ, ะะตะฝะธะฝะฐ ัะป, ะดะพะผ โ 43','167000, ะะพะผะธ ะะตัะฟ, ะกัะบััะฒะบะฐั ะณ, ะะตะฝะธะฝะฐ ัะป, ะดะพะผ โ 43','2014-04-14 00:00:00','2017-04-14 23:59:59','ทV#?s฿\0ะะ๔)',1,0,1),('๚ำนฟๅงช\0%','2190/1ะะ','','','167000, ะะพะผะธ ะะตัะฟ, ะกัะบััะฒะบะฐั ะณ, ะะฐะฑััะบะธะฝะฐ ัะป, ะดะพะผ โ 4','167000, ะะพะผะธ ะะตัะฟ, ะกัะบััะฒะบะฐั ะณ, ะะฐะฑััะบะธะฝะฐ ัะป, ะดะพะผ โ 4','2016-01-01 00:00:00','2016-12-31 23:59:59','ฐINำs฿\0ะะ๔)',1,0,1),('๚ฺนฟๅงช\0%','9153/3ะะ','','','167000, ะะพะผะธ ะะตัะฟ, ะกัะบััะฒะบะฐั ะณ, ะะฐัะฐะถะฝะฐั ัะป, ะดะพะผ โ 9','ะะฐะปะธะฝะธะฝะณัะฐะดัะบะฐั ะพะฑะป, ะะฐะปะธะฝะธะฝะณัะฐะด, ะะฝะตะฟัะพะฟะตััะพะฒัะบะฐั, ะดะพะผ โ 13','2016-01-01 00:00:00','2016-12-31 23:59:59','=ิษท`ไ\0%',1,0,1),('๚แนฟๅงช\0%','51636/1ะะ','','','167905, ะะพะผะธ ะะตัะฟ, ะกัะบััะฒะบะฐั ะณ, ะะฐัะฐะถะฝะฐั ัะป, ะดะพะผ โ 9, ะพัะธั 113','167905, ะะพะผะธ ะะตัะฟ, ะกัะบััะฒะบะฐั ะณ, ะะฐัะฐะถะฝะฐั ัะป, ะดะพะผ โ 9, ะพัะธั 113','2016-01-01 00:00:00','2016-12-31 23:59:59','H๐Yเ\\\0ะะ๔)',1,0,1),('๚ดฝฑๅงช\0%','3713/2ะะ','','','167002, ะะพะผะธ ะะตัะฟ, ะกัะบััะฒะบะฐั ะณ, ะกัะฐะฝัะธะพะฝะฝะฐั ัะป, ะดะพะผ โ 144','167002, ะะพะผะธ ะะตัะฟ, ะกัะบััะฒะบะฐั ะณ, ะกัะฐะฝัะธะพะฝะฝะฐั ัะป, ะดะพะผ โ 144','2016-01-01 00:00:00','2016-12-31 23:59:59','Xmเ\\\0ะะ๔)',1,0,1),('๚ดฝฑๅงช\0%','13077/1ะะ','','','167026, ะะพะผะธ ะะตัะฟ, ะกัะบััะฒะบะฐั ะณ, ะะฐะปะธะฝะธะฝะฐ ัะป, ะดะพะผ โ 19','167026, ะะพะผะธ ะะตัะฟ, ะกัะบััะฒะบะฐั ะณ, ะะฐะปะธะฝะธะฝะฐ ัะป, ะดะพะผ โ 19','2016-01-01 00:00:00','2016-12-31 23:59:59','๋ภ๖โฅ\0%',1,0,1),('๚ดฝฑๅงช\0%','59672/1ะะ','','','167005, ะะพะผะธ ะะตัะฟ, ะกัะบััะฒะบะฐั ะณ, ะะฐะปััะตะฒะฐ ัะป, ะดะพะผ โ 22','167005, ะะพะผะธ ะะตัะฟ, ะกัะบััะฒะบะฐั ะณ, ะะฐะปััะตะฒะฐ ัะป, ะดะพะผ โ 22','2016-01-01 00:00:00','2016-12-31 23:59:59','AศZเ\\\0ะะ๔)',1,0,1);
/*!40000 ALTER TABLE `contracts` ENABLE KEYS */;
UNLOCK TABLES;

--
-- Table structure for table `contragents`
--

DROP TABLE IF EXISTS `contragents`;
/*!40101 SET @saved_cs_client     = @@character_set_client */;
/*!40101 SET character_set_client = utf8 */;
CREATE TABLE `contragents` (
  `guid` binary(16) NOT NULL,
  `name` varchar(255) DEFAULT NULL,
  `fullName` text,
  `parent` binary(16) DEFAULT NULL,
  `INN` varchar(12) DEFAULT NULL,
  `KPP` varchar(9) DEFAULT NULL,
  PRIMARY KEY (`guid`),
  KEY `byName` (`name`),
  KEY `byParent` (`parent`),
  KEY `byINN` (`INN`),
  CONSTRAINT `fk_contragents_parent` FOREIGN KEY (`parent`) REFERENCES `contragents` (`guid`) ON DELETE SET NULL ON UPDATE CASCADE
) ENGINE=InnoDB DEFAULT CHARSET=utf8 COMMENT='ะะพะฝััะฐะณะตะฝัั';
/*!40101 SET character_set_client = @saved_cs_client */;

--
-- Dumping data for table `contragents`
--

LOCK TABLES `contragents` WRITE;
/*!40000 ALTER TABLE `contragents` DISABLE KEYS */;
INSERT INTO `contragents` VALUES ('	ซ!^๒ๆ๓\0%','ะะพะผะฐ ะฒ ะกะะฑ','ะะะ ยซะะพะผะฐ ะฒ ะกะะฑยป',NULL,'1101153647','110101001'),('ฟฅ็ืนแทญ\00Hศ\'','ะญะฆ ะะะะะกะขะะะ ะกะะะะะ-ะะะะะ','ะะะ \"ะญะฆ ะะะะะกะขะะะ ะกะะะะะ-ะะะะะ\"',NULL,'1101086310','110101001'),('\rt฿\0ะะ๔)','ะะะะะก ะกะซะะขะซะะะะ','ะะะ \"ะะะะะก ะกะซะะขะซะะะะ\"',NULL,'1101133658','110101001'),('3ฝs฿\0ะะ๔)','ะะะะะฃ ยซะะตััะบะธะน ัะฐะด โ 98 ะบะพะผะฟะตะฝัะธััััะตะณะพ ะฒะธะดะฐยป','ะัะฝะธัะธะฟะฐะปัะฝะพะต ะฑัะดะถะตัะฝะพะต ะดะพัะบะพะปัะฝะพะต ะพะฑัะฐะทะพะฒะฐัะตะปัะฝะพะต ัััะตะถะดะตะฝะธะต ยซะะตััะบะธะน ัะฐะด โ 98 ะบะพะผะฟะตะฝัะธััััะตะณะพ ะฒะธะดะฐยป',NULL,'1121009987','112101001'),('\'ฤIs฿\0ะะ๔)','ะฃะฟัะฐะฒะปะตะฝะธะต ะะะกะะะขะะะะะะะะะะ ะะ ะะ','ะฃะฟัะฐะฒะปะตะฝะธะต ะคะตะดะตัะฐะปัะฝะพะน ัะปัะถะฑั ะฟะพ ะฝะฐะดะทะพัั ะฒ ััะตัะต ะทะฐัะธัั ะฟัะฐะฒ ะฟะพััะตะฑะธัะตะปะตะน ะธ ะฑะปะฐะณะพะฟะพะปััะธั ัะตะปะพะฒะตะบะฐ ะฟะพ ะะตัะฟัะฑะปะธะบะต ะะพะผะธ',NULL,'1101486396','110101001'),(')zิ่เ\\\0ะะ๔)','ะะะฃะ ะะะขะะะะขะฃะะะ-ะขะะะขะะะะฌะะซะ ะะฃะะะ ะะ.ะ.ะ.ะะฌะฏะะะะะะ','ะะะฃะ ะะะขะะะะขะฃะะะ-ะขะะะขะะะะฌะะซะ ะะฃะะะ ะะ.ะ.ะ.ะะฌะฏะะะะะะ',NULL,'1121011760','112101001'),('1T@3บโฅอ\00Hศ\'','ะฆะตะฝัั ะดะตะปะพะฒะพะณะพ ัะพัััะดะฝะธัะตััะฒะฐ ะะ','ะะะ \"ะฆะตะฝัั ะดะตะปะพะฒะพะณะพ ัะพัััะดะฝะธัะตััะฒะฐ ะะ\"',NULL,'1101095829','110101001'),(';tทX฿ด7\00Hศ\'','ะะะะะ ะะะะก','ะะะ \"ะะะะะ ะะะะก\"',NULL,'1101049460','110101001'),(';ก/่ฌ7ไ\0%','ะกะตะปัะบะพะฒะฐ ะะฝะธััั ะะฐะฒัะนะตะฒะฝะฐ','ะะ ะกะตะปัะบะพะฒะฐ ะะฝะธััั ะะฐะฒัะนะตะฒะฝะฐ',NULL,'110100259334',''),('=ิษท`ไ\0%','ะะพะณะธััะธะบะฐ - ะะฐะฟะฐะด','ะะะ \"ะะพะณะธััะธะบะฐ - ะะฐะฟะฐะด\"',NULL,'3906258766','390601001'),('>โำs฿\0ะะ๔)','ะะะะะกะะ-ะะะงะะะกะะะ ะะะกะกะะะะะะะ ะะะะะะ ะฃะะะะะะะะะ ะคะะะะะะะฌะะะะ ะะะะะขะกะขะะ ะะะะะซะฅ ะะะกะฃะะกะะ','ะะฒะธะฝัะบะพ-ะะตัะพััะบะพะต ะฑะฐััะตะนะฝะพะฒะพะต ะฒะพะดะฝะพะต ัะฟัะฐะฒะปะตะฝะธะต ะคะตะดะตัะฐะปัะฝะพะณะพ ะฐะณะตะฝัััะฒะฐ ะฒะพะดะฝัั ัะตััััะพะฒ',NULL,'2901053298','290101001'),('Eg+Uใ+\0%','ะะตัะบะฐะฝะฐ','ะะะ \"ะะตัะบะฐะฝะฐ\"',NULL,'1101143705','110101001'),('H๐Yเ\\\0ะะ๔)','ะะะ ะะะะะกะะะะะก-ะะะะ','ะะะ ะะะะะกะะะะะก-ะะะะ',NULL,'1101065084','110101001'),('H๐`เ\\\0ะะ๔)','ะะขะ ะขัะตัะธะน ะบะฐะฝะฐะป','ะะะ \"ะะขะ ะขัะตัะธะน ะบะฐะฝะฐะป\"',NULL,'1101021746','110101001'),('H๐เ\\\0ะะ๔)','ะกะะะะะะะฏ ะขะะะะะะะฏ ะะะะะะะะฏ','ะะะ \"ะกะะะะะะะฏ ะขะะะะะะะฏ ะะะะะะะะฏ\"',NULL,'1101078132','110101001'),('L_รs฿\0ะะ๔)','ะคะะะ-ะก','ะะะ \"ะคะะะ-ะก\"',NULL,'1101130255','110101001'),('L๚โ๔\00Hศ\'','ะกะธะฝัะตะท ะะพะผะธ','ะะะ \"ะกะธะฝัะตะท ะะพะผะธ\"',NULL,'1101135077','110101001'),('PBSเ\\\0ะะ๔)','ะขะตัะผะพะบะปัะฑ','ะะะ \"ะขะตัะผะพะบะปัะฑ\"',NULL,'1101061530','110101001'),('Tas฿\0ะะ๔)','ะะะะ ะะะกะะฃะะะะะะะกะะะฏ ะะะะะะะะะฆะะฏ  ะะะะคะกะะฎะะ ะะะะะขะะะะะ ะะะกะะซะฅ ะะขะะะกะะะ','ะะะะ ะะะกะะฃะะะะะะะกะะะฏ ะะะะะะะะะฆะะฏ  ะะะะคะกะะฎะะ ะะะะะขะะะะะ ะะะกะะซะฅ ะะขะะะกะะะ',NULL,'1101470364','110101001'),('Uช)\'ฆแ6\00Hศ\'','ะะะ ะะ ะะ ะกัะบััะฒะบะฐั ะะธะปะบะพะผัะตัะฒะธั','ะัะฝะธัะธะฟะฐะปัะฝะพะต ะบะฐะทะตะฝะฝะพะต ะฟัะตะดะฟัะธััะธะต ะผัะฝะธัะธะฟะฐะปัะฝะพะณะพ ะพะฑัะฐะทะพะฒะฐะฝะธั ะณะพัะพะดัะบะพะณะพ ะพะบััะณะฐ \"ะกัะบััะฒะบะฐั\" \"ะะธะปะบะพะผัะตัะฒะธั\"',NULL,'1101430883','110101001'),('Uซjw\r๛ๆ&\0%','ะะะะ ะะะะะ','ะะฑัะตััะฒะพ ั ะพะณัะฐะฝะธัะตะฝะฝะพะน ะพัะฒะตัััะฒะตะฝะฝะพัััั \"ะะะะ ะะะะะ\"',NULL,'1101055953','110101001'),('Xmเ\\\0ะะ๔)','ะคะธัะผะฐ ยซะััะพะบ-ะยป','ะคะธัะผะฐ ยซะััะพะบ-ะยป',NULL,'1101016665','110101001'),('Xmเ\\\0ะะ๔)','ะะะ ะคะะะะ ะคะะะะ','ะะะ ัะธัะผะฐ \"ะคะปะพัะฐ\"',NULL,'1101048480','110101001'),('[฿s๐เด\00Hศ\'','ะะธะณะปะฐ ะกัะบััะฒะบะฐััะบะธะน ะคะธะปะธะฐะป','ะคะธะปะธะฐะป ะะะ \"ะะธะณะปะฐ\" ะฒ ะณ. ะกัะบััะฒะบะฐัะต (ะกัะบััะฒะบะฐััะบะธะน ัะธะปะธะฐะป)',NULL,'7724211288','110143001'),('[gึแs฿\0ะะ๔)','ะะธะบ ะะธะบะพั','ะะะ \"ะะธะบ ะะธะบะพั\"',NULL,'1101203873','110101001'),('^[Yีเ\\\0ะะ๔)','ะะะ ะะะจะะะฌ','ะะะ \"ะะธัะตะปั\"',NULL,'1101077604','110101001'),('gไwเ\\\0ะะ๔)','ะะพะผะธ ัะธะปะธะฐะป ะะะ ะกะะ ะญะะะะะะะะะะะข','ะะพะผะธ ัะธะปะธะฐะป ะัะฑะปะธัะฝะพะต ะฐะบัะธะพะฝะตัะฝะพะต ะพะฑัะตััะฒะพ \"ะกััะฐัะพะฒะฐั ะฐะบัะธะพะฝะตัะฝะฐั ะบะพะผะฟะฐะฝะธั \"ะญะะะะะะะะะะะข\"',NULL,'7705041231','110102001'),('hฬC๚สไ \0%','ะัะดะธั-ะะตะฒะธั','ะะะ \"ะัะดะธั-ะะตะฒะธั\"',NULL,'1101020083','110101001'),('i9๘s฿\0ะะ๔)','ะะ ะะะะะ','ะะะ \"ะะ ะะะะะ\"',NULL,'1101124861','110101001'),('nฮYvฮไW\0%','ะกะตัะฒะธะพะฝะธะบะฐ','ะะะ \"ะกะตัะฒะธะพะฝะธะบะฐ\"',NULL,'7727790940','772701001'),('qษ	ฏs฿\0ะะ๔)','ะะะะะฆะะะกะะะฏ ะะะะะะะ ะะะะฃะก-ะฆะะะขะ','ะะะ \"ะะะะะฆะะะกะะะฏ ะะะะะะะ ะะะะฃะก-ะฆะะะขะ\"',NULL,'1101060840','110101001'),('y๏3*s฿\0ะะ๔)','ะะะะะะก','ะะะ \"ะะะะะะก\"',NULL,'1101134010','110101001'),('AศMเ\\\0ะะ๔)','ะะะฃ ะกะะจ โ24','ะัะฝะธัะธะฟะฐะปัะฝะพะต ะฐะฒัะพะฝะพะผะฝะพะต ะพะฑัะตะพะฑัะฐะทะพะฒะฐัะตะปัะฝะพะต ัััะตะถะดะตะฝะธะต ยซะกัะตะดะฝัั ะพะฑัะตะพะฑัะฐะทะพะฒะฐัะตะปัะฝะฐั ัะบะพะปะฐ โ 24ยป',NULL,'1101483980','110101001'),('AศZเ\\\0ะะ๔)','ะะะะะฃ ะะตััะบะธะน ัะฐะด โ8 ะบะพะผะฟะตะฝัะธััััะตะณะพ ะฒะธะดะฐ','ะะะะะฃ ะะตััะบะธะน ัะฐะด โ8',NULL,'1101483892','110101001'),('hฯ s฿\0ะะ๔)','ะคะะะะะ','ะะะ \"ะคะะะะะ\"',NULL,'1101123681','110101001'),('s Pแฐ\00Hศ\'','ะะะะ ะฃะะะ','ะะฑัะตััะฒะพ ั ะพะณัะฐะฝะธัะตะฝะฝะพะน ะพัะฒะตัััะฒะตะฝะฝะพัััั ยซะะะะ ะฃะะะยป',NULL,'7708508323','772501001'),('fpพs฿\0ะะ๔)','ะฆะะะขะ ะะะะะะะซ ะ ะญะะะะะะะะะะะะ ะ ะะ','ะคะะฃะ \"ะฆะะะขะ ะะะะะะะซ ะ ะญะะะะะะะะะะะะ ะ ะะะกะะฃะะะะะ ะะะะ\"',NULL,'1101486406','110101001'),('fpะs฿\0ะะ๔)','ะคะธะปะธะฐะป ะคะะฃะ \"ะะพัะปะตัะธะฝัะพัะณ\" \"ะกะตะฒะปะตัะฟัะพะตะบั\"','ะคะธะปะธะฐะป ะคะะฃะ \"ะะพัะปะตัะธะฝัะพัะณ\" \"ะกะตะฒะปะตัะฟัะพะตะบั\"',NULL,'7722319952','352502001'),('fpๅs฿\0ะะ๔)','ะะะ ะะะะค \"ะะะะฌะจะะ\"','ะะฐะบัััะพะต ะฐะบัะธะพะฝะตัะฝะพะต ะพะฑัะตััะฒะพ ะะตะถัะตะณะธะพะฝะฐะปัะฝัะน ะฝะตะณะพััะดะฐัััะฒะตะฝะฝัะน ะฟะตะฝัะธะพะฝะฝัะน ัะพะฝะด \"ะะพะปััะพะน\"',NULL,'7727499177','772701001'),('fp๔s฿\0ะะ๔)','PR-ะกะะะะขะะะ/ะฟะธะฐั','ะะะ \"PR-ะกะะะะขะะะ\"',NULL,'1101114302','110101001'),('9๎C฿ไ<\0%','ะะผัั','ะะะ \"ะะผัั\"',NULL,'1109009532','110901001'),('ษ7ฐไ\0%','ะะฝัะฐัะตั','ะะะ \"ะะฝัะฐัะตั\"',NULL,'7806484159','780601001'),('Gu๔s฿\0ะะ๔)','ะะะฃะะะ ะะะะะกะกะะะก ะกะขะะะฅะะะะะะ','ะะะ \"ะะะฃะะะ ะะะะะกะกะะะก ะกะขะะะฅะะะะะะ\"',NULL,'7724023076','772401001'),(' o๕0ฌก\0ะะ๔)','ะะะฃ ะะ ยซะคะะะยป','ะะพััะดะฐัััะฒะตะฝะฝะพะต ะพะฑัะตะพะฑัะฐะทะพะฒะฐัะตะปัะฝะพะต ัััะตะถะดะตะฝะธะต ะะตัะฟัะฑะปะธะบะธ ะะพะผะธ  \"ะคะธะทะธะบะพ-ะผะฐัะตะผะฐัะธัะตัะบะธะน ะปะธัะตะน-ะธะฝัะตัะฝะฐั\"',NULL,'1101485811','110101001'),('4๕แ\00Hศ\'','ะคะพัะผะฐั ะะตะฑะตะปั','ะะะ \"ะคะพัะผะฐั ะะตะฑะตะปั\"',NULL,'1101095515','110101001'),('บs฿\0ะะ๔)','ะะฅะะะะ ะะะ ะะค ะค-ะ ะะ ะะ','ะคะธะปะธะฐะป ะคะตะดะตัะฐะปัะฝะพะณะพ ะณะพััะดะฐัััะฒะตะฝะฝะพะณะพ ัะฝะธัะฐัะฝะพะณะพ ะฟัะตะดะฟัะธััะธั \"ะััะฐะฝะฐ\" ะะะ ะะพััะธะธ ะฟะพ ะะตัะฟัะฑะปะธะบะต ะะพะผะธ',NULL,'7719555477','771901001'),('!qs>ๅR\0%','ะขะตัะฝะพะขัะตะนะด','ะะฑัะตััะฒะพ ั ะพะณัะฐะฝะธัะตะฝะฝะพะน ะพัะฒะตัััะฒะตะฝะฝะพัััั \"ะขะตัะฝะพะขัะตะนะด\"',NULL,'1101152361','110101001'),('ง-ฐ*เ\\\0ะะ๔)','ะะะะฃ ะะะะกะะะฏ ะะะะะะะะฏ','ะัะฝะธัะธะฟะฐะปัะฝะพะต ะฐะฒัะพะฝะพะผะฝะพะต ะพะฑัะตะพะฑัะฐะทะพะฒะฐัะตะปัะฝะพะต ัััะตะถะดะตะฝะธะต \"ะะตะฝัะบะฐั ะณะธะผะฝะฐะทะธั\"',NULL,'1101484617','110101001'),('ซณk\nไ\0%','ะะะ \"ะะฟัะตะบะฐ ะะปัั\"','ะะฑัะตััะฒะพ ั ะพะณัะฐะฝะธัะตะฝะฝะพะน ะพัะฒะตัััะฒะตะฝะฝะพัััั \"ะะฟัะตะบะฐ ะะปัั\"',NULL,'1102068948','110201001'),('ฐINำs฿\0ะะ๔)','ะะะะ  ะะะกะะฃะะะะะะะกะะะฏ ะะะ.ะะะะคะกะะฎะะ ะะะ.ะะะะะะะะฅะ.','ะะพะผะธ ัะตัะฟัะฑะปะธะบะฐะฝัะบะฐั ะพัะณะฐะฝะธะทะฐัะธั ะัะพััะพัะทะฐ ัะฐะฑะพัะฝะธะบะพะฒ ะทะดัะฐะฒะพะพััะฐะฝะตะฝะธั',NULL,'1101470950','110101001'),('ฐดต้เ\\\0ะะ๔)','ะะะะงะะ','ะะะ \"ะะะะงะะ\"',NULL,'1101131690','110101001'),('ทV#?s฿\0ะะ๔)','ะคะะะะะฆะะฏ','ะะะ \"ะคะะะะะฆะะฏ\"',NULL,'1101091687','110101001'),('นuุเ\\\0ะะ๔)','ะะะ ะะ03','ะะฑัะตััะฒะพ ั ะพะณัะฐะฝะธัะตะฝะฝะพะน ะพัะฒะตัััะฒะตะฝะฝะพัััั \"ะะ03\"/ะะะ \"ะะ03\"',NULL,'1101071144','110101001'),('บข๕@ฌก\0ะะ๔)','ะกะฐะฒะธะฝะฐ ะะฐัะธั ะะปะฐะดะธะผะธัะพะฒะฝะฐ','ะกะฐะฒะธะฝะฐ ะะฐัะธั ะะปะฐะดะธะผะธัะพะฒะฝะฐ',NULL,'110108519619',''),('ฦ\r&Ps฿\0ะะ๔)','ะะะะ ะฆะะะขะ ะกะะะขะะคะะะะฆะะ','ะะะ \"ะะะะ ะฆะะะขะ ะกะะะขะะคะะะะฆะะ\"',NULL,'1101034625','110101001'),('ษดฌนฃ฿ด7\00Hศ\'','ะะฐะทะผะฐะฝะพะฒ ะะพะฝััะฐะฝัะธะฝ ะกะตัะณะตะตะฒะธั','ะะฐะทะผะฐะฝะพะฒ ะะพะฝััะฐะฝัะธะฝ ะกะตัะณะตะตะฒะธั',NULL,'',''),('ส๘เ\\\0ะะ๔)','ะคะะะฃ ะะะกะะะกะะะคะะะ','ะคะตะดะตัะฐะปัะฝะพะต ะณะพััะดะฐัััะฒะตะฝะฝะพะต ะฑัะดะถะตัะฝะพะต ัััะตะถะดะตะฝะธะต \"ะะพัะปะตัะธะฝัะพัะณ\"',NULL,'7722319952','352543001'),('อฃ}>เ\\\0ะะ๔)','ะคะะะะ-ะฃะะะะกะะะ ะะฃะะฌะขะฃะะะซะ ะฆะะะขะ ะะค','ะคะธะปะธะฐะป ะคะะะฃะ ะะะะะข - \"ะคะธะฝะฝะพ-ัะณะพััะบะธะน ะบัะปััััะฝัะน ัะตะฝัั ะะพััะธะนัะบะพะน ะคะตะดะตัะฐัะธะธ\"',NULL,'7701021682','110102001'),('ฮQs฿\0ะะ๔)','ะกะะะะะกะขะะะ/ััะบััะฒะบะฐั','ะะะ \"ะกะะะะะกะขะะะ\"',NULL,'1101117254','110101001'),('{ย๎s฿\0ะะ๔)','ะกะะฃะ ะฅะะะฏะะกะขะะะะะะ ะฃะะะะะะะะะ ะะ \"ะะะะะ ะกะซะะขะซะะะะ\"','ะกะะฃะ \"ะฅะะะฏะะกะขะะะะะะ ะฃะะะะะะะะะ\"',NULL,'1101486325','110101001'),('ศ๏.ใด\0%','ะะตะณะฐ-ัะตัะฝะธะบะฐ ะกะตะฒะตัะพ-ะะฐะฟะฐะด','ะะะ \"ะะตะณะฐ-ัะตัะฝะธะบะฐ ะกะตะฒะตัะพ-ะะฐะฟะฐะด\"',NULL,'7805636627','780501001'),('แ\r\\ฟ฿ฟั\00Hศ\'','ะะะขะะะะะะะะะขะะะะงะะกะะะ ะะฎะะ','ะะะฃะ ะะ \"ะะะขะะะะะะะะะขะะะะงะะกะะะ ะะฎะะ\"',NULL,'1101482539','110101001'),('ใาถ_แผ๒\00Hศ\'','ะัััะบะธะฝ ะะฝัะพะฝ ะกะตัะณะตะตะฒะธั','ะะ ะัััะบะธะฝ ะะฝัะพะฝ ะกะตัะณะตะตะฒะธั',NULL,'112104824083',''),('ไO^ฯs฿\0ะะ๔)','ะจะบะพะปะฐ-ะธะฝัะตัะฝะฐั โ3','ะะะฃ ะะ \"ะกะฟะตัะธะฐะปัะฝะฐั (ะบะพััะตะบัะธะพะฝะฝะฐั) ัะบะพะปะฐ-ะธะฝัะตัะฝะฐั โ3 ะดะปั ะดะตัะตะน-ัะธัะพั ะธ ะดะตัะตะน, ะพััะฐะฒัะธััั ะฑะตะท ะฟะพะฟะตัะตะฝะธั ัะพะดะธัะตะปะตะน\" ะณ.ะกัะบััะฒะบะฐัะฐ',NULL,'1121001730','112101001'),('๊o|ฺแแทญ\00Hศ\'','ะขะกะ','ะะะ \"ะขัะฐะฝัะฟะพััะฝะพ-ัััะพะธัะตะปัะฝะฐั ะะพะผะฟะฐะฝะธั\"',NULL,'1101089984','110101001'),('๋ภ๖โฅ\0%','ะกะขะ-ะะฒัะพ-ะกะตัะฒะธั','ะะะ \"ะกะขะ-ะะฒัะพ-ะกะตัะฒะธั\"',NULL,'1121001498','112101001'),('๙&ใด\0%','ะะตะบัะพั-ะก','ะะะ \"ะะตะบัะพั-ะก\"',NULL,'1101077097','110101001'),('๛3iฯโฑ\00Hศ\'','ะััะธัั','ะะะ \"ะััะธัั\"',NULL,'1101097262','110101001'),('ณซเ\\\0ะะ๔)','ะะะะะะ-ะะ ะะะะกะะะะะะะะ ะะะะะะะะะะะะะ ะ ะ. ะกะซะะขะซะะะะะ','ะะะ \"ะะะะะะ-ะะ ะะะะกะะะะะะะะ ะะะะะะะะะะะะะ ะ ะ. ะกะซะะขะซะะะะะ\"',NULL,'7725203410','772501001');
/*!40000 ALTER TABLE `contragents` ENABLE KEYS */;
UNLOCK TABLES;

--
-- Table structure for table `divServicesSLA`
--

DROP TABLE IF EXISTS `divServicesSLA`;
/*!40101 SET @saved_cs_client     = @@character_set_client */;
/*!40101 SET character_set_client = utf8 */;
CREATE TABLE `divServicesSLA` (
  `guid` binary(16) NOT NULL,
  `contract_guid` binary(16) NOT NULL,
  `service_guid` binary(16) NOT NULL,
  `divType_guid` binary(16) NOT NULL,
  `slaLevel` enum('critical','high','medium','low') NOT NULL,
  `dayType` set('work','weekend') NOT NULL,
  `toReact` int(10) unsigned NOT NULL DEFAULT '30',
  `toFix` int(10) unsigned NOT NULL DEFAULT '2880',
  `toRepair` int(10) unsigned NOT NULL DEFAULT '14400',
  `quality` float NOT NULL DEFAULT '90',
  `startDayTime` time DEFAULT '00:00:00',
  `endDayTime` time DEFAULT '23:59:59',
  `isDefault` tinyint(1) NOT NULL DEFAULT '0',
  `update` tinyint(1) NOT NULL DEFAULT '1',
  PRIMARY KEY (`contract_guid`,`service_guid`,`divType_guid`,`slaLevel`,`dayType`),
  KEY `fk_service_IDX` (`service_guid`),
  KEY `fk_divType_IDX` (`divType_guid`),
  CONSTRAINT `fk_divServicesSLA_contract` FOREIGN KEY (`contract_guid`) REFERENCES `contracts` (`guid`) ON DELETE NO ACTION ON UPDATE NO ACTION,
  CONSTRAINT `fk_divServicesSLA_divType` FOREIGN KEY (`divType_guid`) REFERENCES `divisionTypes` (`guid`) ON DELETE NO ACTION ON UPDATE NO ACTION,
  CONSTRAINT `fk_divServicesSLA_service` FOREIGN KEY (`service_guid`) REFERENCES `services` (`guid`) ON DELETE NO ACTION ON UPDATE NO ACTION
) ENGINE=InnoDB DEFAULT CHARSET=utf8;
/*!40101 SET character_set_client = @saved_cs_client */;

--
-- Dumping data for table `divServicesSLA`
--

LOCK TABLES `divServicesSLA` WRITE;
/*!40000 ALTER TABLE `divServicesSLA` DISABLE KEYS */;
INSERT INTO `divServicesSLA` VALUES ('ือจนๆชจ\0]\n\n','r:พๅงช\0%','P%dmไๆ๓\0%','๘ณซ7Tๆญj\0%','medium','work',360,360,360,85,'09:00:00','18:00:00',0,1),('ึf\Zนๆชจ\0]\n\n','r:พๅงช\0%','P%dmไๆ๓\0%','๘ณซ7Tๆญj\0%','medium','work',480,480,480,85,'09:00:00','18:00:00',0,1),('ฺฬนๆชจ\0]\n\n','r:พๅงช\0%','P%dmไๆ๓\0%','๘ณซ7Tๆญj\0%','medium','work',240,240,240,85,'09:00:00','18:00:00',0,1),('ำWฮนๆชจ\0]\n\n','r:พๅงช\0%','P%dกmไๆ๓\0%','๘ณซ7Tๆญj\0%','medium','work',480,480,480,85,'09:00:00','18:00:00',0,1),('ิญนๆชจ\0]\n\n','r:พๅงช\0%','P%dฃmไๆ๓\0%','๘ณซ7Tๆญj\0%','medium','work',480,480,480,85,'09:00:00','18:00:00',0,1),('็พนๆชจ\0]\n\n','r:พๅงช\0%','ใฎmไๆ๓\0%','๘ณซ7Tๆญj\0%','medium','work',960,960,960,85,'09:00:00','18:00:00',0,1),('ูนๆชจ\0]\n\n','r:พๅงช\0%','ใฎmไๆ๓\0%','๘ณซ7Tๆญj\0%','medium','work,weekend',10080,10080,10080,85,'00:00:00','23:59:59',0,1),('โยนๆชจ\0]\n\n','๗\"ฟ3ๅงช\0%','P%dmไๆ๓\0%','๘ณซ7Tๆญj\0%','medium','work',360,360,360,85,'09:00:00','18:00:00',0,1),('เนๆชจ\0]\n\n','๗\"ฟ3ๅงช\0%','P%dmไๆ๓\0%','๘ณซ7Tๆญj\0%','medium','work',480,480,480,85,'09:00:00','18:00:00',0,1),('ๅ\nสนๆชจ\0]\n\n','๗\"ฟ3ๅงช\0%','P%dmไๆ๓\0%','๘ณซ7Tๆญj\0%','medium','work',240,240,240,85,'09:00:00','18:00:00',0,1),('Oนๆชจ\0]\n\n','๗\"ฟ3ๅงช\0%','P%dกmไๆ๓\0%','๘ณซ7Tๆญj\0%','medium','work',480,480,480,85,'09:00:00','18:00:00',0,1),('฿Yนๆชจ\0]\n\n','๗\"ฟ3ๅงช\0%','P%dฃmไๆ๓\0%','๘ณซ7Tๆญj\0%','medium','work',480,480,480,85,'09:00:00','18:00:00',0,1),('ๆะนๆชจ\0]\n\n','๗\"ฟ3ๅงช\0%','ใฎmไๆ๓\0%','๘ณซ7Tๆญj\0%','medium','work',960,960,960,85,'09:00:00','18:00:00',0,1),('ใพนๆชจ\0]\n\n','๗\"ฟ3ๅงช\0%','ใฎmไๆ๓\0%','๘ณซ7Tๆญj\0%','medium','work,weekend',4320,10080,10080,85,'00:00:00','23:59:59',0,1),('อwนๆชจ\0]\n\n','rCพmๅงช\0%','P%dmไๆ๓\0%','๘ณซ7Tๆญj\0%','medium','work',360,360,360,85,'09:00:00','18:00:00',0,1),('ฬ๒นๆชจ\0]\n\n','rCพmๅงช\0%','P%dmไๆ๓\0%','๘ณซ7Tๆญj\0%','medium','work',480,480,480,85,'09:00:00','18:00:00',0,1),('ะบนๆชจ\0]\n\n','rCพmๅงช\0%','P%dmไๆ๓\0%','๘ณซ7Tๆญj\0%','medium','work',240,240,240,85,'09:00:00','18:00:00',0,1),('ษWนๆชจ\0]\n\n','rCพmๅงช\0%','P%dกmไๆ๓\0%','๘ณซ7Tๆญj\0%','medium','work',480,480,480,85,'09:00:00','18:00:00',0,1),('สฎCนๆชจ\0]\n\n','rCพmๅงช\0%','P%dฃmไๆ๓\0%','๘ณซ7Tๆญj\0%','medium','work',480,480,480,85,'09:00:00','18:00:00',0,1),('ั๎ฑนๆชจ\0]\n\n','rCพmๅงช\0%','ใฎmไๆ๓\0%','๘ณซ7Tๆญj\0%','medium','work',960,960,960,85,'09:00:00','18:00:00',0,1),('ฯGฮนๆชจ\0]\n\n','rCพmๅงช\0%','ใฎmไๆ๓\0%','๘ณซ7Tๆญj\0%','medium','work,weekend',10080,10080,10080,85,'00:00:00','23:59:59',0,1),('ร6เนๆชจ\0]\n\n','อ\"ฝำๅงช\0%','P%dmไๆ๓\0%','๘ณซ7Tๆญj\0%','medium','work',360,360,360,85,'09:00:00','18:00:00',0,1),('มมในๆชจ\0]\n\n','อ\"ฝำๅงช\0%','P%dmไๆ๓\0%','๘ณซ7Tๆญj\0%','medium','work',480,480,480,85,'09:00:00','18:00:00',0,1),('ฦeนๆชจ\0]\n\n','อ\"ฝำๅงช\0%','P%dmไๆ๓\0%','๘ณซ7Tๆญj\0%','medium','work',240,240,240,85,'09:00:00','18:00:00',0,1),('พ๊ นๆชจ\0]\n\n','อ\"ฝำๅงช\0%','P%dกmไๆ๓\0%','๘ณซ7Tๆญj\0%','medium','work',480,480,480,85,'09:00:00','18:00:00',0,1),('ภhนๆชจ\0]\n\n','อ\"ฝำๅงช\0%','P%dฃmไๆ๓\0%','๘ณซ7Tๆญj\0%','medium','work',480,480,480,85,'09:00:00','18:00:00',0,1),('ว๒ินๆชจ\0]\n\n','อ\"ฝำๅงช\0%','ใฎmไๆ๓\0%','๘ณซ7Tๆญj\0%','medium','work',960,960,960,85,'09:00:00','18:00:00',0,1),('ฤจgนๆชจ\0]\n\n','อ\"ฝำๅงช\0%','ใฎmไๆ๓\0%','๘ณซ7Tๆญj\0%','medium','work,weekend',10080,10080,10080,85,'00:00:00','23:59:59',0,1),('ฎ๙นๆชจ\0]\n\n','!yบๅงช\0%','P%dmไๆ๓\0%','๘ณซ7Tๆญj\0%','medium','work',360,360,360,85,'09:00:00','18:00:00',0,1),('ญNนๆชจ\0]\n\n','!yบๅงช\0%','P%dmไๆ๓\0%','๘ณซ7Tๆญj\0%','medium','work',480,480,480,85,'09:00:00','18:00:00',0,1),('ฑืนๆชจ\0]\n\n','!yบๅงช\0%','P%dmไๆ๓\0%','๘ณซ7Tๆญj\0%','medium','work',240,240,240,85,'09:00:00','18:00:00',0,1),('ชนๆชจ\0]\n\n','!yบๅงช\0%','P%dกmไๆ๓\0%','๘ณซ7Tๆญj\0%','medium','work',480,480,480,85,'09:00:00','18:00:00',0,1),('ซ๋wนๆชจ\0]\n\n','!yบๅงช\0%','P%dฃmไๆ๓\0%','๘ณซ7Tๆญj\0%','medium','work',480,480,480,85,'09:00:00','18:00:00',0,1),('ณ*วนๆชจ\0]\n\n','!yบๅงช\0%','ใฎmไๆ๓\0%','๘ณซ7Tๆญj\0%','medium','work',960,960,960,85,'09:00:00','18:00:00',0,1),('ฐ[jนๆชจ\0]\n\n','!yบๅงช\0%','ใฎmไๆ๓\0%','๘ณซ7Tๆญj\0%','medium','work,weekend',10080,10080,10080,85,'00:00:00','23:59:59',0,1),('9๘ฯนๆชจ\0]\n\n','ฎ45^ผๆ๓\0%','P%dmไๆ๓\0%',')N๚nๆ๓\0%','low','work',180,180,1440,100,'09:15:00','18:00:00',0,1),('8Z\"นๆชจ\0]\n\n','ฎ45^ผๆ๓\0%','P%dmไๆ๓\0%','๘ณซ7Tๆญj\0%','high','work,weekend',60,360,360,100,'08:00:00','22:00:00',0,1),('<ว๛นๆชจ\0]\n\n','ฎ45^ผๆ๓\0%','P%dmไๆ๓\0%','๘ณซ7Tๆญj\0%','medium','work',60,720,720,100,'09:15:00','18:00:00',1,1),(';gนๆชจ\0]\n\n','ฎ45^ผๆ๓\0%','P%dmไๆ๓\0%','๘ณซ7Tๆญj\0%','low','work',60,720,1440,100,'09:15:00','18:00:00',0,1),('3๐นๆชจ\0]\n\n','ฎ45^ผๆ๓\0%','P%dmไๆ๓\0%',')N๚nๆ๓\0%','medium','work,weekend',180,180,720,100,'08:00:00','22:00:00',0,1),('5jนๆชจ\0]\n\n','ฎ45^ผๆ๓\0%','P%dmไๆ๓\0%','๘ณซ7Tๆญj\0%','medium','work,weekend',30,360,360,100,'08:00:00','22:00:00',0,1),('BฝQนๆชจ\0]\n\n','ฎ45^ผๆ๓\0%','P%dmไๆ๓\0%','๘ณซ7Tๆญj\0%','high','work,weekend',30,180,180,100,'08:00:00','22:00:00',0,1),('Atนๆชจ\0]\n\n','ฎ45^ผๆ๓\0%','P%dmไๆ๓\0%','๘ณซ7Tๆญj\0%','medium','work',60,720,720,100,'09:15:00','18:00:00',1,1),('?ษpนๆชจ\0]\n\n','ฎ45^ผๆ๓\0%','P%dmไๆ๓\0%','๘ณซ7Tๆญj\0%','low','work',60,720,1440,100,'09:15:00','18:00:00',0,1),('\\vแนๆชจ\0]\n\n','ฎ45^ผๆ๓\0%','P%dmไๆ๓\0%','๘ณซ7Tๆญj\0%','high','work',60,360,360,100,'09:15:00','18:00:00',0,1),(']ศ;นๆชจ\0]\n\n','ฎ45^ผๆ๓\0%','P%dmไๆ๓\0%','๘ณซ7Tๆญj\0%','high','work,weekend',30,180,180,100,'08:00:00','22:00:00',0,1),('`ฑ฿นๆชจ\0]\n\n','ฎ45^ผๆ๓\0%','P%dmไๆ๓\0%','๘ณซ7Tๆญj\0%','medium','work',60,960,960,100,'09:15:00','18:00:00',1,1),('_5)นๆชจ\0]\n\n','ฎ45^ผๆ๓\0%','P%dmไๆ๓\0%','๘ณซ7Tๆญj\0%','low','work',60,720,1440,100,'09:15:00','18:00:00',0,1),('Xนๆชจ\0]\n\n','ฎ45^ผๆ๓\0%','P%dmไๆ๓\0%','๘ณซ7Tๆญj\0%','high','work',60,360,360,100,'09:15:00','18:00:00',0,1),('Yสนๆชจ\0]\n\n','ฎ45^ผๆ๓\0%','P%dmไๆ๓\0%','๘ณซ7Tๆญj\0%','high','work,weekend',30,180,180,100,'08:00:00','22:00:00',0,1),('V5&นๆชจ\0]\n\n','ฎ45^ผๆ๓\0%','P%dmไๆ๓\0%','๘ณซ7Tๆญj\0%','medium','work',60,960,960,100,'09:15:00','18:00:00',1,1),('T฿\\นๆชจ\0]\n\n','ฎ45^ผๆ๓\0%','P%dmไๆ๓\0%','๘ณซ7Tๆญj\0%','low','work',60,720,1440,100,'09:15:00','18:00:00',0,1),('Se๕นๆชจ\0]\n\n','ฎ45^ผๆ๓\0%','P%dmไๆ๓\0%','๘ณซ7Tๆญj\0%','high','work',60,360,360,100,'09:15:00','18:00:00',0,1),('Oอนๆชจ\0]\n\n','ฎ45^ผๆ๓\0%','P%dmไๆ๓\0%','๘ณซ7Tๆญj\0%','high','work,weekend',30,180,180,100,'08:00:00','22:00:00',0,1),('Qๆนๆชจ\0]\n\n','ฎ45^ผๆ๓\0%','P%dmไๆ๓\0%','๘ณซ7Tๆญj\0%','medium','work',60,720,720,100,'09:15:00','18:00:00',1,1),('Pzปนๆชจ\0]\n\n','ฎ45^ผๆ๓\0%','P%dmไๆ๓\0%','๘ณซ7Tๆญj\0%','low','work',60,720,1440,100,'09:15:00','18:00:00',0,1),('Jtนๆชจ\0]\n\n','ฎ45^ผๆ๓\0%','P%dmไๆ๓\0%','๘ณซ7Tๆญj\0%','high','work',30,180,180,100,'09:15:00','18:00:00',0,1),('HsEนๆชจ\0]\n\n','ฎ45^ผๆ๓\0%','P%dmไๆ๓\0%','๘ณซ7Tๆญj\0%','medium','work',120,720,720,100,'09:15:00','18:00:00',1,1),('M,นๆชจ\0]\n\n','ฎ45^ผๆ๓\0%','P%dmไๆ๓\0%','๘ณซ7Tๆญj\0%','low','work',120,1440,1440,100,'09:15:00','18:00:00',0,1),('6่Bนๆชจ\0]\n\n','ฎ45^ผๆ๓\0%','P%dmไๆ๓\0%','๘ณซ7Tๆญj\0%','medium','work',30,720,720,100,'09:15:00','18:00:00',0,1),('[นๆชจ\0]\n\n','ฎ45^ผๆ๓\0%','ใฎmไๆ๓\0%','๘ณซ7Tๆญj\0%','medium','work,weekend',10080,10080,10080,100,'00:00:00','23:59:59',0,1),('Eoนๆชจ\0]\n\n','ฎ45^ผๆ๓\0%','ใฎแmไๆ๓\0%',')N๚nๆ๓\0%','medium','work,weekend',180,360,360,100,'08:00:00','22:00:00',1,1),('Fูฐนๆชจ\0]\n\n','ฎ45^ผๆ๓\0%','ใฎแmไๆ๓\0%','๘ณซ7Tๆญj\0%','medium','work,weekend',30,180,180,100,'08:00:00','22:00:00',1,1),('ํeนๆชจ\0]\n\n','ำ#Z\'ๆญj\0%','P%dmไๆ๓\0%','๘ณซ7Tๆญj\0%','medium','work',360,360,360,85,'09:00:00','18:00:00',0,1),('๋bนๆชจ\0]\n\n','ำ#Z\'ๆญj\0%','P%dmไๆ๓\0%','๘ณซ7Tๆญj\0%','medium','work',480,480,480,85,'09:00:00','18:00:00',0,1),('๐งหนๆชจ\0]\n\n','ำ#Z\'ๆญj\0%','P%dmไๆ๓\0%','๘ณซ7Tๆญj\0%','medium','work',240,240,240,85,'09:00:00','18:00:00',0,1),('็๓ลนๆชจ\0]\n\n','ำ#Z\'ๆญj\0%','P%dกmไๆ๓\0%','๘ณซ7Tๆญj\0%','medium','work',480,480,480,85,'09:00:00','18:00:00',0,1),('้๊นๆชจ\0]\n\n','ำ#Z\'ๆญj\0%','P%dฃmไๆ๓\0%','๘ณซ7Tๆญj\0%','medium','work',480,480,480,85,'09:00:00','18:00:00',0,1),('๒7นๆชจ\0]\n\n','ำ#Z\'ๆญj\0%','ใฎmไๆ๓\0%','๘ณซ7Tๆญj\0%','medium','work',960,960,960,85,'09:00:00','18:00:00',0,1),('๎ธGนๆชจ\0]\n\n','ำ#Z\'ๆญj\0%','ใฎmไๆ๓\0%','๘ณซ7Tๆญj\0%','medium','work,weekend',4320,10080,10080,85,'00:00:00','23:59:59',0,1),('eDนๆชจ\0]\n\n','๒Bi,ๆ๓\0%','P%dmไๆ๓\0%','๘ณซ7Tๆญj\0%','high','work,weekend',60,360,360,100,'08:00:00','22:00:00',0,1),('hนๆชจ\0]\n\n','๒Bi,ๆ๓\0%','P%dmไๆ๓\0%','๘ณซ7Tๆญj\0%','medium','work',60,720,720,100,'09:15:00','18:00:00',1,1),('f@นๆชจ\0]\n\n','๒Bi,ๆ๓\0%','P%dmไๆ๓\0%','๘ณซ7Tๆญj\0%','low','work',60,720,1440,100,'09:15:00','18:00:00',0,1),('b37นๆชจ\0]\n\n','๒Bi,ๆ๓\0%','P%dmไๆ๓\0%','๘ณซ7Tๆญj\0%','medium','work,weekend',30,360,360,100,'08:00:00','22:00:00',0,1),('kU6นๆชจ\0]\n\n','๒Bi,ๆ๓\0%','P%dmไๆ๓\0%','๘ณซ7Tๆญj\0%','high','work,weekend',30,180,180,100,'08:00:00','22:00:00',0,1),('oฌนๆชจ\0]\n\n','๒Bi,ๆ๓\0%','P%dmไๆ๓\0%','๘ณซ7Tๆญj\0%','medium','work',60,720,720,100,'09:15:00','18:00:00',1,1),('n>นๆชจ\0]\n\n','๒Bi,ๆ๓\0%','P%dmไๆ๓\0%','๘ณซ7Tๆญj\0%','low','work',60,720,1440,100,'09:15:00','18:00:00',0,1),('&เนๆชจ\0]\n\n','๒Bi,ๆ๓\0%','P%dmไๆ๓\0%','๘ณซ7Tๆญj\0%','high','work',60,360,360,100,'09:15:00','18:00:00',0,1),('ฎนๆชจ\0]\n\n','๒Bi,ๆ๓\0%','P%dmไๆ๓\0%','๘ณซ7Tๆญj\0%','high','work,weekend',30,180,180,100,'08:00:00','22:00:00',0,1),('ขฃนๆชจ\0]\n\n','๒Bi,ๆ๓\0%','P%dmไๆ๓\0%','๘ณซ7Tๆญj\0%','medium','work',60,960,960,100,'09:15:00','18:00:00',1,1),('ฟSนๆชจ\0]\n\n','๒Bi,ๆ๓\0%','P%dmไๆ๓\0%','๘ณซ7Tๆญj\0%','low','work',60,720,1440,100,'09:15:00','18:00:00',0,1),('ูนๆชจ\0]\n\n','๒Bi,ๆ๓\0%','P%dmไๆ๓\0%','๘ณซ7Tๆญj\0%','high','work',60,360,360,100,'09:15:00','18:00:00',0,1),('~ฐxนๆชจ\0]\n\n','๒Bi,ๆ๓\0%','P%dmไๆ๓\0%','๘ณซ7Tๆญj\0%','high','work,weekend',30,180,180,100,'08:00:00','22:00:00',0,1),('zPนๆชจ\0]\n\n','๒Bi,ๆ๓\0%','P%dmไๆ๓\0%','๘ณซ7Tๆญj\0%','medium','work',60,960,960,100,'09:15:00','18:00:00',1,1),('.รนๆชจ\0]\n\n','๒Bi,ๆ๓\0%','P%dmไๆ๓\0%','๘ณซ7Tๆญj\0%','low','work',60,720,1440,100,'09:15:00','18:00:00',0,1),('y๒นๆชจ\0]\n\n','๒Bi,ๆ๓\0%','P%dmไๆ๓\0%','๘ณซ7Tๆญj\0%','high','work',60,360,360,100,'09:15:00','18:00:00',0,1),('{ลtนๆชจ\0]\n\n','๒Bi,ๆ๓\0%','P%dmไๆ๓\0%','๘ณซ7Tๆญj\0%','high','work,weekend',30,180,180,100,'08:00:00','22:00:00',0,1),('xนๆชจ\0]\n\n','๒Bi,ๆ๓\0%','P%dmไๆ๓\0%','๘ณซ7Tๆญj\0%','medium','work',60,720,720,100,'09:15:00','18:00:00',1,1),('}C(นๆชจ\0]\n\n','๒Bi,ๆ๓\0%','P%dmไๆ๓\0%','๘ณซ7Tๆญj\0%','low','work',60,720,1440,100,'09:15:00','18:00:00',0,1),('u{นๆชจ\0]\n\n','๒Bi,ๆ๓\0%','P%dmไๆ๓\0%','๘ณซ7Tๆญj\0%','high','work',30,180,180,100,'09:15:00','18:00:00',0,1),('tนๆชจ\0]\n\n','๒Bi,ๆ๓\0%','P%dmไๆ๓\0%','๘ณซ7Tๆญj\0%','medium','work',120,720,720,100,'09:15:00','18:00:00',1,1),('rนๆชจ\0]\n\n','๒Bi,ๆ๓\0%','P%dmไๆ๓\0%','๘ณซ7Tๆญj\0%','low','work',120,1440,1440,100,'09:15:00','18:00:00',0,1),('cพKนๆชจ\0]\n\n','๒Bi,ๆ๓\0%','P%dmไๆ๓\0%','๘ณซ7Tๆญj\0%','medium','work',30,720,720,100,'09:15:00','18:00:00',0,1),('S5นๆชจ\0]\n\n','๒Bi,ๆ๓\0%','ใฎmไๆ๓\0%','๘ณซ7Tๆญj\0%','medium','work,weekend',10080,10080,10080,100,'00:00:00','23:59:59',0,1),('qนๆชจ\0]\n\n','๒Bi,ๆ๓\0%','ใฎแmไๆ๓\0%','๘ณซ7Tๆญj\0%','medium','work,weekend',30,180,180,100,'08:00:00','22:00:00',1,1),('nนๆชจ\0]\n\n','๚ำนฟๅงช\0%','P%dmไๆ๓\0%','๘ณซ7Tๆญj\0%','medium','work',360,360,360,85,'09:00:00','18:00:00',0,1),('๚นๆชจ\0]\n\n','๚ำนฟๅงช\0%','P%dmไๆ๓\0%','๘ณซ7Tๆญj\0%','medium','work',480,480,480,85,'09:00:00','18:00:00',0,1),('Xนๆชจ\0]\n\n','๚ำนฟๅงช\0%','P%dmไๆ๓\0%','๘ณซ7Tๆญj\0%','medium','work',240,240,240,85,'09:00:00','18:00:00',0,1),('Nนๆชจ\0]\n\n','๚ำนฟๅงช\0%','P%dกmไๆ๓\0%','๘ณซ7Tๆญj\0%','medium','work',480,480,480,85,'09:00:00','18:00:00',0,1),('้นๆชจ\0]\n\n','๚ำนฟๅงช\0%','P%dฃmไๆ๓\0%','๘ณซ7Tๆญj\0%','medium','work',480,480,480,85,'09:00:00','18:00:00',0,1),('ฑนๆชจ\0]\n\n','๚ำนฟๅงช\0%','ใฎmไๆ๓\0%','๘ณซ7Tๆญj\0%','medium','work',960,960,960,85,'09:00:00','18:00:00',0,1),('ื็นๆชจ\0]\n\n','๚ำนฟๅงช\0%','ใฎmไๆ๓\0%','๘ณซ7Tๆญj\0%','medium','work,weekend',10080,10080,10080,85,'00:00:00','23:59:59',0,1),('uQนๆชจ\0]\n\n','๚ฺนฟๅงช\0%','P%dmไๆ๓\0%','๘ณซ7Tๆญj\0%','medium','work',360,360,360,85,'09:00:00','18:00:00',0,1),('้นๆชจ\0]\n\n','๚ฺนฟๅงช\0%','P%dmไๆ๓\0%','๘ณซ7Tๆญj\0%','medium','work',480,480,480,85,'09:00:00','18:00:00',0,1),('ผrนๆชจ\0]\n\n','๚ฺนฟๅงช\0%','P%dmไๆ๓\0%','๘ณซ7Tๆญj\0%','medium','work',240,240,240,85,'09:00:00','18:00:00',0,1),('$jนๆชจ\0]\n\n','๚ฺนฟๅงช\0%','P%dกmไๆ๓\0%','๘ณซ7Tๆญj\0%','medium','work',480,480,480,85,'09:00:00','18:00:00',0,1),('กนๆชจ\0]\n\n','๚ฺนฟๅงช\0%','P%dฃmไๆ๓\0%','๘ณซ7Tๆญj\0%','medium','work',480,480,480,85,'09:00:00','18:00:00',0,1),('@oนๆชจ\0]\n\n','๚ฺนฟๅงช\0%','ใฎmไๆ๓\0%','๘ณซ7Tๆญj\0%','medium','work',960,960,960,85,'09:00:00','18:00:00',0,1),('฿^นๆชจ\0]\n\n','๚ฺนฟๅงช\0%','ใฎmไๆ๓\0%','๘ณซ7Tๆญj\0%','medium','work,weekend',10080,10080,10080,85,'00:00:00','23:59:59',0,1),('คโ๗นๆชจ\0]\n\n','๚แนฟๅงช\0%','P%dmไๆ๓\0%','๘ณซ7Tๆญj\0%','medium','work',360,360,360,85,'09:00:00','18:00:00',0,1),('ฃนๆชจ\0]\n\n','๚แนฟๅงช\0%','P%dmไๆ๓\0%','๘ณซ7Tๆญj\0%','medium','work',480,480,480,85,'09:00:00','18:00:00',0,1),('งโนๆชจ\0]\n\n','๚แนฟๅงช\0%','P%dmไๆ๓\0%','๘ณซ7Tๆญj\0%','medium','work',240,240,240,85,'09:00:00','18:00:00',0,1),('ชฉนๆชจ\0]\n\n','๚แนฟๅงช\0%','P%dกmไๆ๓\0%','๘ณซ7Tๆญj\0%','medium','work',480,480,480,85,'09:00:00','18:00:00',0,1),('ข4นๆชจ\0]\n\n','๚แนฟๅงช\0%','P%dฃmไๆ๓\0%','๘ณซ7Tๆญj\0%','medium','work',480,480,480,85,'09:00:00','18:00:00',0,1),('ฉ]นๆชจ\0]\n\n','๚แนฟๅงช\0%','ใฎmไๆ๓\0%','๘ณซ7Tๆญj\0%','medium','work',960,960,960,85,'09:00:00','18:00:00',0,1),('ฆN:นๆชจ\0]\n\n','๚แนฟๅงช\0%','ใฎmไๆ๓\0%','๘ณซ7Tๆญj\0%','medium','work,weekend',4320,10080,10080,85,'00:00:00','23:59:59',0,1),('น0นๆชจ\0]\n\n','๚ดฝฑๅงช\0%','P%dmไๆ๓\0%','๘ณซ7Tๆญj\0%','medium','work',480,480,480,85,'09:00:00','21:00:00',0,1),('ทฺนๆชจ\0]\n\n','๚ดฝฑๅงช\0%','P%dmไๆ๓\0%','๘ณซ7Tๆญj\0%','medium','work',480,480,480,85,'09:00:00','21:00:00',0,1),('ปโนๆชจ\0]\n\n','๚ดฝฑๅงช\0%','P%dmไๆ๓\0%','๘ณซ7Tๆญj\0%','medium','work',240,240,240,85,'09:00:00','21:00:00',0,1),('ดซนๆชจ\0]\n\n','๚ดฝฑๅงช\0%','P%dกmไๆ๓\0%','๘ณซ7Tๆญj\0%','medium','work',480,480,480,85,'09:00:00','21:00:00',0,1),('ถนๆชจ\0]\n\n','๚ดฝฑๅงช\0%','P%dฃmไๆ๓\0%','๘ณซ7Tๆญj\0%','medium','work',480,480,480,85,'09:00:00','21:00:00',0,1),('ฝ/นๆชจ\0]\n\n','๚ดฝฑๅงช\0%','ใฎmไๆ๓\0%','๘ณซ7Tๆญj\0%','medium','work',960,960,960,85,'09:00:00','21:00:00',0,1),('บtQนๆชจ\0]\n\n','๚ดฝฑๅงช\0%','ใฎmไๆ๓\0%','๘ณซ7Tๆญj\0%','medium','work,weekend',10080,10080,10080,85,'00:00:00','23:59:59',0,1);
/*!40000 ALTER TABLE `divServicesSLA` ENABLE KEYS */;
UNLOCK TABLES;

--
-- Table structure for table `divisionTypes`
--

DROP TABLE IF EXISTS `divisionTypes`;
/*!40101 SET @saved_cs_client     = @@character_set_client */;
/*!40101 SET character_set_client = utf8 */;
CREATE TABLE `divisionTypes` (
  `guid` binary(16) NOT NULL,
  `name` varchar(64) NOT NULL,
  `comment` text,
  PRIMARY KEY (`guid`),
  UNIQUE KEY `name_UNIQUE` (`name`)
) ENGINE=InnoDB DEFAULT CHARSET=utf8;
/*!40101 SET character_set_client = @saved_cs_client */;

--
-- Dumping data for table `divisionTypes`
--

LOCK TABLES `divisionTypes` WRITE;
/*!40000 ALTER TABLE `divisionTypes` DISABLE KEYS */;
INSERT INTO `divisionTypes` VALUES (')N๚nๆ๓\0%','ะกะพัะฝะพะณะพััะบ','ะกะพัะฝะพะณะพััะบ'),(')N๚nๆ๓\0%','ะะตัะฟัะฑะปะธะบะฐ ะะพะผะธ','ะะฝะต ะณะพัะพะดะฐ'),('9nฐบฮๆ๓\0%','ะะพัะปะฐั',''),('9nฐอฮๆ๓\0%','ะััะฐะฝะณะตะปััะบะฐั ะพะฑะป',''),('๘ณซ\'Tๆญj\0%','ะะตัะพัะฐ','ะะตัะพัะฐ'),('๘ณซ)Tๆญj\0%','ะะนะบะธะฝะพ','ะะนะบะธะฝะพ'),('๘ณซ+Tๆญj\0%','ะะพัะบััะฐ','ะะพัะบััะฐ'),('๘ณซ-Tๆญj\0%','ะัะบััะป','ะัะบััะป'),('๘ณซ/Tๆญj\0%','ะะผะฒะฐ','ะะผะฒะฐ'),('๘ณซ1Tๆญj\0%','ะะถะผะฐ','ะะถะผะฐ'),('๘ณซ3Tๆญj\0%','ะะฝัะฐ','ะะฝัะฐ'),('๘ณซ5Tๆญj\0%','ะะฑัััะตะฒะพ','ะะฑัััะตะฒะพ, ะะธะทะธะฝะณะฐ, ะะพะนะณะพัะพะดะพะบ'),('๘ณซ7Tๆญj\0%','ะกัะบััะฒะบะฐั','ะกัะบััะฒะบะฐั, ะญะถะฒะฐ, ะงะพะฒ, ะัะปัะณะพัั'),('๘ณซ9Tๆญj\0%','ะขัะพะธัะบะพ-ะะตัะพััะบ','ะขัะพะธัะบะพ-ะะตัะพััะบ'),('๘ณซ;Tๆญj\0%','ะฃะดะพััะบะธะน ัะฐะนะพะฝ','ะฃะดะพััะบะธะน'),('๘ณซ=Tๆญj\0%','ะฃัะธะฝัะบ','ะฃัะธะฝัะบ'),('๘ณซ?Tๆญj\0%','ะฃััั-ะัะปะพะผ','ะฃััั-ะัะปะพะผ, ะะพััะบะตัะพั, ะะดะถะตัะพะผ'),('๘ณซBTๆญj\0%','ะฃััั-ะฆะธะปัะผะฐ','ะฃััั-ะฆะธะปัะผะฐ'),('๘ณซDTๆญj\0%','ะฃััะฐ','ะฃััะฐ');
/*!40000 ALTER TABLE `divisionTypes` ENABLE KEYS */;
UNLOCK TABLES;

--
-- Table structure for table `divisionWorkplaces`
--

DROP TABLE IF EXISTS `divisionWorkplaces`;
/*!40101 SET @saved_cs_client     = @@character_set_client */;
/*!40101 SET character_set_client = utf8 */;
CREATE TABLE `divisionWorkplaces` (
  `guid` binary(16) NOT NULL,
  `division_guid` binary(16) NOT NULL,
  `name` varchar(255) NOT NULL,
  `description` text,
  PRIMARY KEY (`guid`),
  UNIQUE KEY `byNameInDiv` (`division_guid`,`name`),
  KEY `fk_division_IDX` (`division_guid`),
  KEY `byName` (`name`),
  CONSTRAINT `fk_divisionWorkplaces_division` FOREIGN KEY (`division_guid`) REFERENCES `contractDivisions` (`guid`) ON DELETE NO ACTION ON UPDATE NO ACTION
) ENGINE=InnoDB DEFAULT CHARSET=utf8;
/*!40101 SET character_set_client = @saved_cs_client */;

--
-- Dumping data for table `divisionWorkplaces`
--

LOCK TABLES `divisionWorkplaces` WRITE;
/*!40000 ALTER TABLE `divisionWorkplaces` DISABLE KEYS */;
INSERT INTO `divisionWorkplaces` VALUES ('c@รqๆ๓\0%','O2W!ห	ๅงช\0%','ะกะบะปะฐะด',''),('c@ลqๆ๓\0%','O2W!ห	ๅงช\0%','ะะฝั',''),('c@วqๆ๓\0%','O2W!ห	ๅงช\0%','ะะฐัะฐัะฐ',''),('c@ษqๆ๓\0%','O2W!ห	ๅงช\0%','ะฎะปั',''),('c@หqๆ๓\0%','O2W!ห	ๅงช\0%','ะะฐะฒะตะป',''),('c@อqๆ๓\0%','O2W!ห	ๅงช\0%','ะะฐะบัะธะผ',''),('c@ฯqๆ๓\0%','O2W!ห	ๅงช\0%','ะะผะธััะธะน',''),('c@ัqๆ๓\0%','O2W!ห	ๅงช\0%','ะะฝะดัะตะน',''),('c@ำqๆ๓\0%','O2W!ห	ๅงช\0%','ะะปะตะณ',''),('c@ีqๆ๓\0%','O2W!ห	ๅงช\0%','ะะฑัะฐั',''),('c@ืqๆ๓\0%','\Zqฌ๔ไ\0%','ะะฑัะธะต',''),('c@ูqๆ๓\0%','\Zqฌ๔ไ\0%','ะกะบะปะฐะด 2',''),('c@qๆ๓\0%','\Zqฌ๔ไ\0%','ะกะบะปะฐะด 1',''),('c@qๆ๓\0%','\Zqฌ๔ไ\0%','ะญะปะตะบััะพัะบะปะฐะด',''),('c@฿qๆ๓\0%','\Zqฌ๔ไ\0%','ะัะฐะบะพะฒ ะ',''),('c@แqๆ๓\0%','\Zqฌ๔ไ\0%','ะะฒะฐัะบะพะฒ ะ',''),('c@ใqๆ๓\0%','\Zqฌ๔ไ\0%','ะกะฐะถะธะฝ ะ',''),('c@ๅqๆ๓\0%','\Zqฌ๔ไ\0%','ะะฐะฒะธะปะธะฝ ะ',''),('c@็qๆ๓\0%','\Zqฌ๔ไ\0%','ะะตััะธะฝะธะฝะฐ ะ',''),('ฯ}\nqๆ๓\0%','\Zqฌ๔ไ\0%','ะะพััะฝัะณะธะฝ ะ',''),('ฯ}\nqๆ๓\0%','\Zqฌ๔ไ\0%','ะะฐัะฐะบัะฐะฝะพะฒ ะ',''),('ฯ}\n฿qๆ๓\0%','\Zqฌ๔ไ\0%','ะะฐัะบะพะฒะธั ะ',''),('ฯ}\nแqๆ๓\0%','\Zqฌ๔ไ\0%','ะะฝัะพะฝะพะฒัะบะธะน ะ',''),('ฯ}\nใqๆ๓\0%','\Zqฌ๔ไ\0%','ะะฐัััะบะพะฒะฐ ะ',''),('ฯ}\nๅqๆ๓\0%','\Zqฌ๔ไ\0%','ะะฐััะฐ',''),('ฯ}\n็qๆ๓\0%','\Zqฌ๔ไ\0%','ะะฟัะพะฒัะน ัะบะปะฐะด',''),('ฯ}\n้qๆ๓\0%','ๆ{iณๆ๓\0%','ะะฑัะธะต',''),('ฯ}\n๋qๆ๓\0%','ๆ{iณๆ๓\0%','ะกะตะบัะตัะฐัั',''),('ฯ}\nํqๆ๓\0%','ๆ{iณๆ๓\0%','ะะธัะตะบัะพั',''),('ฯ}\n๏qๆ๓\0%','ๆ{iณๆ๓\0%','ะัั. ะะฐัะฐัะฐ',''),('ฯ}\n๑qๆ๓\0%','ๆ{iณๆ๓\0%','ะัั. ะขะฐัััะฝะฐ',''),('ฯ}\n๓qๆ๓\0%','ๆ{iณๆ๓\0%','ะัั. ะะธัะฐ',''),('ฯ}\n๕qๆ๓\0%','ๆ{iณๆ๓\0%','ะัั. ะะฐะดะตะถะดะฐ',''),('ฯ}\n๗qๆ๓\0%','ๆ{iณๆ๓\0%','ะะตะณะธัััะฐัััะฐ',''),('ฯ}\n๙qๆ๓\0%','ๆ{iณๆ๓\0%','ะะฐะฑะธะฝะตั 2',''),('ฯ}\n๛qๆ๓\0%','ๆ{iณๆ๓\0%','ะะฐะปะตะฝัะธะฝะฐ',''),('ฯ}\nqๆ๓\0%','ๆ{iณๆ๓\0%','ะฎะปั',''),('ฯ}\nqๆ๓\0%','ๆ{iณๆ๓\0%','ะะบัะฐะฝะฐ',''),('ฯ}qๆ๓\0%','ๆ{iณๆ๓\0%','ะะฒะณะตะฝะธั',''),('ฯ}qๆ๓\0%','&R.ๆญj\0%','ะะฐัะฐัะฐ',''),('ฯ}qๆ๓\0%','&R.ๆญj\0%','ะะฐัะฐัะฐ 2',''),('ฯ}qๆ๓\0%','&R.ๆญj\0%','ะฎะปั',''),('ฯ}	qๆ๓\0%','&R.ๆญj\0%','ะะฐะปะตะฝัะธะฝะฐ',''),('ฯ}qๆ๓\0%','&R.ๆญj\0%','ะะฐัะธะฝะฐ',''),('ฯ}\rqๆ๓\0%','ต~ฦ:ๆ\0%','Reception1',''),('ฯ}qๆ๓\0%','ต~ฦ:ๆ\0%','ROOM_127',''),('ฯ}qๆ๓\0%','ต~ฦ:ๆ\0%','3. CADCAM',''),('ฯ}qๆ๓\0%','ต~ฦ:ๆ\0%','4. X-RAY',''),('ฯ}qๆ๓\0%','ต~ฦ:ๆ\0%','ROOM_22',''),('ฯ}qๆ๓\0%','ต~ฦ:ๆ\0%','ROOM_26',''),('ฯ}qๆ๓\0%','ต~ฦ:ๆ\0%','ROOM_25',''),('ฯ}qๆ๓\0%','ต~ฦ:ๆ\0%','26',''),('ฯ}qๆ๓\0%','ต~ฦ:ๆ\0%','ROOM_27',''),('ฯ}qๆ๓\0%','ต~ฦ:ๆ\0%','RCUServer',''),('ฯ}!qๆ๓\0%','ต~ฦ:ๆ\0%','YURIST',''),('ฯ}#qๆ๓\0%','ต~ฦ:ๆ\0%','1CC',''),('ฯ}%qๆ๓\0%','ต~ฦ:ๆ\0%','Illa',''),('ฯ}\'qๆ๓\0%','ต~ฦ:ๆ\0%','Modus-host',''),('ฯ})qๆ๓\0%','ต~ฦ:ๆ\0%','SP Record',''),('ฯ}+qๆ๓\0%','ต~ฦ:ๆ\0%','Modus_pc1',''),('ฯ}-qๆ๓\0%','ต~ฦ:ๆ\0%','DIRECTOR',''),('ฯ}/qๆ๓\0%','อI#ฉๅ๕\0%','ะะธัะตะบัะพั',''),('ฯ}1qๆ๓\0%','อI#ฉๅ๕\0%','ะกะตัะฒะตั',''),('ฯ}3qๆ๓\0%','อI#ฉๅ๕\0%','ะะฐััะฐ 1',''),('ฯ}5qๆ๓\0%','อI#ฉๅ๕\0%','ะะฐััะฐ 2',''),('ฯ}7qๆ๓\0%','\'\'%<ร๔ไO\0%','ะะธัะตะบัะพั',''),('ฯ}9qๆ๓\0%','\'\'%<ร๔ไO\0%','ะกะตัะฒะตั',''),('ฯ};qๆ๓\0%','\'\'%<ร๔ไO\0%','1-ั ะบะฐััะฐ',''),('ฯ}=qๆ๓\0%','\'\'%<ร๔ไO\0%','2-ั ะบะฐััะฐ',''),('ฯ}?qๆ๓\0%','คFฌnทrไ\0%','ะะฐััะฐ',''),('ฯ}Aqๆ๓\0%','คFฌnทrไ\0%','ะกะตัะฒะตั',''),('ฯ}Cqๆ๓\0%','คFฌnทrไ\0%','ะะธัะตะบัะพั','');
/*!40000 ALTER TABLE `divisionWorkplaces` ENABLE KEYS */;
UNLOCK TABLES;

--
-- Table structure for table `documents`
--

DROP TABLE IF EXISTS `documents`;
/*!40101 SET @saved_cs_client     = @@character_set_client */;
/*!40101 SET character_set_client = utf8 */;
CREATE TABLE `documents` (
  `guid` binary(16) NOT NULL,
  `name` varchar(255) DEFAULT NULL,
  `uniqueName` varchar(255) DEFAULT NULL,
  `requestEvent_id` bigint(20) NOT NULL,
  PRIMARY KEY (`guid`),
  KEY `fk_documents_requestEvent_IDX` (`requestEvent_id`),
  CONSTRAINT `fk_documents_requestEvent` FOREIGN KEY (`requestEvent_id`) REFERENCES `requestEvents` (`id`) ON DELETE NO ACTION ON UPDATE NO ACTION
) ENGINE=InnoDB DEFAULT CHARSET=utf8 COMMENT='ะะพะบัะผะตะฝัั';
/*!40101 SET character_set_client = @saved_cs_client */;

--
-- Dumping data for table `documents`
--

LOCK TABLES `documents` WRITE;
/*!40000 ALTER TABLE `documents` DISABLE KEYS */;
INSERT INTO `documents` VALUES ('\0~๑งDๆ๓\0%','Downgrade_Rights.pdf','00107ef1-a744-11e6-95f3-002590839a1d',942),('\0~๓งDๆ๓\0%','Downgrade_Rights.pdf','00107ef3-a744-11e6-95f3-002590839a1d.pdf',943),('ฒ	Sๆ๓\0%','1. ะขะะะ-12 โ 9786 ะพั 22.04.2016.pdf','b2095317-817f-11e6-95f3-002590839a1d.pdf',832),('ฦ\"ๆ๓\0%','1. ะขะะะ-12 โ 9786 ะพั 22.04.2016.pdf','c6229e8e-8189-11e6-95f3-002590839a1d.pdf',833),('ฦ\"ๆ๓\0%','ะกะปััะฐะน ั ะฝะพะผะตัะพะผ 18.doc','c6229e90-8189-11e6-95f3-002590839a1d.doc',834),('ฦ\"ๆ๓\0%','1. ะขะะะ-12 โ 9786 ะพั 22.04.2016.pdf','c6229e92-8189-11e6-95f3-002590839a1d.pdf',835);
/*!40000 ALTER TABLE `documents` ENABLE KEYS */;
UNLOCK TABLES;

--
-- Table structure for table `equipment`
--

DROP TABLE IF EXISTS `equipment`;
/*!40101 SET @saved_cs_client     = @@character_set_client */;
/*!40101 SET character_set_client = utf8 */;
CREATE TABLE `equipment` (
  `guid` binary(16) NOT NULL,
  `serviceNumber` bigint(20) NOT NULL,
  `serialNumber` varchar(45) DEFAULT NULL,
  `warrantyEnd` datetime DEFAULT NULL,
  `onService` tinyint(1) NOT NULL DEFAULT '0',
  `equipmentModel_guid` binary(16) DEFAULT NULL,
  `contractDivision_guid` binary(16) DEFAULT NULL,
  `rem` varchar(255) DEFAULT NULL,
  `workplace_guid` binary(16) DEFAULT NULL,
  `contract_guid` binary(16) DEFAULT NULL,
  PRIMARY KEY (`guid`),
  KEY `fk_equipment_equipmentModel_IDX` (`equipmentModel_guid`),
  KEY `byOnService` (`onService`),
  KEY `byContractDivision` (`contractDivision_guid`),
  KEY `fk_workplace_IDX` (`workplace_guid`),
  KEY `fk_contract_IDX` (`contract_guid`),
  KEY `combo1` (`onService`,`contractDivision_guid`),
  KEY `combo2` (`contractDivision_guid`,`serviceNumber`),
  KEY `combo3` (`workplace_guid`,`serviceNumber`),
  CONSTRAINT `fk_equipment_contract` FOREIGN KEY (`contract_guid`) REFERENCES `contracts` (`guid`) ON DELETE NO ACTION ON UPDATE NO ACTION,
  CONSTRAINT `fk_equipment_contractDivision` FOREIGN KEY (`contractDivision_guid`) REFERENCES `contractDivisions` (`guid`) ON DELETE NO ACTION ON UPDATE NO ACTION,
  CONSTRAINT `fk_equipment_equipmentModel` FOREIGN KEY (`equipmentModel_guid`) REFERENCES `equipmentModels` (`guid`) ON DELETE NO ACTION ON UPDATE NO ACTION,
  CONSTRAINT `fk_equipment_workplace` FOREIGN KEY (`workplace_guid`) REFERENCES `divisionWorkplaces` (`guid`) ON DELETE NO ACTION ON UPDATE NO ACTION
) ENGINE=InnoDB DEFAULT CHARSET=utf8 COMMENT='ะะฑะพััะดะพะฒะฐะฝะธะต ะบะปะธะตะฝัะฐ';
/*!40101 SET character_set_client = @saved_cs_client */;

--
-- Dumping data for table `equipment`
--

LOCK TABLES `equipment` WRITE;
/*!40000 ALTER TABLE `equipment` DISABLE KEYS */;
INSERT INTO `equipment` VALUES ('่s(ๆ๓\0%',1000614,'','0000-00-00 00:00:00',1,'ศnๆ๓\0%','>kะTๆญj\0%','',NULL,'๚ำนฟๅงช\0%'),('่s(ๆ๓\0%',1000615,'','0000-00-00 00:00:00',1,'ศnๆ๓\0%','>kะTๆญj\0%','',NULL,'๚ำนฟๅงช\0%'),('่s(ๆ๓\0%',1000616,'','0000-00-00 00:00:00',1,'ศnๆ๓\0%','>kะTๆญj\0%','',NULL,'๚ำนฟๅงช\0%'),('่!s(ๆ๓\0%',1000617,'','0000-00-00 00:00:00',1,'ศ6nๆ๓\0%','>kะTๆญj\0%','',NULL,'๚ำนฟๅงช\0%'),('่#s(ๆ๓\0%',1000618,'','0000-00-00 00:00:00',1,'ศ\nnๆ๓\0%','>kะTๆญj\0%','',NULL,'๚ำนฟๅงช\0%'),('่%s(ๆ๓\0%',1000619,'','0000-00-00 00:00:00',1,'ศnๆ๓\0%','>kะTๆญj\0%','',NULL,'๚ำนฟๅงช\0%'),('่\'s(ๆ๓\0%',1000620,'','0000-00-00 00:00:00',1,'ศ8nๆ๓\0%','>kะTๆญj\0%','',NULL,'๚ำนฟๅงช\0%'),('่)s(ๆ๓\0%',1000621,'','0000-00-00 00:00:00',1,'ศnๆ๓\0%','>kะTๆญj\0%','',NULL,'๚ำนฟๅงช\0%'),('่+s(ๆ๓\0%',1000622,'','0000-00-00 00:00:00',1,'ศnๆ๓\0%','>kะTๆญj\0%','',NULL,'๚ำนฟๅงช\0%'),('่-s(ๆ๓\0%',1000623,'','0000-00-00 00:00:00',1,'ศnๆ๓\0%','>kะTๆญj\0%','',NULL,'๚ำนฟๅงช\0%'),('่/s(ๆ๓\0%',1000624,'','0000-00-00 00:00:00',1,'ศnๆ๓\0%','>kะTๆญj\0%','',NULL,'๚ำนฟๅงช\0%'),('่1s(ๆ๓\0%',1000625,'','0000-00-00 00:00:00',1,'ศnๆ๓\0%','>kะTๆญj\0%','',NULL,'๚ำนฟๅงช\0%'),('่3s(ๆ๓\0%',1000626,'','0000-00-00 00:00:00',1,'ศnๆ๓\0%','>kะTๆญj\0%','',NULL,'๚ำนฟๅงช\0%'),('่5s(ๆ๓\0%',1000627,'','0000-00-00 00:00:00',1,'ศ:nๆ๓\0%','>kะTๆญj\0%','',NULL,'๚ำนฟๅงช\0%'),('่7s(ๆ๓\0%',1000629,'','0000-00-00 00:00:00',1,'ศnๆ๓\0%','>kะTๆญj\0%','',NULL,'๚ำนฟๅงช\0%'),('่9s(ๆ๓\0%',1000630,'','0000-00-00 00:00:00',1,'ศnๆ๓\0%','>kะTๆญj\0%','',NULL,'๚ำนฟๅงช\0%'),('่;s(ๆ๓\0%',1000631,'','0000-00-00 00:00:00',1,'ศnๆ๓\0%','>kะTๆญj\0%','',NULL,'๚ำนฟๅงช\0%'),('oผssLๆ๓\0%',1000632,'','0000-00-00 00:00:00',1,'ศ4nๆ๓\0%','>kะTๆญj\0%','',NULL,'๚ำนฟๅงช\0%'),('oผusLๆ๓\0%',1000633,'','0000-00-00 00:00:00',1,'ศnๆ๓\0%','>kะTๆญj\0%','',NULL,'๚ำนฟๅงช\0%'),('oผwsLๆ๓\0%',1000634,'','0000-00-00 00:00:00',1,'ศnๆ๓\0%','>kะTๆญj\0%','',NULL,'๚ำนฟๅงช\0%'),('oผysLๆ๓\0%',1000635,'ะฑะฝ','0000-00-00 00:00:00',1,'ศXnๆ๓\0%','OldBๆ๓\0%','',NULL,'!yบๅงช\0%'),('oผ{sLๆ๓\0%',1000636,'ะฑะฝ','0000-00-00 00:00:00',1,'ศnๆ๓\0%','OldBๆ๓\0%','',NULL,'!yบๅงช\0%'),('oผ}sLๆ๓\0%',1000637,'ะฑะฝ','0000-00-00 00:00:00',1,'ศnๆ๓\0%','OldBๆ๓\0%','',NULL,'!yบๅงช\0%'),('oผsLๆ๓\0%',1000638,'ะฑะฝ','0000-00-00 00:00:00',1,'ฐฤnๆ๓\0%','OldBๆ๓\0%','',NULL,'!yบๅงช\0%'),('oผsLๆ๓\0%',1000639,'ะฑะฝ','0000-00-00 00:00:00',1,'ศVnๆ๓\0%','OldBๆ๓\0%','',NULL,'!yบๅงช\0%'),('oผsLๆ๓\0%',1000640,'ะฑะฝ','0000-00-00 00:00:00',1,'ศnๆ๓\0%','OldBๆ๓\0%','',NULL,'!yบๅงช\0%'),('oผsLๆ๓\0%',1000641,'ะฑะฝ','0000-00-00 00:00:00',1,'ฐฤ๚nๆ๓\0%','OldBๆ๓\0%','',NULL,'!yบๅงช\0%'),('oผsLๆ๓\0%',1000655,'ะฑะฝ','0000-00-00 00:00:00',1,'ฐฤไnๆ๓\0%','OldBๆ๓\0%','',NULL,'!yบๅงช\0%'),('oผsLๆ๓\0%',1000656,'ะฑะฝ','0000-00-00 00:00:00',1,'ฐฤnๆ๓\0%','OldBๆ๓\0%','',NULL,'!yบๅงช\0%'),('oผsLๆ๓\0%',1000657,'ะฑะฝ','0000-00-00 00:00:00',1,'ศnๆ๓\0%','OldBๆ๓\0%','',NULL,'!yบๅงช\0%'),('oผsLๆ๓\0%',1000658,'ะฑะฝ','0000-00-00 00:00:00',1,'ศZnๆ๓\0%','OldBๆ๓\0%','',NULL,'!yบๅงช\0%'),('oผsLๆ๓\0%',1000659,'ะฑะฝ','0000-00-00 00:00:00',1,'ฐล\0nๆ๓\0%','OldBๆ๓\0%','',NULL,'!yบๅงช\0%'),('oผsLๆ๓\0%',1000660,'ะฑะฝ','0000-00-00 00:00:00',1,'ศnๆ๓\0%','OldBๆ๓\0%','',NULL,'!yบๅงช\0%'),('oผsLๆ๓\0%',1000661,'ะฑะฝ','0000-00-00 00:00:00',1,'ศขnๆ๓\0%','OldBๆ๓\0%','',NULL,'!yบๅงช\0%'),('oผsLๆ๓\0%',1000662,'ะฑะฝ','0000-00-00 00:00:00',1,'ศ\\nๆ๓\0%','OldBๆ๓\0%','',NULL,'!yบๅงช\0%'),('oผsLๆ๓\0%',1000663,'ะฑะฝ','0000-00-00 00:00:00',1,'ฐฤไnๆ๓\0%','OldBๆ๓\0%','',NULL,'!yบๅงช\0%'),('oผsLๆ๓\0%',1000664,'ะฑะฝ','0000-00-00 00:00:00',1,'ศnๆ๓\0%','OldBๆ๓\0%','',NULL,'!yบๅงช\0%'),('oผsLๆ๓\0%',1000665,'ะฑะฝ','0000-00-00 00:00:00',1,'ฐฤnๆ๓\0%','OldBๆ๓\0%','',NULL,'!yบๅงช\0%'),('oผsLๆ๓\0%',1000666,'ะฑะฝ','0000-00-00 00:00:00',1,'ศnๆ๓\0%','OldBๆ๓\0%','',NULL,'!yบๅงช\0%'),('oผsLๆ๓\0%',1000667,'ะฑะฝ','0000-00-00 00:00:00',1,'ศคnๆ๓\0%','OldBๆ๓\0%','',NULL,'!yบๅงช\0%'),('oผกsLๆ๓\0%',1000668,'ะฑะฝ','0000-00-00 00:00:00',1,'ศ^nๆ๓\0%','OldBๆ๓\0%','',NULL,'!yบๅงช\0%'),('oผฃsLๆ๓\0%',1000669,'ะฑะฝ','0000-00-00 00:00:00',1,'ฐลnๆ๓\0%','OldBๆ๓\0%','',NULL,'!yบๅงช\0%'),('oผฅsLๆ๓\0%',1000670,'ะฑะฝ','0000-00-00 00:00:00',1,'ศnๆ๓\0%','OldBๆ๓\0%','',NULL,'!yบๅงช\0%'),('oผงsLๆ๓\0%',1000671,'ะฑะฝ','0000-00-00 00:00:00',1,'ศคnๆ๓\0%','OldBๆ๓\0%','',NULL,'!yบๅงช\0%'),('oผฉsLๆ๓\0%',1000672,'ะฑะฝ','0000-00-00 00:00:00',1,'ศ\\nๆ๓\0%','OldBๆ๓\0%','',NULL,'!yบๅงช\0%'),('oผซsLๆ๓\0%',1000673,'ะฑะฝ','0000-00-00 00:00:00',1,'ฐลnๆ๓\0%','OldBๆ๓\0%','',NULL,'!yบๅงช\0%'),('oผญsLๆ๓\0%',1000674,'ะฑะฝ','0000-00-00 00:00:00',1,'ศnๆ๓\0%','OldBๆ๓\0%','',NULL,'!yบๅงช\0%'),('oผฏsLๆ๓\0%',1000676,'ะฑะฝ','0000-00-00 00:00:00',1,'ศnๆ๓\0%','dfbฌ9ไ\0%','11a3021srv',NULL,'ฎ45^ผๆ๓\0%'),('oผฑsLๆ๓\0%',1000677,'ะฑะฝ','0000-00-00 00:00:00',1,'ศฆnๆ๓\0%','dfbฌ9ไ\0%','',NULL,'ฎ45^ผๆ๓\0%'),('oผณsLๆ๓\0%',1000678,'ะฑะฝ','0000-00-00 00:00:00',1,'ศnๆ๓\0%','dfbฌ9ไ\0%','11a3021dir',NULL,'ฎ45^ผๆ๓\0%'),('oผตsLๆ๓\0%',1000679,'ะฑะฝ','0000-00-00 00:00:00',1,'ศ|nๆ๓\0%','dfbฌ9ไ\0%','',NULL,'ฎ45^ผๆ๓\0%'),('oผทsLๆ๓\0%',1000680,'ะฑะฝ','0000-00-00 00:00:00',1,'ศhnๆ๓\0%','dfbฌ9ไ\0%','',NULL,'ฎ45^ผๆ๓\0%'),('oผนsLๆ๓\0%',1000681,'ะฑะฝ','0000-00-00 00:00:00',1,'ศ6nๆ๓\0%','dfbฌ9ไ\0%','',NULL,'ฎ45^ผๆ๓\0%'),('oผปsLๆ๓\0%',1000683,'ะฑะฝ','0000-00-00 00:00:00',1,'ศ~nๆ๓\0%','dfbฌ9ไ\0%','',NULL,'ฎ45^ผๆ๓\0%'),('oผฝsLๆ๓\0%',1000684,'ะฑะฝ','0000-00-00 00:00:00',1,'ศnๆ๓\0%','dfbฌ9ไ\0%','11a3021km2',NULL,'ฎ45^ผๆ๓\0%'),('oผฟsLๆ๓\0%',1000685,'ะฑะฝ','0000-00-00 00:00:00',1,'ศฌnๆ๓\0%','dfbฌ9ไ\0%','',NULL,'ฎ45^ผๆ๓\0%'),('oผมsLๆ๓\0%',1000686,'ะฑะฝ','0000-00-00 00:00:00',1,'ศ~nๆ๓\0%','dfbฌ9ไ\0%','',NULL,'ฎ45^ผๆ๓\0%'),('oผรsLๆ๓\0%',1000687,'ะฑะฝ','0000-00-00 00:00:00',1,'ศnๆ๓\0%','dfbฌ9ไ\0%','11a3021km1',NULL,'ฎ45^ผๆ๓\0%'),('oผลsLๆ๓\0%',1000688,'ะฑะฝ','0000-00-00 00:00:00',1,'ศฌnๆ๓\0%','dfbฌ9ไ\0%','',NULL,'ฎ45^ผๆ๓\0%'),('oผวsLๆ๓\0%',1000689,'ะฑะฝ','0000-00-00 00:00:00',1,'ฐฤฮnๆ๓\0%','dfbฌ9ไ\0%','',NULL,'ฎ45^ผๆ๓\0%'),('oผษsLๆ๓\0%',1000690,'ะฑะฝ','0000-00-00 00:00:00',1,'ฐฤๆnๆ๓\0%','dfbฌ9ไ\0%','',NULL,'ฎ45^ผๆ๓\0%'),('oผหsLๆ๓\0%',1000691,'ะฑะฝ','0000-00-00 00:00:00',1,'ศฌnๆ๓\0%','dfbฌ9ไ\0%','',NULL,'ฎ45^ผๆ๓\0%'),('oผอsLๆ๓\0%',1000692,'ะฑะฝ','0000-00-00 00:00:00',1,'ศnๆ๓\0%','dfbฌ9ไ\0%','11a3022dir',NULL,'ฎ45^ผๆ๓\0%'),('oผฯsLๆ๓\0%',1000693,'ะฑะฝ','0000-00-00 00:00:00',1,'ศ|nๆ๓\0%','dfbฌ9ไ\0%','',NULL,'ฎ45^ผๆ๓\0%'),('oผัsLๆ๓\0%',1000694,'ะฑะฝ','0000-00-00 00:00:00',1,'ศฌnๆ๓\0%','dfbฌ9ไ\0%','',NULL,'ฎ45^ผๆ๓\0%'),('oผำsLๆ๓\0%',1000695,'ะฑะฝ','0000-00-00 00:00:00',1,'ศhnๆ๓\0%','dfbฌ9ไ\0%','',NULL,'ฎ45^ผๆ๓\0%'),('oผีsLๆ๓\0%',1000696,'ะฑะฝ','0000-00-00 00:00:00',1,'ศ6nๆ๓\0%','dfbฌ9ไ\0%','',NULL,'ฎ45^ผๆ๓\0%'),('oผืsLๆ๓\0%',1000697,'ะฑะฝ','0000-00-00 00:00:00',1,'ศnๆ๓\0%','dfbฌ9ไ\0%','11a3022km1',NULL,'ฎ45^ผๆ๓\0%'),('oผูsLๆ๓\0%',1000698,'ะฑะฝ','0000-00-00 00:00:00',1,'ศฌnๆ๓\0%','dfbฌ9ไ\0%','',NULL,'ฎ45^ผๆ๓\0%'),('oผsLๆ๓\0%',1000699,'ะฑะฝ','0000-00-00 00:00:00',1,'ศ~nๆ๓\0%','dfbฌ9ไ\0%','',NULL,'ฎ45^ผๆ๓\0%'),('oผsLๆ๓\0%',1000700,'ะฑะฝ','0000-00-00 00:00:00',1,'ศnๆ๓\0%','dfbฌ9ไ\0%','11a3022srv',NULL,'ฎ45^ผๆ๓\0%'),('oผ฿sLๆ๓\0%',1000701,'ะฑะฝ','0000-00-00 00:00:00',1,'ศฆnๆ๓\0%','dfbฌ9ไ\0%','',NULL,'ฎ45^ผๆ๓\0%'),('oผแsLๆ๓\0%',1000704,'ะฑะฝ','0000-00-00 00:00:00',1,'ฐล\nnๆ๓\0%','dfpฌ9ไ\0%','',NULL,'ฎ45^ผๆ๓\0%'),('oผใsLๆ๓\0%',1000705,'ะฑะฝ','0000-00-00 00:00:00',1,'ศnๆ๓\0%','dfpฌ9ไ\0%','11a-3024km1',NULL,'ฎ45^ผๆ๓\0%'),('oผๅsLๆ๓\0%',1000706,'ะฑะฝ','0000-00-00 00:00:00',1,'ศnๆ๓\0%','dfpฌ9ไ\0%','11a-3024srv',NULL,'ฎ45^ผๆ๓\0%'),('oผ็sLๆ๓\0%',1000707,'ะฑะฝ','0000-00-00 00:00:00',1,'ศฆnๆ๓\0%','dfpฌ9ไ\0%','',NULL,'ฎ45^ผๆ๓\0%'),('oผ้sLๆ๓\0%',1000708,'ะฑะฝ','0000-00-00 00:00:00',1,'ศฺnๆ๓\0%','dfpฌ9ไ\0%','',NULL,'ฎ45^ผๆ๓\0%'),('oผ๋sLๆ๓\0%',1000709,'ะฑะฝ','0000-00-00 00:00:00',1,'ฐฤไnๆ๓\0%','dfpฌ9ไ\0%','',NULL,'ฎ45^ผๆ๓\0%'),('oผํsLๆ๓\0%',1000710,'ะฑะฝ','0000-00-00 00:00:00',1,'ฐฤฮnๆ๓\0%','dfpฌ9ไ\0%','',NULL,'ฎ45^ผๆ๓\0%'),('oผ๏sLๆ๓\0%',1000711,'ะฑะฝ','0000-00-00 00:00:00',1,'ศhnๆ๓\0%','dfpฌ9ไ\0%','',NULL,'ฎ45^ผๆ๓\0%'),('oผ๑sLๆ๓\0%',1000712,'ะฑะฝ','0000-00-00 00:00:00',1,'ศ6nๆ๓\0%','dfpฌ9ไ\0%','',NULL,'ฎ45^ผๆ๓\0%'),('oผ๓sLๆ๓\0%',1000713,'ะฑะฝ','0000-00-00 00:00:00',1,'ศฌnๆ๓\0%','dfpฌ9ไ\0%','',NULL,'ฎ45^ผๆ๓\0%'),('oผ๕sLๆ๓\0%',1000714,'ะฑะฝ','0000-00-00 00:00:00',1,'ศ~nๆ๓\0%','dfpฌ9ไ\0%','',NULL,'ฎ45^ผๆ๓\0%'),('oผ๗sLๆ๓\0%',1000715,'ะฑะฝ','0000-00-00 00:00:00',1,'ศnๆ๓\0%','dfpฌ9ไ\0%','11a-3024dir',NULL,'ฎ45^ผๆ๓\0%'),('oผ๙sLๆ๓\0%',1000716,'ะฑะฝ','0000-00-00 00:00:00',1,'ศจnๆ๓\0%','gฌQไ\0%','',NULL,'ฎ45^ผๆ๓\0%'),('oผ๛sLๆ๓\0%',1000724,'ะฑะฝ','0000-00-00 00:00:00',1,'ศnๆ๓\0%','gฌQไ\0%','11a3136km2',NULL,'ฎ45^ผๆ๓\0%'),('oผsLๆ๓\0%',1000725,'ะฑะฝ','0000-00-00 00:00:00',1,'ศชnๆ๓\0%','gฌQไ\0%','',NULL,'ฎ45^ผๆ๓\0%'),('oผsLๆ๓\0%',1000726,'ะฑะฝ','0000-00-00 00:00:00',1,'ฐฤะnๆ๓\0%','gฌQไ\0%','',NULL,'ฎ45^ผๆ๓\0%'),('oฝsLๆ๓\0%',1000727,'ะฑะฝ','0000-00-00 00:00:00',1,'ศึnๆ๓\0%','gฌQไ\0%','',NULL,'ฎ45^ผๆ๓\0%'),('oฝsLๆ๓\0%',1000728,'ะฑะฝ','0000-00-00 00:00:00',1,'ศจnๆ๓\0%','gฌQไ\0%','',NULL,'ฎ45^ผๆ๓\0%'),('oฝsLๆ๓\0%',1000729,'ะฑะฝ','0000-00-00 00:00:00',1,'ศfnๆ๓\0%','gฌQไ\0%','',NULL,'ฎ45^ผๆ๓\0%'),('oฝsLๆ๓\0%',1000730,'ะฑะฝ','0000-00-00 00:00:00',1,'ศnๆ๓\0%','gฌQไ\0%','11a3136srv',NULL,'ฎ45^ผๆ๓\0%'),('oฝ	sLๆ๓\0%',1000731,'ะฑะฝ','0000-00-00 00:00:00',1,'ศxnๆ๓\0%','gฌQไ\0%','',NULL,'ฎ45^ผๆ๓\0%'),('oฝsLๆ๓\0%',1000732,'ะฑะฝ','0000-00-00 00:00:00',1,'ศnๆ๓\0%','gฌQไ\0%','11a3136dir',NULL,'ฎ45^ผๆ๓\0%'),('oฝ\rsLๆ๓\0%',1000733,'ะฑะฝ','0000-00-00 00:00:00',1,'ฐล\nnๆ๓\0%','dfQฌ9ไ\0%','',NULL,'ฎ45^ผๆ๓\0%'),('oฝsLๆ๓\0%',1000734,'ะฑะฝ','0000-00-00 00:00:00',1,'ศฆnๆ๓\0%','dfQฌ9ไ\0%','',NULL,'ฎ45^ผๆ๓\0%'),('oฝsLๆ๓\0%',1000735,'ะฑะฝ','0000-00-00 00:00:00',1,'ศฐnๆ๓\0%','gฑฌQไ\0%','',NULL,'ฎ45^ผๆ๓\0%'),('oฝsLๆ๓\0%',1000736,'ะฑะฝ','0000-00-00 00:00:00',1,'ศnๆ๓\0%','gฑฌQไ\0%','KM1',NULL,'ฎ45^ผๆ๓\0%'),('oฝsLๆ๓\0%',1000737,'ะฑะฝ','0000-00-00 00:00:00',1,'ศnๆ๓\0%','gฑฌQไ\0%','KM1',NULL,'ฎ45^ผๆ๓\0%'),('oฝsLๆ๓\0%',1000738,'ะฑะฝ','0000-00-00 00:00:00',1,'ศฐnๆ๓\0%','gฑฌQไ\0%','',NULL,'ฎ45^ผๆ๓\0%'),('oฝsLๆ๓\0%',1000739,'ะฑะฝ','0000-00-00 00:00:00',1,'ศnๆ๓\0%','gฑฌQไ\0%','KM2',NULL,'ฎ45^ผๆ๓\0%'),('oฝsLๆ๓\0%',1000740,'ะฑะฝ','0000-00-00 00:00:00',1,'ศnๆ๓\0%','gฑฌQไ\0%','KM2',NULL,'ฎ45^ผๆ๓\0%'),('oฝsLๆ๓\0%',1000741,'ะฑะฝ','0000-00-00 00:00:00',1,'ศfnๆ๓\0%','gฑฌQไ\0%','',NULL,'ฎ45^ผๆ๓\0%'),('oฝsLๆ๓\0%',1000742,'ะฑะฝ','0000-00-00 00:00:00',1,'ศxnๆ๓\0%','gฑฌQไ\0%','',NULL,'ฎ45^ผๆ๓\0%'),('oฝ!sLๆ๓\0%',1000743,'ะฑะฝ','0000-00-00 00:00:00',1,'ศฐnๆ๓\0%','gฑฌQไ\0%','ะะธัะตะบัะพั',NULL,'ฎ45^ผๆ๓\0%'),('oฝ#sLๆ๓\0%',1000744,'ะฑะฝ','0000-00-00 00:00:00',1,'ศnๆ๓\0%','gฑฌQไ\0%','ะะธัะตะบัะพั',NULL,'ฎ45^ผๆ๓\0%'),('oฝ%sLๆ๓\0%',1000745,'ะฑะฝ','0000-00-00 00:00:00',1,'ศnๆ๓\0%','gฑฌQไ\0%','ะกะตัะฒะตั',NULL,'ฎ45^ผๆ๓\0%'),('oฝ\'sLๆ๓\0%',1000746,'ะฑะฝ','0000-00-00 00:00:00',1,'ฐฤๆnๆ๓\0%','gฑฌQไ\0%','',NULL,'ฎ45^ผๆ๓\0%'),('oฝ)sLๆ๓\0%',1000747,'ะฑะฝ','0000-00-00 00:00:00',1,'ศคnๆ๓\0%','gฑฌQไ\0%','',NULL,'ฎ45^ผๆ๓\0%'),('oฝ+sLๆ๓\0%',1000748,'ะฑะฝ','0000-00-00 00:00:00',1,'ศึnๆ๓\0%','gฑฌQไ\0%','',NULL,'ฎ45^ผๆ๓\0%'),('oฝ-sLๆ๓\0%',1000749,'ะฑะฝ','0000-00-00 00:00:00',1,'ฐฤาnๆ๓\0%','gฑฌQไ\0%','',NULL,'ฎ45^ผๆ๓\0%'),('oฝ/sLๆ๓\0%',1000750,'ะฑะฝ','0000-00-00 00:00:00',1,'ศฌnๆ๓\0%','dfCฌ9ไ\0%','ะะฟัะธะบะฐ ะะ1',NULL,'ฎ45^ผๆ๓\0%'),('oฝ1sLๆ๓\0%',1000751,'ะฑะฝ','0000-00-00 00:00:00',1,'ศnๆ๓\0%','dfCฌ9ไ\0%','ะะฟัะธะบะฐ ะะ1',NULL,'ฎ45^ผๆ๓\0%'),('oฝ3sLๆ๓\0%',1000752,'ะฑะฝ','0000-00-00 00:00:00',1,'ฐล\nnๆ๓\0%','dfCฌ9ไ\0%','ะะฟัะธะบะฐ ะะ1',NULL,'ฎ45^ผๆ๓\0%'),('oฝ5sLๆ๓\0%',1000753,'ะฑะฝ','0000-00-00 00:00:00',1,'ศnๆ๓\0%','dfCฌ9ไ\0%','ะะพะดะตะปั ะธะฟะฟะพะฝะฐ ะฝะฐะดะพ ััะพัะฝะธัั',NULL,'ฎ45^ผๆ๓\0%'),('oฝ7sLๆ๓\0%',1000754,'ะฑะฝ','0000-00-00 00:00:00',1,'ศnๆ๓\0%','dfCฌ9ไ\0%','KM1',NULL,'ฎ45^ผๆ๓\0%'),('oฝ9sLๆ๓\0%',1000755,'ะฑะฝ','0000-00-00 00:00:00',1,'ศznๆ๓\0%','dfCฌ9ไ\0%','KM1',NULL,'ฎ45^ผๆ๓\0%'),('oฝ;sLๆ๓\0%',1000756,'ะฑะฝ','0000-00-00 00:00:00',1,'ศnๆ๓\0%','dfCฌ9ไ\0%','KM2',NULL,'ฎ45^ผๆ๓\0%'),('oฝ=sLๆ๓\0%',1000757,'ะฑะฝ','0000-00-00 00:00:00',1,'ศznๆ๓\0%','dfCฌ9ไ\0%','ะะ2',NULL,'ฎ45^ผๆ๓\0%'),('oฝ?sLๆ๓\0%',1000758,'ะฑะฝ','0000-00-00 00:00:00',1,'ฐฤ๊nๆ๓\0%','dfCฌ9ไ\0%','',NULL,'ฎ45^ผๆ๓\0%'),('oฝAsLๆ๓\0%',1000759,'ะฑะฝ','0000-00-00 00:00:00',1,'ฐฤฮnๆ๓\0%','dfCฌ9ไ\0%','',NULL,'ฎ45^ผๆ๓\0%'),('oฝCsLๆ๓\0%',1000760,'ะฑะฝ','0000-00-00 00:00:00',1,'ศฌnๆ๓\0%','dfCฌ9ไ\0%','ะะธัะตะบัะพั',NULL,'ฎ45^ผๆ๓\0%'),('oฝEsLๆ๓\0%',1000761,'ะฑะฝ','0000-00-00 00:00:00',1,'ศฆnๆ๓\0%','dfCฌ9ไ\0%','ะกะตัะฒะตั',NULL,'ฎ45^ผๆ๓\0%'),('oฝGsLๆ๓\0%',1000762,'ะฑะฝ','0000-00-00 00:00:00',1,'ศnๆ๓\0%','dfCฌ9ไ\0%','ะกะตัะฒะตั',NULL,'ฎ45^ผๆ๓\0%'),('oฝIsLๆ๓\0%',1000763,'ะฑะฝ','0000-00-00 00:00:00',1,'ศnๆ๓\0%','dfCฌ9ไ\0%','ะะ ะะธัะตะบัะพัะฐ',NULL,'ฎ45^ผๆ๓\0%'),('oฝKsLๆ๓\0%',1000764,'ะฑะฝ','0000-00-00 00:00:00',1,'ฐล\nnๆ๓\0%','dfCฌ9ไ\0%','ะะฐะฑะพัะตะต ะผะตััะพ ะดะธัะตะบัะพัะฐ',NULL,'ฎ45^ผๆ๓\0%'),('oฝMsLๆ๓\0%',1000765,'ะฑะฝ','0000-00-00 00:00:00',1,'ศdnๆ๓\0%','dfCฌ9ไ\0%','',NULL,'ฎ45^ผๆ๓\0%'),('oฝOsLๆ๓\0%',1000800,'ะฑะฝ','0000-00-00 00:00:00',1,'ศnๆ๓\0%','ผฌEไ\0%','11a-0031dir',NULL,'ฎ45^ผๆ๓\0%'),('oฝQsLๆ๓\0%',1000801,'ะฑะฝ','0000-00-00 00:00:00',1,'ศnๆ๓\0%','ผฌEไ\0%','',NULL,'ฎ45^ผๆ๓\0%'),('oฝSsLๆ๓\0%',1000802,'ะฑะฝ','0000-00-00 00:00:00',1,'ศฌnๆ๓\0%','ผฌEไ\0%','',NULL,'ฎ45^ผๆ๓\0%'),('oฝUsLๆ๓\0%',1000803,'ะฑะฝ','0000-00-00 00:00:00',1,'ศnๆ๓\0%','ผฌEไ\0%','11a-0031srv',NULL,'ฎ45^ผๆ๓\0%'),('oฝWsLๆ๓\0%',1000804,'ะฑะฝ','0000-00-00 00:00:00',1,'ศjnๆ๓\0%','ผฌEไ\0%','',NULL,'ฎ45^ผๆ๓\0%'),('oฝYsLๆ๓\0%',1000805,'ะฑะฝ','0000-00-00 00:00:00',1,'ศnๆ๓\0%','ผฌEไ\0%','',NULL,'ฎ45^ผๆ๓\0%'),('oฝ[sLๆ๓\0%',1000806,'ะฑะฝ','0000-00-00 00:00:00',1,'ศnๆ๓\0%','ผฌEไ\0%','11a-0031km1',NULL,'ฎ45^ผๆ๓\0%'),('oฝ]sLๆ๓\0%',1000807,'ะฑะฝ','0000-00-00 00:00:00',1,'ศฌnๆ๓\0%','ผฌEไ\0%','',NULL,'ฎ45^ผๆ๓\0%'),('oฝ_sLๆ๓\0%',1000808,'ะฑะฝ','0000-00-00 00:00:00',1,'ศฺnๆ๓\0%','ผฌEไ\0%','',NULL,'ฎ45^ผๆ๓\0%'),('oฝasLๆ๓\0%',1000809,'ะฑะฝ','0000-00-00 00:00:00',1,'ศnๆ๓\0%','gฌQไ\0%','11a-3141dir',NULL,'ฎ45^ผๆ๓\0%'),('oฝcsLๆ๓\0%',1000810,'ะฑะฝ','0000-00-00 00:00:00',1,'ศnๆ๓\0%','gฌQไ\0%','',NULL,'ฎ45^ผๆ๓\0%'),('oฝesLๆ๓\0%',1000811,'ะฑะฝ','0000-00-00 00:00:00',1,'ศfnๆ๓\0%','gฌQไ\0%','',NULL,'ฎ45^ผๆ๓\0%'),('oฝgsLๆ๓\0%',1000812,'ะฑะฝ','0000-00-00 00:00:00',1,'ศnๆ๓\0%','gฌQไ\0%','11a-3141drv',NULL,'ฎ45^ผๆ๓\0%'),('oฝisLๆ๓\0%',1000813,'ะฑะฝ','0000-00-00 00:00:00',1,'ศจnๆ๓\0%','gฌQไ\0%','ะะตะพะฑัะพะดะธะผะพ ััะพัะฝะธัั ะผะพะดะตะปั',NULL,'ฎ45^ผๆ๓\0%'),('oฝksLๆ๓\0%',1000814,'ะฑะฝ','0000-00-00 00:00:00',1,'ศจnๆ๓\0%','gฌQไ\0%','ะะตะพะฑัะพะดะธะผะพ ััะพัะฝะธัั ะผะพะดะตะปั',NULL,'ฎ45^ผๆ๓\0%'),('oฝmsLๆ๓\0%',1000815,'ะฑะฝ','0000-00-00 00:00:00',1,'ฐฤๆnๆ๓\0%','gฌQไ\0%','',NULL,'ฎ45^ผๆ๓\0%'),('oฝosLๆ๓\0%',1000816,'ะฑะฝ','0000-00-00 00:00:00',1,'ฐฤะnๆ๓\0%','gฌQไ\0%','',NULL,'ฎ45^ผๆ๓\0%'),('oฝqsLๆ๓\0%',1000817,'ะฑะฝ','0000-00-00 00:00:00',1,'ศnๆ๓\0%','gฌQไ\0%','ะะตะพะฑัะพะดะธะผะพ ััะพัะฝะธัั ะผะพะดะตะปั',NULL,'ฎ45^ผๆ๓\0%'),('oฝssLๆ๓\0%',1000818,'ะฑะฝ','0000-00-00 00:00:00',1,'ศnๆ๓\0%','gฌQไ\0%','11a-3141km1',NULL,'ฎ45^ผๆ๓\0%'),('oฝusLๆ๓\0%',1000819,'ะฑะฝ','0000-00-00 00:00:00',1,'ศจnๆ๓\0%','gฌQไ\0%','ะะตะพะฑัะพะดะธะผะพ ััะพัะฝะธัั ะผะพะดะตะปั',NULL,'ฎ45^ผๆ๓\0%'),('oฝwsLๆ๓\0%',1000820,'ะฑะฝ','0000-00-00 00:00:00',1,'ศnๆ๓\0%','gฌQไ\0%','ะะตะพะฑัะพะดะธะผะพ ััะพัะฝะธัั ะผะพะดะตะปั',NULL,'ฎ45^ผๆ๓\0%'),('oฝysLๆ๓\0%',1000821,'ะฑะฝ','0000-00-00 00:00:00',1,'ศnๆ๓\0%','gฌQไ\0%','11a-3141km2',NULL,'ฎ45^ผๆ๓\0%'),('oฝ{sLๆ๓\0%',1000822,'ะฑะฝ','0000-00-00 00:00:00',1,'ศฎnๆ๓\0%','gฌQไ\0%','',NULL,'ฎ45^ผๆ๓\0%'),('oฝ}sLๆ๓\0%',1000823,'ะฑะฝ','0000-00-00 00:00:00',1,'ศึnๆ๓\0%','gฌQไ\0%','',NULL,'ฎ45^ผๆ๓\0%'),('oฝsLๆ๓\0%',1000825,'ะฑะฝ','0000-00-00 00:00:00',1,'ศnๆ๓\0%','dfiฌ9ไ\0%','11a-3023dir',NULL,'ฎ45^ผๆ๓\0%'),('oฝsLๆ๓\0%',1000826,'ะฑะฝ','0000-00-00 00:00:00',1,'ศ|nๆ๓\0%','dfiฌ9ไ\0%','',NULL,'ฎ45^ผๆ๓\0%'),('oฝsLๆ๓\0%',1000827,'ะฑะฝ','0000-00-00 00:00:00',1,'ศฌnๆ๓\0%','dfiฌ9ไ\0%','',NULL,'ฎ45^ผๆ๓\0%'),('oฝsLๆ๓\0%',1000828,'ะฑะฝ','0000-00-00 00:00:00',1,'ศhnๆ๓\0%','dfiฌ9ไ\0%','',NULL,'ฎ45^ผๆ๓\0%'),('oฝsLๆ๓\0%',1000829,'ะฑะฝ','0000-00-00 00:00:00',1,'ศnๆ๓\0%','dfiฌ9ไ\0%','11a-3023srv',NULL,'ฎ45^ผๆ๓\0%'),('oฝsLๆ๓\0%',1000830,'ะฑะฝ','0000-00-00 00:00:00',1,'ศฆnๆ๓\0%','dfiฌ9ไ\0%','',NULL,'ฎ45^ผๆ๓\0%'),('oฝsLๆ๓\0%',1000831,'ะฑะฝ','0000-00-00 00:00:00',1,'ฐฤฮnๆ๓\0%','dfiฌ9ไ\0%','',NULL,'ฎ45^ผๆ๓\0%'),('oฝsLๆ๓\0%',1000832,'ะฑะฝ','0000-00-00 00:00:00',1,'ศ~nๆ๓\0%','dfiฌ9ไ\0%','',NULL,'ฎ45^ผๆ๓\0%'),('oฝsLๆ๓\0%',1000833,'ะฑะฝ','0000-00-00 00:00:00',1,'ศnๆ๓\0%','dfiฌ9ไ\0%','11a-3023km1',NULL,'ฎ45^ผๆ๓\0%'),('oฝsLๆ๓\0%',1000834,'ะฑะฝ','0000-00-00 00:00:00',1,'ศฌnๆ๓\0%','dfiฌ9ไ\0%','',NULL,'ฎ45^ผๆ๓\0%'),('oฝsLๆ๓\0%',1000835,'ะฑะฝ','0000-00-00 00:00:00',1,'ฐฤๆnๆ๓\0%','dfQฌ9ไ\0%','',NULL,'ฎ45^ผๆ๓\0%'),('oฝsLๆ๓\0%',1000836,'ะฑะฝ','0000-00-00 00:00:00',1,'ฐฤฮnๆ๓\0%','dfQฌ9ไ\0%','',NULL,'ฎ45^ผๆ๓\0%'),('oฝsLๆ๓\0%',1000837,'ะฑะฝ','0000-00-00 00:00:00',1,'ศdnๆ๓\0%','dfQฌ9ไ\0%','',NULL,'ฎ45^ผๆ๓\0%'),('oฝsLๆ๓\0%',1000838,'ะฑะฝ','0000-00-00 00:00:00',1,'ศnๆ๓\0%','dfQฌ9ไ\0%','11a3009srv',NULL,'ฎ45^ผๆ๓\0%'),('oฝsLๆ๓\0%',1000839,'ะฑะฝ','0000-00-00 00:00:00',1,'ฐล\nnๆ๓\0%','dfQฌ9ไ\0%','ะบ34',NULL,'ฎ45^ผๆ๓\0%'),('oฝsLๆ๓\0%',1000840,'ะฑะฝ','0000-00-00 00:00:00',1,'ศnๆ๓\0%','dfQฌ9ไ\0%','11a3009km1',NULL,'ฎ45^ผๆ๓\0%'),('oฝsLๆ๓\0%',1000841,'ะฑะฝ','0000-00-00 00:00:00',1,'ศฌnๆ๓\0%','ฌEไ\0%','',NULL,'ฎ45^ผๆ๓\0%'),('oฝกsLๆ๓\0%',1000842,'ะฑะฝ','0000-00-00 00:00:00',1,'ศnๆ๓\0%','ฌEไ\0%','',NULL,'ฎ45^ผๆ๓\0%'),('oฝฃsLๆ๓\0%',1000843,'ะฑะฝ','0000-00-00 00:00:00',1,'ศnๆ๓\0%','ฌEไ\0%','ะะธัะตะบัะพั',NULL,'ฎ45^ผๆ๓\0%'),('oฝฅsLๆ๓\0%',1000844,'ะฑะฝ','0000-00-00 00:00:00',1,'ศฌnๆ๓\0%','ฌEไ\0%','',NULL,'ฎ45^ผๆ๓\0%'),('oฝงsLๆ๓\0%',1000845,'ะฑะฝ','0000-00-00 00:00:00',1,'ศnๆ๓\0%','ฌEไ\0%','KM1',NULL,'ฎ45^ผๆ๓\0%'),('oฝฉsLๆ๓\0%',1000846,'ะฑะฝ','0000-00-00 00:00:00',1,'ฐลnๆ๓\0%','ฌEไ\0%','ะะพะดะตะปั ะฝะตะพะฑัะพะดะธะผะพ ััะพัะฝะธัั',NULL,'ฎ45^ผๆ๓\0%'),('oฝซsLๆ๓\0%',1000847,'ะฑะฝ','0000-00-00 00:00:00',1,'ศฌnๆ๓\0%','ฌEไ\0%','',NULL,'ฎ45^ผๆ๓\0%'),('oฝญsLๆ๓\0%',1000848,'ะฑะฝ','0000-00-00 00:00:00',1,'ศุnๆ๓\0%','ฌEไ\0%','',NULL,'ฎ45^ผๆ๓\0%'),('oฝฏsLๆ๓\0%',1000849,'ะฑะฝ','0000-00-00 00:00:00',1,'ศnๆ๓\0%','ฌEไ\0%','KM2',NULL,'ฎ45^ผๆ๓\0%'),('oฝฑsLๆ๓\0%',1000850,'ะฑะฝ','0000-00-00 00:00:00',1,'ฐลnๆ๓\0%','ฌEไ\0%','ะะพะดะตะปั ะฝะตะพะฑัะพะดะธะผะพ ััะพัะฝะธัั',NULL,'ฎ45^ผๆ๓\0%'),('oฝณsLๆ๓\0%',1000851,'ะฑะฝ','0000-00-00 00:00:00',1,'ศฆnๆ๓\0%','df[ฌ9ไ\0%','',NULL,'ฎ45^ผๆ๓\0%'),('oฝตsLๆ๓\0%',1000852,'ะฑะฝ','0000-00-00 00:00:00',1,'ศnๆ๓\0%','df[ฌ9ไ\0%','ะกะตัะฒะตั',NULL,'ฎ45^ผๆ๓\0%'),('oฝทsLๆ๓\0%',1000853,'ะฑะฝ','0000-00-00 00:00:00',1,'ศถnๆ๓\0%','df[ฌ9ไ\0%','',NULL,'ฎ45^ผๆ๓\0%'),('oฝนsLๆ๓\0%',1000854,'ะฑะฝ','0000-00-00 00:00:00',1,'ฐลnๆ๓\0%','df[ฌ9ไ\0%','ะะพะดะตะปั ะฝะตะพะฑัะพะดะธะผะพ ััะพัะฝะธัั',NULL,'ฎ45^ผๆ๓\0%'),('oฝปsLๆ๓\0%',1000855,'ะฑะฝ','0000-00-00 00:00:00',1,'ศnๆ๓\0%','df[ฌ9ไ\0%','KM1',NULL,'ฎ45^ผๆ๓\0%'),('oฝฝsLๆ๓\0%',1000856,'ะฑะฝ','0000-00-00 00:00:00',1,'ศdnๆ๓\0%','df[ฌ9ไ\0%','',NULL,'ฎ45^ผๆ๓\0%'),('oฝฟsLๆ๓\0%',1000857,'ะฑะฝ','0000-00-00 00:00:00',1,'ศnๆ๓\0%','df[ฌ9ไ\0%','ะะธัะตะบัะพั',NULL,'ฎ45^ผๆ๓\0%'),('oฝมsLๆ๓\0%',1000858,'ะฑะฝ','0000-00-00 00:00:00',1,'ศnๆ๓\0%','df[ฌ9ไ\0%','',NULL,'ฎ45^ผๆ๓\0%'),('oฝรsLๆ๓\0%',1000859,'ะฑะฝ','0000-00-00 00:00:00',1,'ศุnๆ๓\0%','gฌQไ\0%','ะฝะตะธัะฟัะฐะฒะตะฝ',NULL,'ฎ45^ผๆ๓\0%'),('oฝลsLๆ๓\0%',1000860,'ะฑะฝ','0000-00-00 00:00:00',1,'ศฆnๆ๓\0%','df[ฌ9ไ\0%','',NULL,'ฎ45^ผๆ๓\0%'),('oฝวsLๆ๓\0%',1000861,'ะฑะฝ','0000-00-00 00:00:00',1,'ศnๆ๓\0%','df[ฌ9ไ\0%','ะกะตัะฒะตั',NULL,'ฎ45^ผๆ๓\0%'),('oฝษsLๆ๓\0%',1000862,'ะฑะฝ','0000-00-00 00:00:00',1,'ศถnๆ๓\0%','df[ฌ9ไ\0%','',NULL,'ฎ45^ผๆ๓\0%'),('oฝหsLๆ๓\0%',1000863,'ะฑะฝ','0000-00-00 00:00:00',1,'ศ6nๆ๓\0%','df[ฌ9ไ\0%','',NULL,'ฎ45^ผๆ๓\0%'),('oฝอsLๆ๓\0%',1000864,'ะฑะฝ','0000-00-00 00:00:00',1,'ฐลnๆ๓\0%','df[ฌ9ไ\0%','ะะพะดะตะปั ะฝะตะพะฑัะพะดะธะผะพ ััะพัะฝะธัั',NULL,'ฎ45^ผๆ๓\0%'),('oฝฯsLๆ๓\0%',1000865,'ะฑะฝ','0000-00-00 00:00:00',1,'ศnๆ๓\0%','df[ฌ9ไ\0%','KM1',NULL,'ฎ45^ผๆ๓\0%'),('oฝัsLๆ๓\0%',1000867,'0','0000-00-00 00:00:00',1,'ฐฤึnๆ๓\0%','O\06ฌนไ\0%','',NULL,'๒Bi,ๆ๓\0%'),('oฝำsLๆ๓\0%',1000868,'0','0000-00-00 00:00:00',1,'ฐฤ๎nๆ๓\0%','O\06ฌนไ\0%','',NULL,'๒Bi,ๆ๓\0%'),('oฝีsLๆ๓\0%',1000869,'0','0000-00-00 00:00:00',1,'ศPnๆ๓\0%','O\06ฌนไ\0%','',NULL,'๒Bi,ๆ๓\0%'),('oฝืsLๆ๓\0%',1000870,'0','0000-00-00 00:00:00',1,'ศdnๆ๓\0%','O\06ฌนไ\0%','',NULL,'๒Bi,ๆ๓\0%'),('oฝูsLๆ๓\0%',1000871,'0','0000-00-00 00:00:00',1,'ศฆnๆ๓\0%','O\06ฌนไ\0%','',NULL,'๒Bi,ๆ๓\0%'),('oฝsLๆ๓\0%',1000872,'0','0000-00-00 00:00:00',1,'ฐฤ๐nๆ๓\0%','O\06ฌนไ\0%','ัะตัะฒะตั',NULL,'๒Bi,ๆ๓\0%'),('oฝsLๆ๓\0%',1000873,'0','0000-00-00 00:00:00',1,'ศnๆ๓\0%','O\06ฌนไ\0%','ะดะธัะตะบัะพั',NULL,'๒Bi,ๆ๓\0%'),('oฝ฿sLๆ๓\0%',1000874,'0','0000-00-00 00:00:00',1,'ศดnๆ๓\0%','O\06ฌนไ\0%','',NULL,'๒Bi,ๆ๓\0%'),('oฝแsLๆ๓\0%',1000876,'0','0000-00-00 00:00:00',1,'ศดnๆ๓\0%','O\06ฌนไ\0%','',NULL,'๒Bi,ๆ๓\0%'),('oฝใsLๆ๓\0%',1000877,'0','0000-00-00 00:00:00',1,'ศดnๆ๓\0%','O\06ฌนไ\0%','',NULL,'๒Bi,ๆ๓\0%'),('oฝๅsLๆ๓\0%',1000878,'0','0000-00-00 00:00:00',1,'ศnๆ๓\0%','O\06ฌนไ\0%','',NULL,'๒Bi,ๆ๓\0%'),('oฝ็sLๆ๓\0%',1000879,'0','0000-00-00 00:00:00',1,'ศnๆ๓\0%','O\06ฌนไ\0%','',NULL,'๒Bi,ๆ๓\0%'),('oฝ้sLๆ๓\0%',1000880,'0','0000-00-00 00:00:00',1,'ศnๆ๓\0%','O\06ฌนไ\0%','',NULL,'๒Bi,ๆ๓\0%'),('oฝ๋sLๆ๓\0%',1000881,'0','0000-00-00 00:00:00',1,'ฐฤ๐nๆ๓\0%','O\06ฌนไ\0%','',NULL,'๒Bi,ๆ๓\0%'),('oฝํsLๆ๓\0%',1000882,'ะฑะฝ','0000-00-00 00:00:00',1,'ศdnๆ๓\0%','ฌEไ\0%','',NULL,'ฎ45^ผๆ๓\0%'),('oฝ๏sLๆ๓\0%',1000883,'ะฑะฝ','0000-00-00 00:00:00',1,'ศฆnๆ๓\0%','ฌEไ\0%','',NULL,'ฎ45^ผๆ๓\0%'),('oฝ๑sLๆ๓\0%',1000884,'ะฑะฝ','0000-00-00 00:00:00',1,'ศnๆ๓\0%','ฌEไ\0%','ะกะตัะฒะตั',NULL,'ฎ45^ผๆ๓\0%'),('oฝ๓sLๆ๓\0%',1000885,'ะฑะฝ','0000-00-00 00:00:00',1,'ฐฤฮnๆ๓\0%','ฌEไ\0%','',NULL,'ฎ45^ผๆ๓\0%'),('oฝ๕sLๆ๓\0%',1000886,'ะฑะฝ','0000-00-00 00:00:00',1,'ศ\"nๆ๓\0%','งืgมnไO\0%','ะะฐะฑะพัะตะต ะผะตััะพ 13 (ะะธัะตะบัะพั)',NULL,'อ\"ฝำๅงช\0%'),('oฝ๗sLๆ๓\0%',1000887,'ะฑะฝ','0000-00-00 00:00:00',1,'ศ^nๆ๓\0%','งืgมnไO\0%','ะะฐะฑะพัะตะต ะผะตััะพ 13 (ะะธัะตะบัะพั)',NULL,'อ\"ฝำๅงช\0%'),('oฝ๙sLๆ๓\0%',1000888,'ะฑะฝ','0000-00-00 00:00:00',1,'ฐฤ๘nๆ๓\0%','งืgมnไO\0%','',NULL,'อ\"ฝำๅงช\0%'),('oฝ๛sLๆ๓\0%',1000889,'ะฑะฝ','0000-00-00 00:00:00',1,'ฐฤ๐nๆ๓\0%','งืgมnไO\0%','',NULL,'อ\"ฝำๅงช\0%'),('oฝsLๆ๓\0%',1000890,'ะฑะฝ','0000-00-00 00:00:00',1,'ศดnๆ๓\0%','งืgมnไO\0%','ะกะตัะฒะตั',NULL,'อ\"ฝำๅงช\0%'),('oฝsLๆ๓\0%',1000896,'','0000-00-00 00:00:00',1,'ศnๆ๓\0%','`ิcxPๅR\0%','11A3152DIR',NULL,'ฎ45^ผๆ๓\0%'),('oพsLๆ๓\0%',1000897,'','0000-00-00 00:00:00',1,'ศnๆ๓\0%','`ิcxPๅR\0%','11A-3152KM1',NULL,'ฎ45^ผๆ๓\0%'),('oพsLๆ๓\0%',1000899,'','0000-00-00 00:00:00',1,'ศnๆ๓\0%','`ิcxPๅR\0%','11A-3152SRV',NULL,'ฎ45^ผๆ๓\0%'),('oพsLๆ๓\0%',1000901,'','0000-00-00 00:00:00',1,'ศnๆ๓\0%','`ิcxPๅR\0%','11A-3152KM2',NULL,'ฎ45^ผๆ๓\0%'),('oพsLๆ๓\0%',1000906,'ะฑะฝ','0000-00-00 00:00:00',1,'ศฌnๆ๓\0%','dfpฌ9ไ\0%','',NULL,'ฎ45^ผๆ๓\0%'),('oพ	sLๆ๓\0%',1000907,'ะฑะฝ','0000-00-00 00:00:00',1,'ศnๆ๓\0%','dfpฌ9ไ\0%','11a-3024km2',NULL,'ฎ45^ผๆ๓\0%'),('oพsLๆ๓\0%',1000908,'ะฑะฝ','0000-00-00 00:00:00',1,'ศ~nๆ๓\0%','dfpฌ9ไ\0%','',NULL,'ฎ45^ผๆ๓\0%'),('oพ\rsLๆ๓\0%',1000909,'ะฑะฝ','0000-00-00 00:00:00',1,'ศฌnๆ๓\0%','dfpฌ9ไ\0%','',NULL,'ฎ45^ผๆ๓\0%'),('oพsLๆ๓\0%',1000910,'ะฑะฝ','0000-00-00 00:00:00',1,'ศุnๆ๓\0%','dfpฌ9ไ\0%','',NULL,'ฎ45^ผๆ๓\0%'),('oพsLๆ๓\0%',1000919,'ะฑะฝ','0000-00-00 00:00:00',1,'ศnๆ๓\0%','gฌQไ\0%','11a-3138dir',NULL,'ฎ45^ผๆ๓\0%'),('oพsLๆ๓\0%',1000920,'ะฑะฝ','0000-00-00 00:00:00',1,'ศnๆ๓\0%','gฌQไ\0%','',NULL,'ฎ45^ผๆ๓\0%'),('oพsLๆ๓\0%',1000921,'ะฑะฝ','0000-00-00 00:00:00',1,'ศ>nๆ๓\0%','gฌQไ\0%','',NULL,'ฎ45^ผๆ๓\0%'),('oพsLๆ๓\0%',1000922,'ะฑะฝ','0000-00-00 00:00:00',1,'ศจnๆ๓\0%','gฌQไ\0%','',NULL,'ฎ45^ผๆ๓\0%'),('oพsLๆ๓\0%',1000923,'ะฑะฝ','0000-00-00 00:00:00',1,'ศnๆ๓\0%','gฌQไ\0%','11a-3138srv',NULL,'ฎ45^ผๆ๓\0%'),('oพsLๆ๓\0%',1000924,'ะฑะฝ','0000-00-00 00:00:00',1,'ศคnๆ๓\0%','gฌQไ\0%','',NULL,'ฎ45^ผๆ๓\0%'),('oพsLๆ๓\0%',1000925,'ะฑะฝ','0000-00-00 00:00:00',1,'ศnๆ๓\0%','gฌQไ\0%','11a-3138km1',NULL,'ฎ45^ผๆ๓\0%'),('oพsLๆ๓\0%',1000926,'ะฑะฝ','0000-00-00 00:00:00',1,'ศnๆ๓\0%','gฌQไ\0%','',NULL,'ฎ45^ผๆ๓\0%'),('oพ!sLๆ๓\0%',1000927,'ะฑะฝ','0000-00-00 00:00:00',1,'ศจnๆ๓\0%','gฌQไ\0%','',NULL,'ฎ45^ผๆ๓\0%'),('oพ#sLๆ๓\0%',1000928,'ะฑะฝ','0000-00-00 00:00:00',1,'ศุnๆ๓\0%','gฌQไ\0%','',NULL,'ฎ45^ผๆ๓\0%'),('oพ%sLๆ๓\0%',1000929,'ะฑะฝ','0000-00-00 00:00:00',1,'ศnๆ๓\0%','gฌQไ\0%','11a-3138km2',NULL,'ฎ45^ผๆ๓\0%'),('oพ\'sLๆ๓\0%',1000930,'ะฑะฝ','0000-00-00 00:00:00',1,'ศnๆ๓\0%','gฌQไ\0%','',NULL,'ฎ45^ผๆ๓\0%'),('oพ)sLๆ๓\0%',1000931,'ะฑะฝ','0000-00-00 00:00:00',1,'ศจnๆ๓\0%','gฌQไ\0%','',NULL,'ฎ45^ผๆ๓\0%'),('oพ+sLๆ๓\0%',1000932,'ะฑะฝ','0000-00-00 00:00:00',1,'ศึnๆ๓\0%','gฌQไ\0%','',NULL,'ฎ45^ผๆ๓\0%'),('oพ-sLๆ๓\0%',1000933,'ะฑะฝ','0000-00-00 00:00:00',1,'ฐฤะnๆ๓\0%','gฌQไ\0%','',NULL,'ฎ45^ผๆ๓\0%'),('oพ/sLๆ๓\0%',1000934,'ะฑะฝ','0000-00-00 00:00:00',1,'ฐฤไnๆ๓\0%','gฌQไ\0%','',NULL,'ฎ45^ผๆ๓\0%'),('oพ1sLๆ๓\0%',1000935,'ะฑะฝ','0000-00-00 00:00:00',1,'ศnๆ๓\0%','dfJฌ9ไ\0%','11a-3015dir',NULL,'ฎ45^ผๆ๓\0%'),('oพ3sLๆ๓\0%',1000936,'ะฑะฝ','0000-00-00 00:00:00',1,'ฐล\nnๆ๓\0%','dfJฌ9ไ\0%','',NULL,'ฎ45^ผๆ๓\0%'),('oพ5sLๆ๓\0%',1000937,'ะฑะฝ','0000-00-00 00:00:00',1,'ศnๆ๓\0%','dfJฌ9ไ\0%','11a-3015srv',NULL,'ฎ45^ผๆ๓\0%'),('oพ7sLๆ๓\0%',1000938,'ะฑะฝ','0000-00-00 00:00:00',1,'ศnๆ๓\0%','dfJฌ9ไ\0%','11a-3005srv',NULL,'ฎ45^ผๆ๓\0%'),('oพ9sLๆ๓\0%',1000939,'ะฑะฝ','0000-00-00 00:00:00',1,'ศjnๆ๓\0%','dfJฌ9ไ\0%','',NULL,'ฎ45^ผๆ๓\0%'),('oพ;sLๆ๓\0%',1000940,'ะฑะฝ','0000-00-00 00:00:00',1,'ศ<nๆ๓\0%','dfJฌ9ไ\0%','',NULL,'ฎ45^ผๆ๓\0%'),('oพ=sLๆ๓\0%',1000941,'ะฑะฝ','0000-00-00 00:00:00',1,'ศฆnๆ๓\0%','dfJฌ9ไ\0%','',NULL,'ฎ45^ผๆ๓\0%'),('oพ?sLๆ๓\0%',1000942,'ะฑะฝ','0000-00-00 00:00:00',1,'ศฆnๆ๓\0%','dfJฌ9ไ\0%','',NULL,'ฎ45^ผๆ๓\0%'),('oพAsLๆ๓\0%',1000943,'ะฑะฝ','0000-00-00 00:00:00',1,'ศnๆ๓\0%','dfJฌ9ไ\0%','11a-3017srv',NULL,'ฎ45^ผๆ๓\0%'),('oพCsLๆ๓\0%',1000944,'ะฑะฝ','0000-00-00 00:00:00',1,'ศnๆ๓\0%','dfJฌ9ไ\0%','',NULL,'ฎ45^ผๆ๓\0%'),('oพEsLๆ๓\0%',1000945,'ะฑะฝ','0000-00-00 00:00:00',1,'ศ๊nๆ๓\0%','dfJฌ9ไ\0%','',NULL,'ฎ45^ผๆ๓\0%'),('oพGsLๆ๓\0%',1000946,'ะฑะฝ','0000-00-00 00:00:00',1,'ศฒnๆ๓\0%','dfJฌ9ไ\0%','',NULL,'ฎ45^ผๆ๓\0%'),('oพIsLๆ๓\0%',1000947,'ะฑะฝ','0000-00-00 00:00:00',1,'ศnๆ๓\0%','dfJฌ9ไ\0%','11a-3015km1',NULL,'ฎ45^ผๆ๓\0%'),('oพKsLๆ๓\0%',1000948,'ะฑะฝ','0000-00-00 00:00:00',1,'ฐล\nnๆ๓\0%','dfJฌ9ไ\0%','',NULL,'ฎ45^ผๆ๓\0%'),('oพMsLๆ๓\0%',1000949,'ะฑะฝ','0000-00-00 00:00:00',1,'ศฌnๆ๓\0%','dfJฌ9ไ\0%','',NULL,'ฎ45^ผๆ๓\0%'),('oพOsLๆ๓\0%',1000950,'ะฑะฝ','0000-00-00 00:00:00',1,'ศnๆ๓\0%','dfJฌ9ไ\0%','11a-3005dir',NULL,'ฎ45^ผๆ๓\0%'),('oพQsLๆ๓\0%',1000951,'ะฑะฝ','0000-00-00 00:00:00',1,'ฐล\nnๆ๓\0%','dfJฌ9ไ\0%','',NULL,'ฎ45^ผๆ๓\0%'),('oพSsLๆ๓\0%',1000952,'ะฑะฝ','0000-00-00 00:00:00',1,'ศุnๆ๓\0%','dfJฌ9ไ\0%','',NULL,'ฎ45^ผๆ๓\0%'),('oพUsLๆ๓\0%',1000953,'ะฑะฝ','0000-00-00 00:00:00',1,'ฐฤฮnๆ๓\0%','dfJฌ9ไ\0%','',NULL,'ฎ45^ผๆ๓\0%'),('oพWsLๆ๓\0%',1000954,'ะฑะฝ','0000-00-00 00:00:00',1,'ฐฤ์nๆ๓\0%','dfJฌ9ไ\0%','',NULL,'ฎ45^ผๆ๓\0%'),('oพYsLๆ๓\0%',1000955,'ะฑะฝ','0000-00-00 00:00:00',1,'ศdnๆ๓\0%','dfJฌ9ไ\0%','',NULL,'ฎ45^ผๆ๓\0%'),('oพ[sLๆ๓\0%',1000956,'ะฑะฝ','0000-00-00 00:00:00',1,'ศฌnๆ๓\0%','dfJฌ9ไ\0%','',NULL,'ฎ45^ผๆ๓\0%'),('oพ]sLๆ๓\0%',1000957,'ะฑะฝ','0000-00-00 00:00:00',1,'ศznๆ๓\0%','dfJฌ9ไ\0%','',NULL,'ฎ45^ผๆ๓\0%'),('oพ_sLๆ๓\0%',1000958,'ะฑะฝ','0000-00-00 00:00:00',1,'ศnๆ๓\0%','dfJฌ9ไ\0%','11a-3005km2',NULL,'ฎ45^ผๆ๓\0%'),('oพasLๆ๓\0%',1000959,'ะฑะฝ','0000-00-00 00:00:00',1,'ศดnๆ๓\0%','dfJฌ9ไ\0%','',NULL,'ฎ45^ผๆ๓\0%'),('oพcsLๆ๓\0%',1000960,'ะฑะฝ','0000-00-00 00:00:00',1,'ศnๆ๓\0%','dfJฌ9ไ\0%','11a-3005km1',NULL,'ฎ45^ผๆ๓\0%'),('oพesLๆ๓\0%',1000961,'ะฑะฝ','0000-00-00 00:00:00',1,'ศฌnๆ๓\0%','dfJฌ9ไ\0%','',NULL,'ฎ45^ผๆ๓\0%'),('oพgsLๆ๓\0%',1000962,'ะฑะฝ','0000-00-00 00:00:00',1,'ฐล\nnๆ๓\0%','dfJฌ9ไ\0%','',NULL,'ฎ45^ผๆ๓\0%'),('oพisLๆ๓\0%',1000963,'ะฑะฝ','0000-00-00 00:00:00',1,'ศุnๆ๓\0%','dfJฌ9ไ\0%','',NULL,'ฎ45^ผๆ๓\0%'),('oพksLๆ๓\0%',1000964,'ะฑะฝ','0000-00-00 00:00:00',1,'ศnๆ๓\0%','gคฌQไ\0%','11a-3142srv',NULL,'ฎ45^ผๆ๓\0%'),('oพmsLๆ๓\0%',1000965,'ะฑะฝ','0000-00-00 00:00:00',1,'ศคnๆ๓\0%','gคฌQไ\0%','',NULL,'ฎ45^ผๆ๓\0%'),('oพosLๆ๓\0%',1000966,'ะฑะฝ','0000-00-00 00:00:00',1,'ฐฤๆnๆ๓\0%','gคฌQไ\0%','',NULL,'ฎ45^ผๆ๓\0%'),('oพqsLๆ๓\0%',1000967,'ะฑะฝ','0000-00-00 00:00:00',1,'ฐฤะnๆ๓\0%','gคฌQไ\0%','',NULL,'ฎ45^ผๆ๓\0%'),('oพssLๆ๓\0%',1000968,'ะฑะฝ','0000-00-00 00:00:00',1,'ศnๆ๓\0%','gคฌQไ\0%','11a-3142dir',NULL,'ฎ45^ผๆ๓\0%'),('oพusLๆ๓\0%',1000969,'ะฑะฝ','0000-00-00 00:00:00',1,'ศจnๆ๓\0%','gคฌQไ\0%','',NULL,'ฎ45^ผๆ๓\0%'),('oพwsLๆ๓\0%',1000970,'ะฑะฝ','0000-00-00 00:00:00',1,'ศfnๆ๓\0%','gคฌQไ\0%','',NULL,'ฎ45^ผๆ๓\0%'),('oพysLๆ๓\0%',1000971,'ะฑะฝ','0000-00-00 00:00:00',1,'ศnๆ๓\0%','gคฌQไ\0%','',NULL,'ฎ45^ผๆ๓\0%'),('oพ{sLๆ๓\0%',1000973,'ะฑะฝ','0000-00-00 00:00:00',1,'ฐฤฮnๆ๓\0%','dfwฌ9ไ\0%','',NULL,'ฎ45^ผๆ๓\0%'),('oพ}sLๆ๓\0%',1000974,'ะฑะฝ','0000-00-00 00:00:00',1,'ฐฤๆnๆ๓\0%','dfwฌ9ไ\0%','',NULL,'ฎ45^ผๆ๓\0%'),('oพsLๆ๓\0%',1000975,'ะฑะฝ','0000-00-00 00:00:00',1,'ศnๆ๓\0%','dfwฌ9ไ\0%','11a3025srv',NULL,'ฎ45^ผๆ๓\0%'),('oพsLๆ๓\0%',1000976,'ะฑะฝ','0000-00-00 00:00:00',1,'ศฆnๆ๓\0%','dfwฌ9ไ\0%','',NULL,'ฎ45^ผๆ๓\0%'),('oพsLๆ๓\0%',1000977,'ะฑะฝ','0000-00-00 00:00:00',1,'ศhnๆ๓\0%','dfwฌ9ไ\0%','',NULL,'ฎ45^ผๆ๓\0%'),('oพsLๆ๓\0%',1000978,'ะฑะฝ','0000-00-00 00:00:00',1,'ศ6nๆ๓\0%','dfwฌ9ไ\0%','',NULL,'ฎ45^ผๆ๓\0%'),('oพsLๆ๓\0%',1000979,'ะฑะฝ','0000-00-00 00:00:00',1,'ศฌnๆ๓\0%','dfwฌ9ไ\0%','',NULL,'ฎ45^ผๆ๓\0%'),('oพsLๆ๓\0%',1000980,'ะฑะฝ','0000-00-00 00:00:00',1,'ศ|nๆ๓\0%','dfwฌ9ไ\0%','',NULL,'ฎ45^ผๆ๓\0%'),('oพsLๆ๓\0%',1000981,'ะฑะฝ','0000-00-00 00:00:00',1,'ศnๆ๓\0%','dfwฌ9ไ\0%','11a3025dir',NULL,'ฎ45^ผๆ๓\0%'),('oพsLๆ๓\0%',1000991,'ะฑะฝ','0000-00-00 00:00:00',1,'ศึnๆ๓\0%','dfwฌ9ไ\0%','ะะพะดะตะปั ะฝะตะพะฑัะพะดะธะผะพ ััะพัะฝะธัั',NULL,'ฎ45^ผๆ๓\0%'),('oพsLๆ๓\0%',1000992,'ะฑะฝ','0000-00-00 00:00:00',1,'ศฌnๆ๓\0%','dfwฌ9ไ\0%','',NULL,'ฎ45^ผๆ๓\0%'),('oพsLๆ๓\0%',1000993,'ะฑะฝ','0000-00-00 00:00:00',1,'ศ|nๆ๓\0%','dfwฌ9ไ\0%','ะะพะดะตะปั ะฝะตะพะฑัะพะดะธะผะพ ััะพัะฝะธัั',NULL,'ฎ45^ผๆ๓\0%'),('oพsLๆ๓\0%',1000994,'ะฑะฝ','0000-00-00 00:00:00',1,'ศnๆ๓\0%','dfwฌ9ไ\0%','11a3025km1',NULL,'ฎ45^ผๆ๓\0%'),('oพsLๆ๓\0%',1000995,'ะฑะฝ','0000-00-00 00:00:00',1,'ศจnๆ๓\0%','gคฌQไ\0%','',NULL,'ฎ45^ผๆ๓\0%'),('oพsLๆ๓\0%',1000996,'ะฑะฝ','0000-00-00 00:00:00',1,'ศnๆ๓\0%','gคฌQไ\0%','',NULL,'ฎ45^ผๆ๓\0%'),('oพsLๆ๓\0%',1000997,'ะฑะฝ','0000-00-00 00:00:00',1,'ศnๆ๓\0%','gคฌQไ\0%','11a-3142km1',NULL,'ฎ45^ผๆ๓\0%'),('oพsLๆ๓\0%',1000998,'ะฑะฝ','0000-00-00 00:00:00',1,'ศจnๆ๓\0%','gคฌQไ\0%','',NULL,'ฎ45^ผๆ๓\0%'),('oพsLๆ๓\0%',1000999,'ะฑะฝ','0000-00-00 00:00:00',1,'ศnๆ๓\0%','gคฌQไ\0%','',NULL,'ฎ45^ผๆ๓\0%'),('oพsLๆ๓\0%',1001000,'ะฑะฝ','0000-00-00 00:00:00',1,'ศnๆ๓\0%','gคฌQไ\0%','11a-3142km2',NULL,'ฎ45^ผๆ๓\0%'),('oพกsLๆ๓\0%',1001017,'','0000-00-00 00:00:00',1,'ศnๆ๓\0%','อI#ฉๅ๕\0%','','ฯ}/qๆ๓\0%','ฎ45^ผๆ๓\0%'),('oพฃsLๆ๓\0%',1001018,'','0000-00-00 00:00:00',1,'ศสnๆ๓\0%','อI#ฉๅ๕\0%','','ฯ}/qๆ๓\0%','ฎ45^ผๆ๓\0%'),('oพฅsLๆ๓\0%',1001019,'','0000-00-00 00:00:00',1,'ศจnๆ๓\0%','อI#ฉๅ๕\0%','','ฯ}/qๆ๓\0%','ฎ45^ผๆ๓\0%'),('oพงsLๆ๓\0%',1001020,'','0000-00-00 00:00:00',1,'ศnๆ๓\0%','อI#ฉๅ๕\0%','','ฯ}1qๆ๓\0%','ฎ45^ผๆ๓\0%'),('oพฉsLๆ๓\0%',1001021,'','0000-00-00 00:00:00',1,'ฐฤาnๆ๓\0%','อI#ฉๅ๕\0%','','ฯ}1qๆ๓\0%','ฎ45^ผๆ๓\0%'),('oพซsLๆ๓\0%',1001022,'','0000-00-00 00:00:00',1,'ศไnๆ๓\0%','อI#ฉๅ๕\0%','','ฯ}1qๆ๓\0%','ฎ45^ผๆ๓\0%'),('oพญsLๆ๓\0%',1001023,'','0000-00-00 00:00:00',1,'ศfnๆ๓\0%','อI#ฉๅ๕\0%','','ฯ}/qๆ๓\0%','ฎ45^ผๆ๓\0%'),('oพฏsLๆ๓\0%',1001024,'','0000-00-00 00:00:00',1,'ศคnๆ๓\0%','อI#ฉๅ๕\0%','','ฯ}1qๆ๓\0%','ฎ45^ผๆ๓\0%'),('oพฑsLๆ๓\0%',1001025,'','0000-00-00 00:00:00',1,'ศnๆ๓\0%','อI#ฉๅ๕\0%','','ฯ}3qๆ๓\0%','ฎ45^ผๆ๓\0%'),('oพณsLๆ๓\0%',1001026,'','0000-00-00 00:00:00',1,'ศnๆ๓\0%','อI#ฉๅ๕\0%','','ฯ}3qๆ๓\0%','ฎ45^ผๆ๓\0%'),('oพตsLๆ๓\0%',1001027,'','0000-00-00 00:00:00',1,'ศจnๆ๓\0%','อI#ฉๅ๕\0%','','ฯ}3qๆ๓\0%','ฎ45^ผๆ๓\0%'),('oพทsLๆ๓\0%',1001028,'','0000-00-00 00:00:00',1,'ศnๆ๓\0%','อI#ฉๅ๕\0%','','ฯ}5qๆ๓\0%','ฎ45^ผๆ๓\0%'),('oพนsLๆ๓\0%',1001029,'','0000-00-00 00:00:00',1,'ศnๆ๓\0%','อI#ฉๅ๕\0%','','ฯ}5qๆ๓\0%','ฎ45^ผๆ๓\0%'),('oพปsLๆ๓\0%',1001030,'','0000-00-00 00:00:00',1,'ศจnๆ๓\0%','อI#ฉๅ๕\0%','','ฯ}5qๆ๓\0%','ฎ45^ผๆ๓\0%'),('oพฝsLๆ๓\0%',1001065,'0','0000-00-00 00:00:00',1,'ศฐnๆ๓\0%','คFฌnทrไ\0%','','ฯ}?qๆ๓\0%','ฎ45^ผๆ๓\0%'),('oพฟsLๆ๓\0%',1001066,'0','0000-00-00 00:00:00',1,'ศnๆ๓\0%','คFฌnทrไ\0%','','ฯ}?qๆ๓\0%','ฎ45^ผๆ๓\0%'),('oพมsLๆ๓\0%',1001067,'0','0000-00-00 00:00:00',1,'ศnๆ๓\0%','คFฌnทrไ\0%','','ฯ}?qๆ๓\0%','ฎ45^ผๆ๓\0%'),('oพรsLๆ๓\0%',1001068,'0','0000-00-00 00:00:00',1,'ศฐnๆ๓\0%','คFฌnทrไ\0%','','ฯ}Cqๆ๓\0%','ฎ45^ผๆ๓\0%'),('oพลsLๆ๓\0%',1001069,'0','0000-00-00 00:00:00',1,'ศfnๆ๓\0%','คFฌnทrไ\0%','','ฯ}Cqๆ๓\0%','ฎ45^ผๆ๓\0%'),('oพวsLๆ๓\0%',1001070,'0','0000-00-00 00:00:00',1,'ศxnๆ๓\0%','คFฌnทrไ\0%','','ฯ}Cqๆ๓\0%','ฎ45^ผๆ๓\0%'),('oพษsLๆ๓\0%',1001071,'0','0000-00-00 00:00:00',1,'ศnๆ๓\0%','คFฌnทrไ\0%','','ฯ}Cqๆ๓\0%','ฎ45^ผๆ๓\0%'),('oพหsLๆ๓\0%',1001072,'0','0000-00-00 00:00:00',1,'ศึnๆ๓\0%','คFฌnทrไ\0%','',NULL,'ฎ45^ผๆ๓\0%'),('oพอsLๆ๓\0%',1001073,'0','0000-00-00 00:00:00',1,'ฐฤุnๆ๓\0%','คFฌnทrไ\0%','',NULL,'ฎ45^ผๆ๓\0%'),('oพฯsLๆ๓\0%',1001074,'0','0000-00-00 00:00:00',1,'ศคnๆ๓\0%','คFฌnทrไ\0%','','ฯ}Aqๆ๓\0%','ฎ45^ผๆ๓\0%'),('oพัsLๆ๓\0%',1001076,'0','0000-00-00 00:00:00',1,'ฐฤ๐nๆ๓\0%','คFฌnทrไ\0%','','ฯ}Aqๆ๓\0%','ฎ45^ผๆ๓\0%'),('oพำsLๆ๓\0%',1001077,'0','0000-00-00 00:00:00',1,'ศfnๆ๓\0%','\'\'%<ร๔ไO\0%','','ฯ}7qๆ๓\0%','ฎ45^ผๆ๓\0%'),('oพีsLๆ๓\0%',1001078,'0','0000-00-00 00:00:00',1,'ศnๆ๓\0%','\'\'%<ร๔ไO\0%','','ฯ}=qๆ๓\0%','ฎ45^ผๆ๓\0%'),('oพืsLๆ๓\0%',1001079,'0','0000-00-00 00:00:00',1,'ศnๆ๓\0%','\'\'%<ร๔ไO\0%','','ฯ}=qๆ๓\0%','ฎ45^ผๆ๓\0%'),('oพูsLๆ๓\0%',1001080,'0','0000-00-00 00:00:00',1,'ศnๆ๓\0%','\'\'%<ร๔ไO\0%','','ฯ};qๆ๓\0%','ฎ45^ผๆ๓\0%'),('oพsLๆ๓\0%',1001081,'0','0000-00-00 00:00:00',1,'ศnๆ๓\0%','\'\'%<ร๔ไO\0%','','ฯ};qๆ๓\0%','ฎ45^ผๆ๓\0%'),('oพsLๆ๓\0%',1001082,'0','0000-00-00 00:00:00',1,'ศึnๆ๓\0%','\'\'%<ร๔ไO\0%','',NULL,'ฎ45^ผๆ๓\0%'),('oพ฿sLๆ๓\0%',1001083,'0','0000-00-00 00:00:00',1,'ฐฤุnๆ๓\0%','\'\'%<ร๔ไO\0%','',NULL,'ฎ45^ผๆ๓\0%'),('oพแsLๆ๓\0%',1001084,'0','0000-00-00 00:00:00',1,'ศสnๆ๓\0%','\'\'%<ร๔ไO\0%','','ฯ}7qๆ๓\0%','ฎ45^ผๆ๓\0%'),('oพใsLๆ๓\0%',1001085,'0','0000-00-00 00:00:00',1,'ศnๆ๓\0%','\'\'%<ร๔ไO\0%','','ฯ}7qๆ๓\0%','ฎ45^ผๆ๓\0%'),('oพๅsLๆ๓\0%',1001086,'0','0000-00-00 00:00:00',1,'ศฐnๆ๓\0%','\'\'%<ร๔ไO\0%','','ฯ}7qๆ๓\0%','ฎ45^ผๆ๓\0%'),('oพ็sLๆ๓\0%',1001087,'0','0000-00-00 00:00:00',1,'ศคnๆ๓\0%','\'\'%<ร๔ไO\0%','','ฯ}9qๆ๓\0%','ฎ45^ผๆ๓\0%'),('oพ้sLๆ๓\0%',1001088,'0','0000-00-00 00:00:00',1,'ฐฤ๐nๆ๓\0%','\'\'%<ร๔ไO\0%','','ฯ}9qๆ๓\0%','ฎ45^ผๆ๓\0%'),('oพ๋sLๆ๓\0%',1001089,'0','0000-00-00 00:00:00',1,'ศnๆ๓\0%','O\06ฌนไ\0%','',NULL,'๒Bi,ๆ๓\0%'),('oพํsLๆ๓\0%',1001090,'0','0000-00-00 00:00:00',1,'ศnๆ๓\0%','df[ฌ9ไ\0%','',NULL,'ฎ45^ผๆ๓\0%'),('oพ๏sLๆ๓\0%',1001091,'0','0000-00-00 00:00:00',1,'ฐฤnๆ๓\0%','df[ฌ9ไ\0%','',NULL,'ฎ45^ผๆ๓\0%'),('oพ๑sLๆ๓\0%',1001092,'0','0000-00-00 00:00:00',1,'ศ่nๆ๓\0%','df[ฌ9ไ\0%','',NULL,'ฎ45^ผๆ๓\0%'),('oพ๓sLๆ๓\0%',1001117,'0','0000-00-00 00:00:00',1,'ศฐnๆ๓\0%','\'\'%<ร๔ไO\0%','',NULL,'ฎ45^ผๆ๓\0%'),('oพ๕sLๆ๓\0%',1001118,'0','0000-00-00 00:00:00',1,'ศฐnๆ๓\0%','\'\'%<ร๔ไO\0%','',NULL,'ฎ45^ผๆ๓\0%'),('oพ๗sLๆ๓\0%',1001396,'','0000-00-00 00:00:00',1,'ศจnๆ๓\0%','ต~ฦ:ๆ\0%','','ฯ}-qๆ๓\0%','rCพmๅงช\0%'),('oพ๙sLๆ๓\0%',1001397,'','0000-00-00 00:00:00',1,'ศ\0nๆ๓\0%','ต~ฦ:ๆ\0%','','ฯ}-qๆ๓\0%','rCพmๅงช\0%'),('oพ๛sLๆ๓\0%',1001398,'','0000-00-00 00:00:00',1,'ศnๆ๓\0%','ต~ฦ:ๆ\0%','','ฯ}-qๆ๓\0%','rCพmๅงช\0%'),('oพsLๆ๓\0%',1001399,'','0000-00-00 00:00:00',1,'ศ๘nๆ๓\0%','ต~ฦ:ๆ\0%','','ฯ}+qๆ๓\0%','rCพmๅงช\0%'),('oพsLๆ๓\0%',1001400,'','0000-00-00 00:00:00',1,'ศnๆ๓\0%','ต~ฦ:ๆ\0%','','ฯ}+qๆ๓\0%','rCพmๅงช\0%'),('oฟsLๆ๓\0%',1001401,'','0000-00-00 00:00:00',1,'ศnๆ๓\0%','ต~ฦ:ๆ\0%','','ฯ})qๆ๓\0%','rCพmๅงช\0%'),('oฟsLๆ๓\0%',1001402,'','0000-00-00 00:00:00',1,'ฐฤ๖nๆ๓\0%','ต~ฦ:ๆ\0%','','ฯ}\'qๆ๓\0%','rCพmๅงช\0%'),('oฟsLๆ๓\0%',1001403,'','0000-00-00 00:00:00',1,'ศฮnๆ๓\0%','ต~ฦ:ๆ\0%','','ฯ}\'qๆ๓\0%','rCพmๅงช\0%'),('oฟsLๆ๓\0%',1001404,'','0000-00-00 00:00:00',1,'ฐฤ๔nๆ๓\0%','ต~ฦ:ๆ\0%','','ฯ}\'qๆ๓\0%','rCพmๅงช\0%'),('oฟ	sLๆ๓\0%',1001405,'','0000-00-00 00:00:00',1,'ศLnๆ๓\0%','ต~ฦ:ๆ\0%','','ฯ}%qๆ๓\0%','rCพmๅงช\0%'),('oฟsLๆ๓\0%',1001406,'','0000-00-00 00:00:00',1,'ศ๘nๆ๓\0%','ต~ฦ:ๆ\0%','','ฯ}%qๆ๓\0%','rCพmๅงช\0%'),('oฟ\rsLๆ๓\0%',1001407,'','0000-00-00 00:00:00',1,'ศจnๆ๓\0%','ต~ฦ:ๆ\0%','','ฯ}%qๆ๓\0%','rCพmๅงช\0%'),('oฟsLๆ๓\0%',1001408,'','0000-00-00 00:00:00',1,'ศnๆ๓\0%','ต~ฦ:ๆ\0%','','ฯ}%qๆ๓\0%','rCพmๅงช\0%'),('oฟsLๆ๓\0%',1001409,'','0000-00-00 00:00:00',1,'ศจnๆ๓\0%','ต~ฦ:ๆ\0%','','ฯ}#qๆ๓\0%','rCพmๅงช\0%'),('oฟsLๆ๓\0%',1001410,'','0000-00-00 00:00:00',1,'ศ๘nๆ๓\0%','ต~ฦ:ๆ\0%','','ฯ}#qๆ๓\0%','rCพmๅงช\0%'),('oฟsLๆ๓\0%',1001411,'','0000-00-00 00:00:00',1,'ศnๆ๓\0%','ต~ฦ:ๆ\0%','','ฯ}#qๆ๓\0%','rCพmๅงช\0%'),('oฟsLๆ๓\0%',1001412,'','0000-00-00 00:00:00',1,'ศnๆ๓\0%','ต~ฦ:ๆ\0%','','ฯ}!qๆ๓\0%','rCพmๅงช\0%'),('oฟsLๆ๓\0%',1001413,'','0000-00-00 00:00:00',1,'ศจnๆ๓\0%','ต~ฦ:ๆ\0%','','ฯ}!qๆ๓\0%','rCพmๅงช\0%'),('oฟsLๆ๓\0%',1001414,'','0000-00-00 00:00:00',1,'ศNnๆ๓\0%','ต~ฦ:ๆ\0%','','ฯ}!qๆ๓\0%','rCพmๅงช\0%'),('oฟsLๆ๓\0%',1001415,'','0000-00-00 00:00:00',1,'ศ๘nๆ๓\0%','ต~ฦ:ๆ\0%','','ฯ}!qๆ๓\0%','rCพmๅงช\0%'),('oฟsLๆ๓\0%',1001416,'','0000-00-00 00:00:00',1,'ศnๆ๓\0%','ต~ฦ:ๆ\0%','','ฯ}!qๆ๓\0%','rCพmๅงช\0%'),('oฟ!sLๆ๓\0%',1001417,'','0000-00-00 00:00:00',1,'ศnๆ๓\0%','ต~ฦ:ๆ\0%','','ฯ}qๆ๓\0%','rCพmๅงช\0%'),('oฟ#sLๆ๓\0%',1001418,'','0000-00-00 00:00:00',1,'ศ๘nๆ๓\0%','ต~ฦ:ๆ\0%','','ฯ}qๆ๓\0%','rCพmๅงช\0%'),('oฟ%sLๆ๓\0%',1001419,'','0000-00-00 00:00:00',1,'ศจnๆ๓\0%','ต~ฦ:ๆ\0%','','ฯ}qๆ๓\0%','rCพmๅงช\0%'),('oฟ\'sLๆ๓\0%',1001420,'','0000-00-00 00:00:00',1,'ศnๆ๓\0%','ต~ฦ:ๆ\0%','','ฯ}qๆ๓\0%','rCพmๅงช\0%'),('oฟ)sLๆ๓\0%',1001421,'','0000-00-00 00:00:00',1,'ศnๆ๓\0%','ต~ฦ:ๆ\0%','','ฯ}qๆ๓\0%','rCพmๅงช\0%'),('oฟ+sLๆ๓\0%',1001422,'','0000-00-00 00:00:00',1,'ศจnๆ๓\0%','ต~ฦ:ๆ\0%','','ฯ}qๆ๓\0%','rCพmๅงช\0%'),('oฟ-sLๆ๓\0%',1001423,'','0000-00-00 00:00:00',1,'ศnๆ๓\0%','ต~ฦ:ๆ\0%','','ฯ}qๆ๓\0%','rCพmๅงช\0%'),('oฟ/sLๆ๓\0%',1001424,'','0000-00-00 00:00:00',1,'ศnๆ๓\0%','ต~ฦ:ๆ\0%','','ฯ}qๆ๓\0%','rCพmๅงช\0%'),('oฟ1sLๆ๓\0%',1001425,'','0000-00-00 00:00:00',1,'ศจnๆ๓\0%','ต~ฦ:ๆ\0%','','ฯ}qๆ๓\0%','rCพmๅงช\0%'),('oฟ3sLๆ๓\0%',1001426,'','0000-00-00 00:00:00',1,'ศnๆ๓\0%','ต~ฦ:ๆ\0%','','ฯ}qๆ๓\0%','rCพmๅงช\0%'),('oฟ5sLๆ๓\0%',1001427,'','0000-00-00 00:00:00',1,'ศnๆ๓\0%','ต~ฦ:ๆ\0%','','ฯ}qๆ๓\0%','rCพmๅงช\0%'),('oฟ7sLๆ๓\0%',1001428,'','0000-00-00 00:00:00',1,'ศจnๆ๓\0%','ต~ฦ:ๆ\0%','','ฯ}qๆ๓\0%','rCพmๅงช\0%'),('oฟ9sLๆ๓\0%',1001429,'','0000-00-00 00:00:00',1,'ศnๆ๓\0%','ต~ฦ:ๆ\0%','','ฯ}qๆ๓\0%','rCพmๅงช\0%'),('oฟ;sLๆ๓\0%',1001430,'','0000-00-00 00:00:00',1,'ศnๆ๓\0%','ต~ฦ:ๆ\0%','','ฯ}qๆ๓\0%','rCพmๅงช\0%'),('oฟ=sLๆ๓\0%',1001431,'','0000-00-00 00:00:00',1,'ศจnๆ๓\0%','ต~ฦ:ๆ\0%','','ฯ}qๆ๓\0%','rCพmๅงช\0%'),('oฟ?sLๆ๓\0%',1001432,'','0000-00-00 00:00:00',1,'ศnๆ๓\0%','ต~ฦ:ๆ\0%','','ฯ}qๆ๓\0%','rCพmๅงช\0%'),('oฟAsLๆ๓\0%',1001433,'','0000-00-00 00:00:00',1,'ศnๆ๓\0%','ต~ฦ:ๆ\0%','','ฯ}qๆ๓\0%','rCพmๅงช\0%'),('oฟCsLๆ๓\0%',1001434,'','0000-00-00 00:00:00',1,'ศ๘nๆ๓\0%','ต~ฦ:ๆ\0%','','ฯ}qๆ๓\0%','rCพmๅงช\0%'),('oฟEsLๆ๓\0%',1001435,'','0000-00-00 00:00:00',1,'ศnๆ๓\0%','ต~ฦ:ๆ\0%','','ฯ}qๆ๓\0%','rCพmๅงช\0%'),('oฟGsLๆ๓\0%',1001436,'','0000-00-00 00:00:00',1,'ศ๚nๆ๓\0%','ต~ฦ:ๆ\0%','','ฯ}qๆ๓\0%','rCพmๅงช\0%'),('oฟIsLๆ๓\0%',1001437,'','0000-00-00 00:00:00',1,'ศnๆ๓\0%','ต~ฦ:ๆ\0%','','ฯ}qๆ๓\0%','rCพmๅงช\0%'),('oฟKsLๆ๓\0%',1001438,'','0000-00-00 00:00:00',1,'ศิnๆ๓\0%','ต~ฦ:ๆ\0%','','ฯ}qๆ๓\0%','rCพmๅงช\0%'),('oฟMsLๆ๓\0%',1001439,'','0000-00-00 00:00:00',1,'ศLnๆ๓\0%','ต~ฦ:ๆ\0%','','ฯ}qๆ๓\0%','rCพmๅงช\0%'),('oฟOsLๆ๓\0%',1001440,'','0000-00-00 00:00:00',1,'ศ๘nๆ๓\0%','ต~ฦ:ๆ\0%','','ฯ}qๆ๓\0%','rCพmๅงช\0%'),('oฟQsLๆ๓\0%',1001441,'','0000-00-00 00:00:00',1,'ศnๆ๓\0%','ต~ฦ:ๆ\0%','','ฯ}qๆ๓\0%','rCพmๅงช\0%'),('oฟSsLๆ๓\0%',1001442,'','0000-00-00 00:00:00',1,'ศnnๆ๓\0%','ต~ฦ:ๆ\0%','','ฯ}\rqๆ๓\0%','rCพmๅงช\0%'),('oฟUsLๆ๓\0%',1001443,'','0000-00-00 00:00:00',1,'ศจnๆ๓\0%','ต~ฦ:ๆ\0%','','ฯ}\rqๆ๓\0%','rCพmๅงช\0%'),('oฟWsLๆ๓\0%',1001444,'','0000-00-00 00:00:00',1,'ศ๖nๆ๓\0%','ต~ฦ:ๆ\0%','','ฯ}\rqๆ๓\0%','rCพmๅงช\0%'),('oฟYsLๆ๓\0%',1001445,'','0000-00-00 00:00:00',1,'ศnๆ๓\0%','ต~ฦ:ๆ\0%','','ฯ}\rqๆ๓\0%','rCพmๅงช\0%'),('oฟ[sLๆ๓\0%',1001446,'0','0000-00-00 00:00:00',1,'ศ`nๆ๓\0%','\Zqฌ๔ไ\0%','','ฯ}\nqๆ๓\0%','ำ#Z\'ๆญj\0%'),('oฟ]sLๆ๓\0%',1001447,'0','0000-00-00 00:00:00',1,'ศ6nๆ๓\0%','\Zqฌ๔ไ\0%','','c@แqๆ๓\0%','ำ#Z\'ๆญj\0%'),('oฟ_sLๆ๓\0%',1001448,'0','0000-00-00 00:00:00',1,'ศะnๆ๓\0%','\Zqฌ๔ไ\0%','','c@แqๆ๓\0%','ำ#Z\'ๆญj\0%'),('oฟasLๆ๓\0%',1001449,'0','0000-00-00 00:00:00',1,'ศnๆ๓\0%','\Zqฌ๔ไ\0%','','c@แqๆ๓\0%','ำ#Z\'ๆญj\0%'),('oฟcsLๆ๓\0%',1001450,'0','0000-00-00 00:00:00',1,'ศสnๆ๓\0%','\Zqฌ๔ไ\0%','','c@แqๆ๓\0%','ำ#Z\'ๆญj\0%'),('oฟesLๆ๓\0%',1001451,'0','0000-00-00 00:00:00',1,'ศ<nๆ๓\0%','\Zqฌ๔ไ\0%','','c@฿qๆ๓\0%','ำ#Z\'ๆญj\0%'),('oฟgsLๆ๓\0%',1001452,'0','0000-00-00 00:00:00',1,'ศ&nๆ๓\0%','\Zqฌ๔ไ\0%','','c@฿qๆ๓\0%','ำ#Z\'ๆญj\0%'),('oฟisLๆ๓\0%',1001453,'','0000-00-00 00:00:00',1,'ศFnๆ๓\0%','O2W!ห	ๅงช\0%','','c@รqๆ๓\0%','๚แนฟๅงช\0%'),('oฟksLๆ๓\0%',1001454,'','0000-00-00 00:00:00',1,'ศิnๆ๓\0%','O2W!ห	ๅงช\0%','','c@รqๆ๓\0%','๚แนฟๅงช\0%'),('oฟmsLๆ๓\0%',1001455,'','0000-00-00 00:00:00',1,'ศnๆ๓\0%','O2W!ห	ๅงช\0%','','c@รqๆ๓\0%','๚แนฟๅงช\0%'),('oฟosLๆ๓\0%',1001456,'0','0000-00-00 00:00:00',1,'ศnๆ๓\0%','\Zqฌ๔ไ\0%','','c@qๆ๓\0%','ำ#Z\'ๆญj\0%'),('oฟqsLๆ๓\0%',1001457,'0','0000-00-00 00:00:00',1,'ศ6nๆ๓\0%','\Zqฌ๔ไ\0%','','c@qๆ๓\0%','ำ#Z\'ๆญj\0%'),('{sLๆ๓\0%',1001458,'0','0000-00-00 00:00:00',1,'ศศnๆ๓\0%','\Zqฌ๔ไ\0%','','c@qๆ๓\0%','ำ#Z\'ๆญj\0%'),('{sLๆ๓\0%',1001459,'0','0000-00-00 00:00:00',1,'ศnๆ๓\0%','\Zqฌ๔ไ\0%','','c@qๆ๓\0%','ำ#Z\'ๆญj\0%'),('{กsLๆ๓\0%',1001460,'0','0000-00-00 00:00:00',1,'ศznๆ๓\0%','\Zqฌ๔ไ\0%','','c@qๆ๓\0%','ำ#Z\'ๆญj\0%'),('{ฃsLๆ๓\0%',1001461,'0','0000-00-00 00:00:00',1,'ศดnๆ๓\0%','\Zqฌ๔ไ\0%','','c@qๆ๓\0%','ำ#Z\'ๆญj\0%'),('{ฅsLๆ๓\0%',1001462,'0','0000-00-00 00:00:00',1,'ศฤnๆ๓\0%','\Zqฌ๔ไ\0%','','c@qๆ๓\0%','ำ#Z\'ๆญj\0%'),('{งsLๆ๓\0%',1001463,'0','0000-00-00 00:00:00',1,'ศnๆ๓\0%','\Zqฌ๔ไ\0%','','c@qๆ๓\0%','ำ#Z\'ๆญj\0%'),('{ฉsLๆ๓\0%',1001464,'0','0000-00-00 00:00:00',1,'ศ:nๆ๓\0%','\Zqฌ๔ไ\0%','','c@ูqๆ๓\0%','ำ#Z\'ๆญj\0%'),('{ซsLๆ๓\0%',1001465,'0','0000-00-00 00:00:00',1,'ศฦnๆ๓\0%','\Zqฌ๔ไ\0%','','c@ูqๆ๓\0%','ำ#Z\'ๆญj\0%'),('{ญsLๆ๓\0%',1001466,'0','0000-00-00 00:00:00',1,'ศnๆ๓\0%','\Zqฌ๔ไ\0%','','c@ูqๆ๓\0%','ำ#Z\'ๆญj\0%'),('{ฏsLๆ๓\0%',1001467,'0','0000-00-00 00:00:00',1,'ศnๆ๓\0%','\Zqฌ๔ไ\0%','','c@ูqๆ๓\0%','ำ#Z\'ๆญj\0%'),('{ฑsLๆ๓\0%',1001468,'0','0000-00-00 00:00:00',1,'ศะnๆ๓\0%','\Zqฌ๔ไ\0%','','ฯ}\nๅqๆ๓\0%','ำ#Z\'ๆญj\0%'),('{ณsLๆ๓\0%',1001469,'0','0000-00-00 00:00:00',1,'ศnๆ๓\0%','\Zqฌ๔ไ\0%','','ฯ}\nๅqๆ๓\0%','ำ#Z\'ๆญj\0%'),('{ตsLๆ๓\0%',1001470,'0','0000-00-00 00:00:00',1,'ฐล\nnๆ๓\0%','\Zqฌ๔ไ\0%','','ฯ}\nๅqๆ๓\0%','ำ#Z\'ๆญj\0%'),('{ทsLๆ๓\0%',1001471,'0','0000-00-00 00:00:00',1,'ศคnๆ๓\0%','\Zqฌ๔ไ\0%','','ฯ}\nใqๆ๓\0%','ำ#Z\'ๆญj\0%'),('{นsLๆ๓\0%',1001472,'0','0000-00-00 00:00:00',1,'ศnๆ๓\0%','\Zqฌ๔ไ\0%','','ฯ}\nใqๆ๓\0%','ำ#Z\'ๆญj\0%'),('{ปsLๆ๓\0%',1001473,'0','0000-00-00 00:00:00',1,'ศเnๆ๓\0%','\Zqฌ๔ไ\0%','','ฯ}\nใqๆ๓\0%','ำ#Z\'ๆญj\0%'),('{ฝsLๆ๓\0%',1001474,'0','0000-00-00 00:00:00',1,'ศnๆ๓\0%','\Zqฌ๔ไ\0%','','ฯ}\nแqๆ๓\0%','ำ#Z\'ๆญj\0%'),('{ฟsLๆ๓\0%',1001475,'0','0000-00-00 00:00:00',1,'ศnๆ๓\0%','\Zqฌ๔ไ\0%','','ฯ}\nแqๆ๓\0%','ำ#Z\'ๆญj\0%'),('{มsLๆ๓\0%',1001476,'0','0000-00-00 00:00:00',1,'ศnๆ๓\0%','\Zqฌ๔ไ\0%','','ฯ}\nแqๆ๓\0%','ำ#Z\'ๆญj\0%'),('{รsLๆ๓\0%',1001477,'0','0000-00-00 00:00:00',1,'ศnๆ๓\0%','\Zqฌ๔ไ\0%','','ฯ}\n฿qๆ๓\0%','ำ#Z\'ๆญj\0%'),('{ลsLๆ๓\0%',1001478,'0','0000-00-00 00:00:00',1,'ศnๆ๓\0%','\Zqฌ๔ไ\0%','','ฯ}\n฿qๆ๓\0%','ำ#Z\'ๆญj\0%'),('{วsLๆ๓\0%',1001479,'0','0000-00-00 00:00:00',1,'ศnๆ๓\0%','\Zqฌ๔ไ\0%','','ฯ}\n฿qๆ๓\0%','ำ#Z\'ๆญj\0%'),('{ษsLๆ๓\0%',1001480,'0','0000-00-00 00:00:00',1,'ศ6nๆ๓\0%','\Zqฌ๔ไ\0%','','ฯ}\nqๆ๓\0%','ำ#Z\'ๆญj\0%'),('{หsLๆ๓\0%',1001481,'0','0000-00-00 00:00:00',1,'ศคnๆ๓\0%','\Zqฌ๔ไ\0%','','ฯ}\nqๆ๓\0%','ำ#Z\'ๆญj\0%'),('{อsLๆ๓\0%',1001482,'0','0000-00-00 00:00:00',1,'ศnๆ๓\0%','\Zqฌ๔ไ\0%','','ฯ}\nqๆ๓\0%','ำ#Z\'ๆญj\0%'),('{ฯsLๆ๓\0%',1001483,'0','0000-00-00 00:00:00',1,'ศุnๆ๓\0%','\Zqฌ๔ไ\0%','','ฯ}\nqๆ๓\0%','ำ#Z\'ๆญj\0%'),('{ัsLๆ๓\0%',1001484,'0','0000-00-00 00:00:00',1,'ศ.nๆ๓\0%','\Zqฌ๔ไ\0%','','ฯ}\nqๆ๓\0%','ำ#Z\'ๆญj\0%'),('{ำsLๆ๓\0%',1001485,'0','0000-00-00 00:00:00',1,'ศคnๆ๓\0%','\Zqฌ๔ไ\0%','','c@็qๆ๓\0%','ำ#Z\'ๆญj\0%'),('{ีsLๆ๓\0%',1001486,'0','0000-00-00 00:00:00',1,'ศึnๆ๓\0%','\Zqฌ๔ไ\0%','','c@็qๆ๓\0%','ำ#Z\'ๆญj\0%'),('{ืsLๆ๓\0%',1001487,'0','0000-00-00 00:00:00',1,'ศnๆ๓\0%','\Zqฌ๔ไ\0%','','c@็qๆ๓\0%','ำ#Z\'ๆญj\0%'),('{ูsLๆ๓\0%',1001488,'0','0000-00-00 00:00:00',1,'ศชnๆ๓\0%','\Zqฌ๔ไ\0%','','c@ืqๆ๓\0%','ำ#Z\'ๆญj\0%'),('{sLๆ๓\0%',1001489,'0','0000-00-00 00:00:00',1,'ฐฤ๐nๆ๓\0%','\Zqฌ๔ไ\0%','ัะปัะท','c@ืqๆ๓\0%','ำ#Z\'ๆญj\0%'),('{sLๆ๓\0%',1001490,'0','0000-00-00 00:00:00',1,'ศฦnๆ๓\0%','\Zqฌ๔ไ\0%','',NULL,'ำ#Z\'ๆญj\0%'),('{฿sLๆ๓\0%',1001491,'0','0000-00-00 00:00:00',1,'ฐฤ๐nๆ๓\0%','\Zqฌ๔ไ\0%','ะกะตัะฒะตั ัะตัะธะผะธะฝะฐะปัะฝัะน','c@ืqๆ๓\0%','ำ#Z\'ๆญj\0%'),('{แsLๆ๓\0%',1001493,'0','0000-00-00 00:00:00',1,'ศxnๆ๓\0%','\Zqฌ๔ไ\0%','','c@ืqๆ๓\0%','ำ#Z\'ๆญj\0%'),('{ใsLๆ๓\0%',1001494,'0','0000-00-00 00:00:00',1,'ศxnๆ๓\0%','\Zqฌ๔ไ\0%','','c@ืqๆ๓\0%','ำ#Z\'ๆญj\0%'),('{ๅsLๆ๓\0%',1001495,'0','0000-00-00 00:00:00',1,'ศคnๆ๓\0%','\Zqฌ๔ไ\0%','','c@ๅqๆ๓\0%','ำ#Z\'ๆญj\0%'),('{็sLๆ๓\0%',1001496,'0','0000-00-00 00:00:00',1,'ศnๆ๓\0%','\Zqฌ๔ไ\0%','','c@ๅqๆ๓\0%','ำ#Z\'ๆญj\0%'),('{้sLๆ๓\0%',1001497,'0','0000-00-00 00:00:00',1,'ศnๆ๓\0%','\Zqฌ๔ไ\0%','','c@ๅqๆ๓\0%','ำ#Z\'ๆญj\0%'),('{๋sLๆ๓\0%',1001498,'0','0000-00-00 00:00:00',1,'ศnๆ๓\0%','\Zqฌ๔ไ\0%','','c@ใqๆ๓\0%','ำ#Z\'ๆญj\0%'),('{ํsLๆ๓\0%',1001499,'0','0000-00-00 00:00:00',1,'ศสnๆ๓\0%','\Zqฌ๔ไ\0%','','c@ใqๆ๓\0%','ำ#Z\'ๆญj\0%'),('{๏sLๆ๓\0%',1001500,'0','0000-00-00 00:00:00',1,'ศnๆ๓\0%','\Zqฌ๔ไ\0%','','c@ใqๆ๓\0%','ำ#Z\'ๆญj\0%'),('{๑sLๆ๓\0%',1001501,'0','0000-00-00 00:00:00',0,'ศ6nๆ๓\0%','\Zqฌ๔ไ\0%','','ฯ}\n็qๆ๓\0%','ำ#Z\'ๆญj\0%'),('{๓sLๆ๓\0%',1001502,'0','0000-00-00 00:00:00',0,'ศnๆ๓\0%','\Zqฌ๔ไ\0%','','ฯ}\n็qๆ๓\0%','ำ#Z\'ๆญj\0%'),('{๕sLๆ๓\0%',1001503,'0','0000-00-00 00:00:00',0,'ศฤnๆ๓\0%','\Zqฌ๔ไ\0%','','ฯ}\n็qๆ๓\0%','ำ#Z\'ๆญj\0%'),('{๗sLๆ๓\0%',1001504,'0','0000-00-00 00:00:00',0,'ศnๆ๓\0%','\Zqฌ๔ไ\0%','','ฯ}\n็qๆ๓\0%','ำ#Z\'ๆญj\0%'),('{๙sLๆ๓\0%',1001505,'','0000-00-00 00:00:00',1,'ศ>nๆ๓\0%','ๆ{iณๆ๓\0%','','ฯ}\n้qๆ๓\0%','๗\"ฟ3ๅงช\0%'),('{๛sLๆ๓\0%',1001506,'','0000-00-00 00:00:00',1,'ศชnๆ๓\0%','ๆ{iณๆ๓\0%','','ฯ}qๆ๓\0%','๗\"ฟ3ๅงช\0%'),('{sLๆ๓\0%',1001507,'','0000-00-00 00:00:00',1,'ศnๆ๓\0%','ๆ{iณๆ๓\0%','','ฯ}qๆ๓\0%','๗\"ฟ3ๅงช\0%'),('{sLๆ๓\0%',1001508,'','0000-00-00 00:00:00',1,'ศ่nๆ๓\0%','ๆ{iณๆ๓\0%','','ฯ}qๆ๓\0%','๗\"ฟ3ๅงช\0%'),('{sLๆ๓\0%',1001509,'','0000-00-00 00:00:00',1,'ศ@nๆ๓\0%','ๆ{iณๆ๓\0%','','ฯ}\nqๆ๓\0%','๗\"ฟ3ๅงช\0%'),('{sLๆ๓\0%',1001510,'','0000-00-00 00:00:00',1,'ศฬnๆ๓\0%','ๆ{iณๆ๓\0%','','ฯ}\nqๆ๓\0%','๗\"ฟ3ๅงช\0%'),('{sLๆ๓\0%',1001511,'','0000-00-00 00:00:00',1,'ศnๆ๓\0%','ๆ{iณๆ๓\0%','','ฯ}\nqๆ๓\0%','๗\"ฟ3ๅงช\0%'),('{sLๆ๓\0%',1001512,'','0000-00-00 00:00:00',1,'ศโnๆ๓\0%','ๆ{iณๆ๓\0%','','ฯ}\nqๆ๓\0%','๗\"ฟ3ๅงช\0%'),('{	sLๆ๓\0%',1001513,'','0000-00-00 00:00:00',1,'ศฬnๆ๓\0%','ๆ{iณๆ๓\0%','','ฯ}\nqๆ๓\0%','๗\"ฟ3ๅงช\0%'),('{sLๆ๓\0%',1001514,'','0000-00-00 00:00:00',1,'ศnๆ๓\0%','ๆ{iณๆ๓\0%','','ฯ}\nqๆ๓\0%','๗\"ฟ3ๅงช\0%'),('{\rsLๆ๓\0%',1001515,'','0000-00-00 00:00:00',1,'ศ์nๆ๓\0%','ๆ{iณๆ๓\0%','','ฯ}\nqๆ๓\0%','๗\"ฟ3ๅงช\0%'),('{sLๆ๓\0%',1001516,'','0000-00-00 00:00:00',1,'ศะnๆ๓\0%','ๆ{iณๆ๓\0%','','ฯ}\n๛qๆ๓\0%','๗\"ฟ3ๅงช\0%'),('{sLๆ๓\0%',1001517,'','0000-00-00 00:00:00',1,'ศnๆ๓\0%','ๆ{iณๆ๓\0%','','ฯ}\n๛qๆ๓\0%','๗\"ฟ3ๅงช\0%'),('{sLๆ๓\0%',1001518,'','0000-00-00 00:00:00',1,'ศไnๆ๓\0%','ๆ{iณๆ๓\0%','','ฯ}\n๛qๆ๓\0%','๗\"ฟ3ๅงช\0%'),('{sLๆ๓\0%',1001519,'','0000-00-00 00:00:00',1,'ศฬnๆ๓\0%','ๆ{iณๆ๓\0%','','ฯ}\n๙qๆ๓\0%','๗\"ฟ3ๅงช\0%'),('{sLๆ๓\0%',1001520,'','0000-00-00 00:00:00',1,'ศnๆ๓\0%','ๆ{iณๆ๓\0%','','ฯ}\n๙qๆ๓\0%','๗\"ฟ3ๅงช\0%'),('{sLๆ๓\0%',1001521,'','0000-00-00 00:00:00',1,'ศ๊nๆ๓\0%','ๆ{iณๆ๓\0%','','ฯ}\n๙qๆ๓\0%','๗\"ฟ3ๅงช\0%'),('{sLๆ๓\0%',1001522,'','0000-00-00 00:00:00',1,'ศฬnๆ๓\0%','ๆ{iณๆ๓\0%','','ฯ}\n๗qๆ๓\0%','๗\"ฟ3ๅงช\0%'),('{sLๆ๓\0%',1001523,'','0000-00-00 00:00:00',1,'ศnๆ๓\0%','ๆ{iณๆ๓\0%','','ฯ}\n๗qๆ๓\0%','๗\"ฟ3ๅงช\0%'),('{sLๆ๓\0%',1001524,'','0000-00-00 00:00:00',1,'ศ่nๆ๓\0%','ๆ{iณๆ๓\0%','','ฯ}\n๗qๆ๓\0%','๗\"ฟ3ๅงช\0%'),('{!sLๆ๓\0%',1001525,'','0000-00-00 00:00:00',1,'ศ์nๆ๓\0%','ๆ{iณๆ๓\0%','','ฯ}\n้qๆ๓\0%','๗\"ฟ3ๅงช\0%'),('{#sLๆ๓\0%',1001526,'','0000-00-00 00:00:00',1,'ศะnๆ๓\0%','ๆ{iณๆ๓\0%','','ฯ}\n๕qๆ๓\0%','๗\"ฟ3ๅงช\0%'),('{%sLๆ๓\0%',1001527,'','0000-00-00 00:00:00',1,'ศnๆ๓\0%','ๆ{iณๆ๓\0%','','ฯ}\n๕qๆ๓\0%','๗\"ฟ3ๅงช\0%'),('{\'sLๆ๓\0%',1001528,'','0000-00-00 00:00:00',1,'ศๆnๆ๓\0%','ๆ{iณๆ๓\0%','','ฯ}\n๕qๆ๓\0%','๗\"ฟ3ๅงช\0%'),('{)sLๆ๓\0%',1001529,'','0000-00-00 00:00:00',1,'ศJnๆ๓\0%','ๆ{iณๆ๓\0%','','ฯ}\n๓qๆ๓\0%','๗\"ฟ3ๅงช\0%'),('{+sLๆ๓\0%',1001530,'','0000-00-00 00:00:00',1,'ศnๆ๓\0%','ๆ{iณๆ๓\0%','','ฯ}\n๓qๆ๓\0%','๗\"ฟ3ๅงช\0%'),('{-sLๆ๓\0%',1001531,'','0000-00-00 00:00:00',1,'ศnๆ๓\0%','ๆ{iณๆ๓\0%','','ฯ}\n๓qๆ๓\0%','๗\"ฟ3ๅงช\0%'),('{/sLๆ๓\0%',1001532,'','0000-00-00 00:00:00',1,'ศๆnๆ๓\0%','ๆ{iณๆ๓\0%','','ฯ}\n๓qๆ๓\0%','๗\"ฟ3ๅงช\0%'),('{1sLๆ๓\0%',1001533,'','0000-00-00 00:00:00',1,'ศnๆ๓\0%','ๆ{iณๆ๓\0%','','ฯ}\n้qๆ๓\0%','๗\"ฟ3ๅงช\0%'),('{3sLๆ๓\0%',1001534,'','0000-00-00 00:00:00',1,'ศชnๆ๓\0%','ๆ{iณๆ๓\0%','','ฯ}\nํqๆ๓\0%','๗\"ฟ3ๅงช\0%'),('{5sLๆ๓\0%',1001535,'','0000-00-00 00:00:00',1,'ศnๆ๓\0%','ๆ{iณๆ๓\0%','','ฯ}\n๑qๆ๓\0%','๗\"ฟ3ๅงช\0%'),('{7sLๆ๓\0%',1001536,'','0000-00-00 00:00:00',1,'ศnๆ๓\0%','ๆ{iณๆ๓\0%','','ฯ}\n๑qๆ๓\0%','๗\"ฟ3ๅงช\0%'),('{9sLๆ๓\0%',1001537,'','0000-00-00 00:00:00',1,'ศnๆ๓\0%','ๆ{iณๆ๓\0%','','ฯ}\n๑qๆ๓\0%','๗\"ฟ3ๅงช\0%'),('{;sLๆ๓\0%',1001538,'','0000-00-00 00:00:00',1,'ศHnๆ๓\0%','ๆ{iณๆ๓\0%','','ฯ}\n๑qๆ๓\0%','๗\"ฟ3ๅงช\0%'),('{=sLๆ๓\0%',1001539,'','0000-00-00 00:00:00',1,'ศไnๆ๓\0%','ๆ{iณๆ๓\0%','','ฯ}\n๑qๆ๓\0%','๗\"ฟ3ๅงช\0%'),('{?sLๆ๓\0%',1001540,'','0000-00-00 00:00:00',1,'ศะnๆ๓\0%','ๆ{iณๆ๓\0%','','ฯ}\n๏qๆ๓\0%','๗\"ฟ3ๅงช\0%'),('{AsLๆ๓\0%',1001541,'','0000-00-00 00:00:00',1,'ศnๆ๓\0%','ๆ{iณๆ๓\0%','','ฯ}\n๏qๆ๓\0%','๗\"ฟ3ๅงช\0%'),('{CsLๆ๓\0%',1001542,'','0000-00-00 00:00:00',1,'ศฺnๆ๓\0%','ๆ{iณๆ๓\0%','','ฯ}\n๏qๆ๓\0%','๗\"ฟ3ๅงช\0%'),('{EsLๆ๓\0%',1001543,'','0000-00-00 00:00:00',1,'ศ0nๆ๓\0%','ๆ{iณๆ๓\0%','','ฯ}\nํqๆ๓\0%','๗\"ฟ3ๅงช\0%'),('{GsLๆ๓\0%',1001544,'','0000-00-00 00:00:00',1,'ศnๆ๓\0%','ๆ{iณๆ๓\0%','','ฯ}\n๋qๆ๓\0%','๗\"ฟ3ๅงช\0%'),('{IsLๆ๓\0%',1001545,'','0000-00-00 00:00:00',1,'ศฬnๆ๓\0%','ๆ{iณๆ๓\0%','','ฯ}\n๋qๆ๓\0%','๗\"ฟ3ๅงช\0%'),('{KsLๆ๓\0%',1001546,'','0000-00-00 00:00:00',1,'ศxnๆ๓\0%','ๆ{iณๆ๓\0%','','ฯ}\n๋qๆ๓\0%','๗\"ฟ3ๅงช\0%'),('{MsLๆ๓\0%',1001547,'','0000-00-00 00:00:00',1,'ศโnๆ๓\0%','ๆ{iณๆ๓\0%','','ฯ}\n๋qๆ๓\0%','๗\"ฟ3ๅงช\0%'),('{OsLๆ๓\0%',1001548,'','0000-00-00 00:00:00',1,'ศnๆ๓\0%','ๆ{iณๆ๓\0%','','ฯ}\n๋qๆ๓\0%','๗\"ฟ3ๅงช\0%'),('{QsLๆ๓\0%',1001549,'','0000-00-00 00:00:00',1,'ศาnๆ๓\0%','ๆ{iณๆ๓\0%','','ฯ}\n้qๆ๓\0%','๗\"ฟ3ๅงช\0%'),('{SsLๆ๓\0%',1001550,'','0000-00-00 00:00:00',1,'ฐฤ๐nๆ๓\0%','ๆ{iณๆ๓\0%','ะจะปัะท','ฯ}\n้qๆ๓\0%','๗\"ฟ3ๅงช\0%'),('{UsLๆ๓\0%',1001551,'','0000-00-00 00:00:00',1,'ฐฤ๐nๆ๓\0%','ๆ{iณๆ๓\0%','ะกะตัะฒะตั ัะฐะนะปะพะฒัะน','ฯ}\n้qๆ๓\0%','๗\"ฟ3ๅงช\0%'),('{WsLๆ๓\0%',1001552,'','0000-00-00 00:00:00',1,'ศ,nๆ๓\0%','O2W!ห	ๅงช\0%','','c@ำqๆ๓\0%','๚แนฟๅงช\0%'),('{YsLๆ๓\0%',1001553,'','0000-00-00 00:00:00',1,'ศnๆ๓\0%','O2W!ห	ๅงช\0%','','c@ัqๆ๓\0%','๚แนฟๅงช\0%'),('{[sLๆ๓\0%',1001554,'','0000-00-00 00:00:00',1,'ศnๆ๓\0%','O2W!ห	ๅงช\0%','','c@ัqๆ๓\0%','๚แนฟๅงช\0%'),('{]sLๆ๓\0%',1001555,'','0000-00-00 00:00:00',1,'ศาnๆ๓\0%','O2W!ห	ๅงช\0%','','c@ัqๆ๓\0%','๚แนฟๅงช\0%'),('{_sLๆ๓\0%',1001556,'','0000-00-00 00:00:00',1,'ศ@nๆ๓\0%','O2W!ห	ๅงช\0%','','c@ฯqๆ๓\0%','๚แนฟๅงช\0%'),('{asLๆ๓\0%',1001557,'','0000-00-00 00:00:00',1,'ศnๆ๓\0%','O2W!ห	ๅงช\0%','','c@ฯqๆ๓\0%','๚แนฟๅงช\0%'),('{csLๆ๓\0%',1001558,'','0000-00-00 00:00:00',1,'ศะnๆ๓\0%','O2W!ห	ๅงช\0%','','c@ฯqๆ๓\0%','๚แนฟๅงช\0%'),('{esLๆ๓\0%',1001559,'','0000-00-00 00:00:00',1,'ศnๆ๓\0%','O2W!ห	ๅงช\0%','','c@ฯqๆ๓\0%','๚แนฟๅงช\0%'),('{gsLๆ๓\0%',1001560,'','0000-00-00 00:00:00',1,'ศnๆ๓\0%','O2W!ห	ๅงช\0%','','c@อqๆ๓\0%','๚แนฟๅงช\0%'),('{isLๆ๓\0%',1001561,'','0000-00-00 00:00:00',1,'ศ*nๆ๓\0%','O2W!ห	ๅงช\0%','','c@อqๆ๓\0%','๚แนฟๅงช\0%'),('{ksLๆ๓\0%',1001562,'','0000-00-00 00:00:00',1,'ศ|nๆ๓\0%','O2W!ห	ๅงช\0%','','c@ีqๆ๓\0%','๚แนฟๅงช\0%'),('{msLๆ๓\0%',1001563,'','0000-00-00 00:00:00',1,'ศ(nๆ๓\0%','O2W!ห	ๅงช\0%','','c@หqๆ๓\0%','๚แนฟๅงช\0%'),('{osLๆ๓\0%',1001564,'','0000-00-00 00:00:00',1,'ศnๆ๓\0%','O2W!ห	ๅงช\0%','','c@ลqๆ๓\0%','๚แนฟๅงช\0%'),('{qsLๆ๓\0%',1001565,'','0000-00-00 00:00:00',1,'ศnๆ๓\0%','O2W!ห	ๅงช\0%','','c@ษqๆ๓\0%','๚แนฟๅงช\0%'),('{ssLๆ๓\0%',1001566,'','0000-00-00 00:00:00',1,'ศฮnๆ๓\0%','O2W!ห	ๅงช\0%','','c@ษqๆ๓\0%','๚แนฟๅงช\0%'),('{usLๆ๓\0%',1001567,'','0000-00-00 00:00:00',1,'ศnๆ๓\0%','O2W!ห	ๅงช\0%','','c@วqๆ๓\0%','๚แนฟๅงช\0%'),('{wsLๆ๓\0%',1001568,'','0000-00-00 00:00:00',1,'ศฬnๆ๓\0%','O2W!ห	ๅงช\0%','','c@วqๆ๓\0%','๚แนฟๅงช\0%'),('{ysLๆ๓\0%',1001569,'','0000-00-00 00:00:00',1,'ศnๆ๓\0%','O2W!ห	ๅงช\0%','','c@ลqๆ๓\0%','๚แนฟๅงช\0%'),('{{sLๆ๓\0%',1001570,'','0000-00-00 00:00:00',1,'ศฬnๆ๓\0%','O2W!ห	ๅงช\0%','','c@ลqๆ๓\0%','๚แนฟๅงช\0%'),('{}sLๆ๓\0%',1001571,'','0000-00-00 00:00:00',1,'ศ|nๆ๓\0%','O2W!ห	ๅงช\0%','','c@ีqๆ๓\0%','๚แนฟๅงช\0%'),('{sLๆ๓\0%',1001572,'','0000-00-00 00:00:00',1,'ศnๆ๓\0%','O2W!ห	ๅงช\0%','','c@ีqๆ๓\0%','๚แนฟๅงช\0%'),('{sLๆ๓\0%',1001573,'','0000-00-00 00:00:00',1,'ศขnๆ๓\0%','O2W!ห	ๅงช\0%','','c@ีqๆ๓\0%','๚แนฟๅงช\0%'),('{sLๆ๓\0%',1001574,'','0000-00-00 00:00:00',1,'ฐฤ๐nๆ๓\0%','O2W!ห	ๅงช\0%','ะกะตัะฒะตั','c@ีqๆ๓\0%','๚แนฟๅงช\0%'),('{sLๆ๓\0%',1001575,'ะฑะฝ','0000-00-00 00:00:00',1,'ศnๆ๓\0%','O2W!ห	ๅงช\0%','ะะฝัะตัะฝะตั-ัะปัะท','c@ีqๆ๓\0%','๚แนฟๅงช\0%'),('{sLๆ๓\0%',1001576,'','0000-00-00 00:00:00',1,'ศ2nๆ๓\0%','&R.ๆญj\0%','','ฯ}qๆ๓\0%','๚ฺนฟๅงช\0%'),('{sLๆ๓\0%',1001577,'','0000-00-00 00:00:00',1,'ศพnๆ๓\0%','&R.ๆญj\0%','','ฯ}	qๆ๓\0%','๚ฺนฟๅงช\0%'),('{sLๆ๓\0%',1001578,'','0000-00-00 00:00:00',1,'ศ~nๆ๓\0%','&R.ๆญj\0%','','ฯ}	qๆ๓\0%','๚ฺนฟๅงช\0%'),('{sLๆ๓\0%',1001579,'','0000-00-00 00:00:00',1,'ศnๆ๓\0%','&R.ๆญj\0%','','ฯ}	qๆ๓\0%','๚ฺนฟๅงช\0%'),('{sLๆ๓\0%',1001580,'','0000-00-00 00:00:00',1,'ศ๔nๆ๓\0%','&R.ๆญj\0%','','ฯ}	qๆ๓\0%','๚ฺนฟๅงช\0%'),('{sLๆ๓\0%',1001581,'','0000-00-00 00:00:00',1,'ศRnๆ๓\0%','&R.ๆญj\0%','','ฯ}qๆ๓\0%','๚ฺนฟๅงช\0%'),('{sLๆ๓\0%',1001582,'','0000-00-00 00:00:00',1,'ศnๆ๓\0%','&R.ๆญj\0%','','ฯ}qๆ๓\0%','๚ฺนฟๅงช\0%'),('{sLๆ๓\0%',1001583,'','0000-00-00 00:00:00',1,'ศ๒nๆ๓\0%','&R.ๆญj\0%','','ฯ}qๆ๓\0%','๚ฺนฟๅงช\0%'),('{sLๆ๓\0%',1001584,'','0000-00-00 00:00:00',1,'ศnๆ๓\0%','&R.ๆญj\0%','','ฯ}qๆ๓\0%','๚ฺนฟๅงช\0%'),('{sLๆ๓\0%',1001585,'','0000-00-00 00:00:00',1,'ศnๆ๓\0%','&R.ๆญj\0%','','ฯ}qๆ๓\0%','๚ฺนฟๅงช\0%'),('{sLๆ๓\0%',1001586,'','0000-00-00 00:00:00',1,'ศnๆ๓\0%','&R.ๆญj\0%','','ฯ}qๆ๓\0%','๚ฺนฟๅงช\0%'),('{sLๆ๓\0%',1001587,'','0000-00-00 00:00:00',1,'ศ๐nๆ๓\0%','&R.ๆญj\0%','','ฯ}qๆ๓\0%','๚ฺนฟๅงช\0%'),('{sLๆ๓\0%',1001588,'','0000-00-00 00:00:00',1,'ศ@nๆ๓\0%','&R.ๆญj\0%','','ฯ}qๆ๓\0%','๚ฺนฟๅงช\0%'),('{กsLๆ๓\0%',1001589,'','0000-00-00 00:00:00',1,'ศ๎nๆ๓\0%','&R.ๆญj\0%','','ฯ}qๆ๓\0%','๚ฺนฟๅงช\0%'),('{ฃsLๆ๓\0%',1001590,'','0000-00-00 00:00:00',1,'ศnๆ๓\0%','&R.ๆญj\0%','','ฯ}qๆ๓\0%','๚ฺนฟๅงช\0%'),('{ฅsLๆ๓\0%',1001743,'ะฑะฝ','0000-00-00 00:00:00',1,'ศnๆ๓\0%',NULL,'ะะฐะฑะพัะตะต ะผะตััะพ 3-2',NULL,NULL),('{งsLๆ๓\0%',1001744,'ะฑะฝ','0000-00-00 00:00:00',1,'ศnๆ๓\0%',NULL,'ะะฐะฑะพัะตะต ะผะตััะพ 3-2',NULL,NULL),('{ฉsLๆ๓\0%',1001745,'ะฑะฝ','0000-00-00 00:00:00',1,'ศDnๆ๓\0%',NULL,'ะะฐะฑะพัะตะต ะผะตััะพ 3-2',NULL,NULL),('{ซsLๆ๓\0%',1001746,'ะฑะฝ','0000-00-00 00:00:00',1,'ศสnๆ๓\0%',NULL,'ะะฐะฑะพัะตะต ะผะตััะพ 3-2',NULL,NULL),('{ญsLๆ๓\0%',1001747,'ะฑะฝ','0000-00-00 00:00:00',1,'ศธnๆ๓\0%',NULL,'ะะฐะฑะพัะตะต ะผะตััะพ 3-2',NULL,NULL),('{ฏsLๆ๓\0%',1001748,'ะฑะฝ','0000-00-00 00:00:00',1,'ศnๆ๓\0%',NULL,'ะะฐะฑะพัะตะต ะผะตััะพ 3-2',NULL,NULL),('{ฑsLๆ๓\0%',1001749,'ะฑะฝ','0000-00-00 00:00:00',1,'ศ^nๆ๓\0%',NULL,'ะะฐะฑะพัะตะต ะผะตััะพ 4-2',NULL,NULL),('{ณsLๆ๓\0%',1001750,'ะฑะฝ','0000-00-00 00:00:00',1,'ศบnๆ๓\0%',NULL,'ะะฐะฑะพัะตะต ะผะตััะพ 4-2',NULL,NULL),('{ตsLๆ๓\0%',1001751,'ะฑะฝ','0000-00-00 00:00:00',1,'ศnๆ๓\0%',NULL,'ะะฐะฑะพัะตะต ะผะตััะพ 4-2',NULL,NULL),('{ทsLๆ๓\0%',1001752,'ะฑะฝ','0000-00-00 00:00:00',1,'ศคnๆ๓\0%',NULL,'ะะฐะฑะพัะตะต ะผะตััะพ INF-PC2',NULL,NULL),('{นsLๆ๓\0%',1001753,'ะฑะฝ','0000-00-00 00:00:00',1,'ศผnๆ๓\0%',NULL,'ะะฐะฑะพัะตะต ะผะตััะพ INF-PC2',NULL,NULL),('{ปsLๆ๓\0%',1001754,'ะฑะฝ','0000-00-00 00:00:00',1,'ศnๆ๓\0%',NULL,'ะะฐะฑะพัะตะต ะผะตััะพ INF-PC2',NULL,NULL),('{ฝsLๆ๓\0%',1001755,'ะฑะฝ','0000-00-00 00:00:00',1,'ศฌnๆ๓\0%',NULL,'ะะฐะฑะพัะตะต ะผะตััะพ Finugr2014',NULL,NULL),('{ฟsLๆ๓\0%',1001756,'ะฑะฝ','0000-00-00 00:00:00',1,'ศผnๆ๓\0%',NULL,'ะะฐะฑะพัะตะต ะผะตััะพ Finugr2014',NULL,NULL),('{มsLๆ๓\0%',1001757,'ะฑะฝ','0000-00-00 00:00:00',1,'ศnๆ๓\0%',NULL,'ะะฐะฑะพัะตะต ะผะตััะพ Finugr2014',NULL,NULL),('{รsLๆ๓\0%',1001758,'ะฑะฝ','0000-00-00 00:00:00',1,'ศฌnๆ๓\0%',NULL,'ะะฐะฑะพัะตะต ะผะตััะพ 2-2',NULL,NULL),('{ลsLๆ๓\0%',1001759,'ะฑะฝ','0000-00-00 00:00:00',1,'ศtnๆ๓\0%',NULL,'ะะฐะฑะพัะตะต ะผะตััะพ 2-2',NULL,NULL),('{วsLๆ๓\0%',1001760,'ะฑะฝ','0000-00-00 00:00:00',1,'ฐฤnๆ๓\0%',NULL,'ะะฐะฑะพัะตะต ะผะตััะพ 2-2',NULL,NULL),('{ษsLๆ๓\0%',1001761,'ะฑะฝ','0000-00-00 00:00:00',1,'ศnๆ๓\0%',NULL,'ะะฐะฑะพัะตะต ะผะตััะพ 2-2',NULL,NULL),('{หsLๆ๓\0%',1001762,'ะฑะฝ','0000-00-00 00:00:00',1,'ศDnๆ๓\0%',NULL,'ะะฐะฑะพัะตะต ะผะตััะพ 2-1',NULL,NULL),('{อsLๆ๓\0%',1001763,'ะฑะฝ','0000-00-00 00:00:00',1,'ศศnๆ๓\0%',NULL,'ะะฐะฑะพัะตะต ะผะตััะพ 2-1',NULL,NULL),('{ฯsLๆ๓\0%',1001764,'ะฑะฝ','0000-00-00 00:00:00',1,'ศถnๆ๓\0%',NULL,'ะะฐะฑะพัะตะต ะผะตััะพ 2-1',NULL,NULL),('{ัsLๆ๓\0%',1001765,'ะฑะฝ','0000-00-00 00:00:00',1,'ศnๆ๓\0%',NULL,'',NULL,NULL),('{ำsLๆ๓\0%',1001766,'ะฑะฝ','0000-00-00 00:00:00',1,'ศฌnๆ๓\0%',NULL,'ะะฐะฑะพัะตะต ะผะตััะพ 5-1',NULL,NULL),('{ีsLๆ๓\0%',1001767,'ะฑะฝ','0000-00-00 00:00:00',1,'ศผnๆ๓\0%',NULL,'ะะฐะฑะพัะตะต ะผะตััะพ 5-1',NULL,NULL),('{ืsLๆ๓\0%',1001768,'ะฑะฝ','0000-00-00 00:00:00',1,'ศnๆ๓\0%',NULL,'ะะฐะฑะพัะตะต ะผะตััะพ 5-1',NULL,NULL),('{ูsLๆ๓\0%',1001769,'ะฑะฝ','0000-00-00 00:00:00',1,'ศชnๆ๓\0%',NULL,'ะะฐะฑะพัะตะต ะผะตััะพ 5-3',NULL,NULL),('{sLๆ๓\0%',1001770,'ะฑะฝ','0000-00-00 00:00:00',1,'ศถnๆ๓\0%',NULL,'ะะฐะฑะพัะตะต ะผะตััะพ 5-3',NULL,NULL),('{sLๆ๓\0%',1001771,'ะฑะฝ','0000-00-00 00:00:00',1,'ศnๆ๓\0%',NULL,'ะะฐะฑะพัะตะต ะผะตััะพ 5-3',NULL,NULL),('{฿sLๆ๓\0%',1001772,'ะฑะฝ','0000-00-00 00:00:00',1,'ศคnๆ๓\0%',NULL,'ะะฐะฑะพัะตะต ะผะตััะพ 5-2',NULL,NULL),('{แsLๆ๓\0%',1001773,'ะฑะฝ','0000-00-00 00:00:00',1,'ศพnๆ๓\0%',NULL,'ะะฐะฑะพัะตะต ะผะตััะพ 5-2',NULL,NULL),('{ใsLๆ๓\0%',1001774,'ะฑะฝ','0000-00-00 00:00:00',1,'ศnๆ๓\0%',NULL,'ะะฐะฑะพัะตะต ะผะตััะพ 5-2',NULL,NULL),('{ๅsLๆ๓\0%',1001775,'ะฑะฝ','0000-00-00 00:00:00',1,'ศถnๆ๓\0%',NULL,'ะะฐะฑะพัะตะต ะผะตััะพ 4-3',NULL,NULL),('{็sLๆ๓\0%',1001776,'ะฑะฝ','0000-00-00 00:00:00',1,'ศnๆ๓\0%',NULL,'ะะฐะฑะพัะตะต ะผะตััะพ 4-3',NULL,NULL),('{้sLๆ๓\0%',1001777,'ะฑะฝ','0000-00-00 00:00:00',1,'ศศnๆ๓\0%',NULL,'ะะฐะฑะพัะตะต ะผะตััะพ 4-1',NULL,NULL),('{๋sLๆ๓\0%',1001778,'ะฑะฝ','0000-00-00 00:00:00',1,'ฐฤnๆ๓\0%',NULL,'ะะฐะฑะพัะตะต ะผะตััะพ 4-1',NULL,NULL),('{ํsLๆ๓\0%',1001779,'ะฑะฝ','0000-00-00 00:00:00',1,'ศnๆ๓\0%',NULL,'ะะฐะฑะพัะตะต ะผะตััะพ 4-1',NULL,NULL),('{๏sLๆ๓\0%',1001780,'ะฑะฝ','0000-00-00 00:00:00',1,'ศศnๆ๓\0%',NULL,'ะะฐะฑะพัะตะต ะผะตััะพ 6-3',NULL,NULL),('{๑sLๆ๓\0%',1001781,'ะฑะฝ','0000-00-00 00:00:00',1,'ศDnๆ๓\0%',NULL,'ะะฐะฑะพัะตะต ะผะตััะพ 6-3',NULL,NULL),('{๓sLๆ๓\0%',1001782,'ะฑะฝ','0000-00-00 00:00:00',1,'ศพnๆ๓\0%',NULL,'ะะฐะฑะพัะตะต ะผะตััะพ 6-3',NULL,NULL),('{๕sLๆ๓\0%',1001783,'ะฑะฝ','0000-00-00 00:00:00',1,'ศnๆ๓\0%',NULL,'ะะฐะฑะพัะตะต ะผะตััะพ 6-3',NULL,NULL),('{๗sLๆ๓\0%',1001784,'ะฑะฝ','0000-00-00 00:00:00',1,'ศฌnๆ๓\0%',NULL,'ะะฐะฑะพัะตะต ะผะตััะพ 6-2',NULL,NULL),('{๙sLๆ๓\0%',1001785,'ะฑะฝ','0000-00-00 00:00:00',1,'ศพnๆ๓\0%',NULL,'ะะฐะฑะพัะตะต ะผะตััะพ 6-2',NULL,NULL),('{๛sLๆ๓\0%',1001786,'ะฑะฝ','0000-00-00 00:00:00',1,'ศnๆ๓\0%',NULL,'ะะฐะฑะพัะตะต ะผะตััะพ 6-2',NULL,NULL),('{sLๆ๓\0%',1001787,'ะฑะฝ','0000-00-00 00:00:00',1,'ศฌnๆ๓\0%',NULL,'ะะฐะฑะพัะตะต ะผะตััะพ 6-1',NULL,NULL),('{sLๆ๓\0%',1001788,'ะฑะฝ','0000-00-00 00:00:00',1,'ศผnๆ๓\0%',NULL,'ะะฐะฑะพัะตะต ะผะตััะพ 6-1',NULL,NULL),('{sLๆ๓\0%',1001789,'ะฑะฝ','0000-00-00 00:00:00',1,'ศnๆ๓\0%',NULL,'ะะฐะฑะพัะตะต ะผะตััะพ 6-1',NULL,NULL),('{sLๆ๓\0%',1001790,'ะฑะฝ','0000-00-00 00:00:00',1,'ศtnๆ๓\0%',NULL,'ะะฐะฑะพัะตะต ะผะตััะพ 8-1',NULL,NULL),('{sLๆ๓\0%',1001791,'ะฑะฝ','0000-00-00 00:00:00',1,'ศฬnๆ๓\0%',NULL,'ะะฐะฑะพัะตะต ะผะตััะพ 8-1',NULL,NULL),('{sLๆ๓\0%',1001792,'ะฑะฝ','0000-00-00 00:00:00',1,'ศภnๆ๓\0%',NULL,'ะะฐะฑะพัะตะต ะผะตััะพ 8-1',NULL,NULL),('{	sLๆ๓\0%',1001793,'ะฑะฝ','0000-00-00 00:00:00',1,'ศnๆ๓\0%',NULL,'ะะฐะฑะพัะตะต ะผะตััะพ 8-1',NULL,NULL),('{sLๆ๓\0%',1001794,'ะฑะฝ','0000-00-00 00:00:00',1,'ศๆnๆ๓\0%',NULL,'',NULL,NULL),('{\rsLๆ๓\0%',1001795,'ะฑะฝ','0000-00-00 00:00:00',1,'ศฮnๆ๓\0%',NULL,'ะกะตัะฒะตั + ะคะฐะนะป-ัะตัะฒะตั',NULL,NULL),('{sLๆ๓\0%',1001796,'ะฑะฝ','0000-00-00 00:00:00',1,'ฐฤ๐nๆ๓\0%',NULL,'ะคะฐะนะป-ัะตัะฒะตั',NULL,NULL),('{sLๆ๓\0%',1001797,'ะฑะฝ','0000-00-00 00:00:00',1,'ศถnๆ๓\0%',NULL,'ะกะตัะฒะตั',NULL,NULL),('{sLๆ๓\0%',1001798,'ะฑะฝ','0000-00-00 00:00:00',1,'ฐฤ๐nๆ๓\0%',NULL,'ะกะตัะฒะตั',NULL,NULL),('{sLๆ๓\0%',1001799,'ะฑ/ะฝ','0000-00-00 00:00:00',1,'ฐฤ๒nๆ๓\0%','ู)ูiตๆ๓\0%','',NULL,'๚ดฝฑๅงช\0%'),('{sLๆ๓\0%',1001800,'20077640711','0000-00-00 00:00:00',1,'ศภnๆ๓\0%','ู)ูiตๆ๓\0%','',NULL,'๚ดฝฑๅงช\0%'),('{sLๆ๓\0%',1001801,'911NDMT3D003','0000-00-00 00:00:00',1,'ศคnๆ๓\0%','ู)ูiตๆ๓\0%','',NULL,'๚ดฝฑๅงช\0%'),('{sLๆ๓\0%',1001802,'0','0000-00-00 00:00:00',1,'ศnๆ๓\0%','ู)ูiตๆ๓\0%','',NULL,'๚ดฝฑๅงช\0%'),('{sLๆ๓\0%',1001803,'0','0000-00-00 00:00:00',1,'ฐฤๆnๆ๓\0%','ู)ูiตๆ๓\0%','',NULL,'๚ดฝฑๅงช\0%'),('{sLๆ๓\0%',1001804,'PVOI3C4043534','0000-00-00 00:00:00',1,'ฐฤิnๆ๓\0%','ู)ูiตๆ๓\0%','',NULL,'๚ดฝฑๅงช\0%'),('{!sLๆ๓\0%',1001805,'0','0000-00-00 00:00:00',1,'ศฆnๆ๓\0%','ู)ูiตๆ๓\0%','',NULL,'๚ดฝฑๅงช\0%'),('{#sLๆ๓\0%',1001806,'0','0000-00-00 00:00:00',1,'ศnๆ๓\0%','ู)ูiตๆ๓\0%','',NULL,'๚ดฝฑๅงช\0%'),('{%sLๆ๓\0%',1001807,'0','0000-00-00 00:00:00',1,'ศจnๆ๓\0%','ู)ูiตๆ๓\0%','',NULL,'๚ดฝฑๅงช\0%'),('{\'sLๆ๓\0%',1001808,'0','0000-00-00 00:00:00',1,'ศ<nๆ๓\0%','ู)ูiตๆ๓\0%','',NULL,'๚ดฝฑๅงช\0%'),('{)sLๆ๓\0%',1001809,'0','0000-00-00 00:00:00',1,'ศดnๆ๓\0%','ู)ูiตๆ๓\0%','',NULL,'๚ดฝฑๅงช\0%'),('{+sLๆ๓\0%',1001810,'0','0000-00-00 00:00:00',1,'ศnๆ๓\0%','ู)ูiตๆ๓\0%','',NULL,'๚ดฝฑๅงช\0%'),('{-sLๆ๓\0%',1001811,'0','0000-00-00 00:00:00',1,'ศnๆ๓\0%','ู)ูiตๆ๓\0%','',NULL,'๚ดฝฑๅงช\0%'),('{/sLๆ๓\0%',1001812,'0','0000-00-00 00:00:00',1,'ศ$nๆ๓\0%','ู)ูiตๆ๓\0%','',NULL,'๚ดฝฑๅงช\0%'),('{1sLๆ๓\0%',1001813,'907TPLC4U768','0000-00-00 00:00:00',1,'ศชnๆ๓\0%','ู)ูiตๆ๓\0%','',NULL,'๚ดฝฑๅงช\0%'),('{3sLๆ๓\0%',1001814,'0','0000-00-00 00:00:00',1,'ศdnๆ๓\0%','ู)ูiตๆ๓\0%','',NULL,'๚ดฝฑๅงช\0%'),('{5sLๆ๓\0%',1001815,'0','0000-00-00 00:00:00',1,'ศnๆ๓\0%','ู)ูiตๆ๓\0%','',NULL,'๚ดฝฑๅงช\0%'),('{7sLๆ๓\0%',1001816,'0','0000-00-00 00:00:00',1,'ศnๆ๓\0%','ู)ูiตๆ๓\0%','',NULL,'๚ดฝฑๅงช\0%'),('{9sLๆ๓\0%',1001817,'0','0000-00-00 00:00:00',1,'ศฌnๆ๓\0%','ู)ูiตๆ๓\0%','',NULL,'๚ดฝฑๅงช\0%'),('{;sLๆ๓\0%',1001818,'MMEA251163','0000-00-00 00:00:00',1,'ศBnๆ๓\0%','ู)ูiตๆ๓\0%','',NULL,'๚ดฝฑๅงช\0%'),('{=sLๆ๓\0%',1001819,'0','0000-00-00 00:00:00',1,'ศดnๆ๓\0%','ู)ูiตๆ๓\0%','',NULL,'๚ดฝฑๅงช\0%'),('{?sLๆ๓\0%',1001820,'0','0000-00-00 00:00:00',1,'ศnๆ๓\0%','ู)ูiตๆ๓\0%','',NULL,'๚ดฝฑๅงช\0%'),('{AsLๆ๓\0%',1001821,'CNG9D6VNJT','0000-00-00 00:00:00',1,'ศ`nๆ๓\0%','ู)ูiตๆ๓\0%','',NULL,'๚ดฝฑๅงช\0%'),('{CsLๆ๓\0%',1001822,'0','0000-00-00 00:00:00',1,'ศฌnๆ๓\0%','ู)ูiตๆ๓\0%','',NULL,'๚ดฝฑๅงช\0%'),('{EsLๆ๓\0%',1001823,'0','0000-00-00 00:00:00',1,'ศnๆ๓\0%','ู)ูiตๆ๓\0%','',NULL,'๚ดฝฑๅงช\0%'),('{GsLๆ๓\0%',1001824,'0','0000-00-00 00:00:00',1,'ศยnๆ๓\0%','ู)ูiตๆ๓\0%','',NULL,'๚ดฝฑๅงช\0%'),('{IsLๆ๓\0%',1001825,'0','0000-00-00 00:00:00',1,'ศเnๆ๓\0%','ู)ูiตๆ๓\0%','',NULL,'๚ดฝฑๅงช\0%'),('{KsLๆ๓\0%',1001826,'0','0000-00-00 00:00:00',1,'ฐล\nnๆ๓\0%','ๆ^iณๆ๓\0%','',NULL,'r:พๅงช\0%'),('{MsLๆ๓\0%',1001827,'0','0000-00-00 00:00:00',1,'ศ6nๆ๓\0%','ๆ^iณๆ๓\0%','',NULL,'r:พๅงช\0%'),('{OsLๆ๓\0%',1001828,'0','0000-00-00 00:00:00',1,'ศnๆ๓\0%','ๆ^iณๆ๓\0%','',NULL,'r:พๅงช\0%'),('{QsLๆ๓\0%',1001829,'95LMTF002439','0000-00-00 00:00:00',1,'ศฐnๆ๓\0%','ๆ^iณๆ๓\0%','',NULL,'r:พๅงช\0%'),('{SsLๆ๓\0%',1001830,'0','0000-00-00 00:00:00',1,'ศrnๆ๓\0%','ๆ^iณๆ๓\0%','',NULL,'r:พๅงช\0%'),('{UsLๆ๓\0%',1001831,'0','0000-00-00 00:00:00',1,'ศnๆ๓\0%','ๆ^iณๆ๓\0%','',NULL,'r:พๅงช\0%'),('{WsLๆ๓\0%',1001832,'0','0000-00-00 00:00:00',1,'ศไnๆ๓\0%','ๆ^iณๆ๓\0%','',NULL,'r:พๅงช\0%'),('{YsLๆ๓\0%',1001833,'0','0000-00-00 00:00:00',1,'ศฒnๆ๓\0%','ๆ^iณๆ๓\0%','',NULL,'r:พๅงช\0%'),('{[sLๆ๓\0%',1001834,'0','0000-00-00 00:00:00',1,'ศ^nๆ๓\0%','ๆ^iณๆ๓\0%','',NULL,'r:พๅงช\0%'),('{]sLๆ๓\0%',1001835,'0','0000-00-00 00:00:00',1,'ศnๆ๓\0%','ๆ^iณๆ๓\0%','',NULL,'r:พๅงช\0%'),('{_sLๆ๓\0%',1001836,'0','0000-00-00 00:00:00',1,'ศดnๆ๓\0%','ๆ^iณๆ๓\0%','',NULL,'r:พๅงช\0%'),('{asLๆ๓\0%',1001837,'0','0000-00-00 00:00:00',1,'ศฦnๆ๓\0%','ๆ^iณๆ๓\0%','',NULL,'r:พๅงช\0%'),('{csLๆ๓\0%',1001838,'0','0000-00-00 00:00:00',1,'ศnๆ๓\0%','ๆ^iณๆ๓\0%','',NULL,'r:พๅงช\0%'),('{esLๆ๓\0%',1001839,'0','0000-00-00 00:00:00',1,'ศdnๆ๓\0%','ๆ^iณๆ๓\0%','',NULL,'r:พๅงช\0%'),('{gsLๆ๓\0%',1001840,'0','0000-00-00 00:00:00',1,'ฐฤ๐nๆ๓\0%','ๆ^iณๆ๓\0%','',NULL,'r:พๅงช\0%'),('{isLๆ๓\0%',1001841,'0','0000-00-00 00:00:00',1,'ฐฤๆnๆ๓\0%','ๆ^iณๆ๓\0%','',NULL,'r:พๅงช\0%'),('{ksLๆ๓\0%',1001842,'0','0000-00-00 00:00:00',1,'ศโnๆ๓\0%','ๆ^iณๆ๓\0%','',NULL,'r:พๅงช\0%'),('{msLๆ๓\0%',1001843,'0','0000-00-00 00:00:00',1,'ศฤnๆ๓\0%','ๆ^iณๆ๓\0%','',NULL,'r:พๅงช\0%'),('{osLๆ๓\0%',1001844,'0','0000-00-00 00:00:00',1,'ศฎnๆ๓\0%','ๆ^iณๆ๓\0%','',NULL,'r:พๅงช\0%'),('{qsLๆ๓\0%',1001845,'0','0000-00-00 00:00:00',1,'ศnๆ๓\0%','ๆ^iณๆ๓\0%','',NULL,'r:พๅงช\0%'),('{ssLๆ๓\0%',1001846,'0','0000-00-00 00:00:00',1,'ศdnๆ๓\0%','ๆ^iณๆ๓\0%','',NULL,'r:พๅงช\0%'),('{usLๆ๓\0%',1001847,'ะฑะฝ','0000-00-00 00:00:00',1,'ฐฤาnๆ๓\0%','งืgมnไO\0%','',NULL,'อ\"ฝำๅงช\0%'),('{wsLๆ๓\0%',1001848,'ะฑะฝ','0000-00-00 00:00:00',1,'ฐฤาnๆ๓\0%','งืiมnไO\0%','',NULL,'อ\"ฝำๅงช\0%'),('{ysLๆ๓\0%',1001849,'ะฑะฝ','0000-00-00 00:00:00',1,'ฐฤาnๆ๓\0%','งืkมnไO\0%','',NULL,'อ\"ฝำๅงช\0%'),('{{sLๆ๓\0%',1001895,'ะฑะฝ','0000-00-00 00:00:00',1,'ศnๆ๓\0%','งืiมnไO\0%','ะะฐะฑะพัะตะต ะผะตััะพ 3',NULL,'อ\"ฝำๅงช\0%'),('{}sLๆ๓\0%',1001896,'ะฑะฝ','0000-00-00 00:00:00',1,'ศ`nๆ๓\0%','งืiมnไO\0%','ะะฐะฑะพัะตะต ะผะตััะพ 3',NULL,'อ\"ฝำๅงช\0%'),('{sLๆ๓\0%',1001897,'ะฑะฝ','0000-00-00 00:00:00',1,'ศnๆ๓\0%','งืiมnไO\0%','ะะฐะฑะพัะตะต ะผะตััะพ 3',NULL,'อ\"ฝำๅงช\0%'),('{sLๆ๓\0%',1001898,'ะฑะฝ','0000-00-00 00:00:00',1,'ศnๆ๓\0%','งืiมnไO\0%','ะะฐะฑะพัะตะต ะผะตััะพ 3',NULL,'อ\"ฝำๅงช\0%'),('{sLๆ๓\0%',1001899,'ะฑะฝ','0000-00-00 00:00:00',1,'ฐล\nnๆ๓\0%','งืiมnไO\0%','ะะฐะฑะพัะตะต ะผะตััะพ 3',NULL,'อ\"ฝำๅงช\0%'),('{sLๆ๓\0%',1001900,'ะฑะฝ','0000-00-00 00:00:00',1,'ศnๆ๓\0%','งืiมnไO\0%','ะะฐะฑะพัะตะต ะผะตััะพ 2',NULL,'อ\"ฝำๅงช\0%'),('{sLๆ๓\0%',1001901,'ะฑะฝ','0000-00-00 00:00:00',1,'ศnๆ๓\0%','งืiมnไO\0%','ะะฐะฑะพัะตะต ะผะตััะพ 2',NULL,'อ\"ฝำๅงช\0%'),('{sLๆ๓\0%',1001902,'ะฑะฝ','0000-00-00 00:00:00',1,'ศnๆ๓\0%','งืiมnไO\0%','ะะฐะฑะพัะตะต ะผะตััะพ 1',NULL,'อ\"ฝำๅงช\0%'),('{sLๆ๓\0%',1001903,'ะฑะฝ','0000-00-00 00:00:00',1,'ศธnๆ๓\0%','งืiมnไO\0%','ะะฐะฑะพัะตะต ะผะตััะพ 1',NULL,'อ\"ฝำๅงช\0%'),('{sLๆ๓\0%',1001904,'ะฑะฝ','0000-00-00 00:00:00',1,'ศnๆ๓\0%','งืiมnไO\0%','ะะฐะฑะพัะตะต ะผะตััะพ 1',NULL,'อ\"ฝำๅงช\0%'),('{sLๆ๓\0%',1001905,'ะฑะฝ','0000-00-00 00:00:00',1,'ศnๆ๓\0%','งืkมnไO\0%','ะะฐะฑะพัะตะต ะผะตััะพ 3',NULL,'อ\"ฝำๅงช\0%'),('{sLๆ๓\0%',1001906,'ะฑะฝ','0000-00-00 00:00:00',1,'ศnๆ๓\0%','งืkมnไO\0%','ะะฐะฑะพัะตะต ะผะตััะพ 3',NULL,'อ\"ฝำๅงช\0%'),('{sLๆ๓\0%',1001907,'ะฑะฝ','0000-00-00 00:00:00',1,'ศnๆ๓\0%','งืkมnไO\0%','ะะฐะฑะพัะตะต ะผะตััะพ 3',NULL,'อ\"ฝำๅงช\0%'),('{sLๆ๓\0%',1001908,'ะฑะฝ','0000-00-00 00:00:00',1,'ศnๆ๓\0%','งืkมnไO\0%','ะะฐะฑะพัะตะต ะผะตััะพ 4',NULL,'อ\"ฝำๅงช\0%'),('{sLๆ๓\0%',1001909,'ะฑะฝ','0000-00-00 00:00:00',1,'ศnๆ๓\0%','งืkมnไO\0%','ะะฐะฑะพัะตะต ะผะตััะพ 4',NULL,'อ\"ฝำๅงช\0%'),('{sLๆ๓\0%',1001910,'ะฑะฝ','0000-00-00 00:00:00',1,'ศlnๆ๓\0%','งืkมnไO\0%','ะะฐะฑะพัะตะต ะผะตััะพ 2',NULL,'อ\"ฝำๅงช\0%'),('{sLๆ๓\0%',1001911,'ะฑะฝ','0000-00-00 00:00:00',1,'ศnๆ๓\0%','งืkมnไO\0%','ะะฐะฑะพัะตะต ะผะตััะพ 2',NULL,'อ\"ฝำๅงช\0%'),('{sLๆ๓\0%',1001912,'ะฑะฝ','0000-00-00 00:00:00',1,'ศnๆ๓\0%','งืkมnไO\0%','ะะฐะฑะพัะตะต ะผะตััะพ 2',NULL,'อ\"ฝำๅงช\0%'),('{sLๆ๓\0%',1001913,'ะฑะฝ','0000-00-00 00:00:00',1,'ฐฤ๐nๆ๓\0%','งืkมnไO\0%','',NULL,'อ\"ฝำๅงช\0%'),('{กsLๆ๓\0%',1001914,'ะฑะฝ','0000-00-00 00:00:00',1,'ศnๆ๓\0%','งืkมnไO\0%','ะะฐะฑะพัะตะต ะผะตััะพ 1',NULL,'อ\"ฝำๅงช\0%'),('{ฃsLๆ๓\0%',1001916,'ะฑะฝ','0000-00-00 00:00:00',1,'ศ`nๆ๓\0%','งืgมnไO\0%','ะกะตัะฒะธั',NULL,'อ\"ฝำๅงช\0%'),('{ฅsLๆ๓\0%',1001917,'ะฑะฝ','0000-00-00 00:00:00',1,'ศnๆ๓\0%','งืgมnไO\0%','ะกะตัะฒะธั',NULL,'อ\"ฝำๅงช\0%'),('{งsLๆ๓\0%',1001918,'ะฑะฝ','0000-00-00 00:00:00',1,'ศขnๆ๓\0%','งืgมnไO\0%','ะกะตัะฒะธั',NULL,'อ\"ฝำๅงช\0%'),('{ฉsLๆ๓\0%',1001919,'ะฑะฝ','0000-00-00 00:00:00',1,'ศnๆ๓\0%','งืgมnไO\0%','ะกะบะปะฐะด',NULL,'อ\"ฝำๅงช\0%'),('{ซsLๆ๓\0%',1001920,'ะฑะฝ','0000-00-00 00:00:00',1,'ศ`nๆ๓\0%','งืgมnไO\0%','ะกะบะปะฐะด',NULL,'อ\"ฝำๅงช\0%'),('{ญsLๆ๓\0%',1001921,'ะฑะฝ','0000-00-00 00:00:00',1,'ศnๆ๓\0%','งืgมnไO\0%','ะกะบะปะฐะด',NULL,'อ\"ฝำๅงช\0%'),('{ฏsLๆ๓\0%',1001922,'ะฑะฝ','0000-00-00 00:00:00',1,'ศnๆ๓\0%','งืgมnไO\0%','ะะฐะณะฐะทะธะฝ ัะฐะฑะพัะตะต ะผะตััะพ 4',NULL,'อ\"ฝำๅงช\0%'),('{ฑsLๆ๓\0%',1001924,'ะฑะฝ','0000-00-00 00:00:00',1,'ศnๆ๓\0%','งืgมnไO\0%','ะะฐะณะฐะทะธะฝ ัะฐะฑะพัะตะต ะผะตััะพ 4',NULL,'อ\"ฝำๅงช\0%'),('{ณsLๆ๓\0%',1001925,'ะฑะฝ','0000-00-00 00:00:00',1,'ศถnๆ๓\0%','งืgมnไO\0%','ะะฐะณะฐะทะธะฝ ัะฐะฑะพัะตะต ะผะตััะพ 3',NULL,'อ\"ฝำๅงช\0%'),('{ตsLๆ๓\0%',1001926,'ะฑะฝ','0000-00-00 00:00:00',1,'ศnๆ๓\0%','งืgมnไO\0%','ะะฐะณะฐะทะธะฝ ัะฐะฑะพัะตะต ะผะตััะพ 3',NULL,'อ\"ฝำๅงช\0%'),('{ทsLๆ๓\0%',1001927,'ะฑะฝ','0000-00-00 00:00:00',1,'ฐล\nnๆ๓\0%','งืgมnไO\0%','ะะฐะณะฐะทะธะฝ ัะฐะฑะพัะตะต ะผะตััะพ 3',NULL,'อ\"ฝำๅงช\0%'),('{นsLๆ๓\0%',1001928,'ะฑะฝ','0000-00-00 00:00:00',1,'ศ^nๆ๓\0%','งืgมnไO\0%','ะะฐะณะฐะทะธะฝ ัะฐะฑะพัะตะต ะผะตััะพ 2',NULL,'อ\"ฝำๅงช\0%'),('{ปsLๆ๓\0%',1001929,'ะฑะฝ','0000-00-00 00:00:00',1,'ศnๆ๓\0%','งืgมnไO\0%','ะะฐะณะฐะทะธะฝ ัะฐะฑะพัะตะต ะผะตััะพ 2',NULL,'อ\"ฝำๅงช\0%'),('{ฝsLๆ๓\0%',1001930,'ะฑะฝ','0000-00-00 00:00:00',1,'ศnๆ๓\0%','งืgมnไO\0%','ะะฐะณะฐะทะธะฝ ัะฐะฑะพัะตะต ะผะตััะพ 2',NULL,'อ\"ฝำๅงช\0%'),('{ฟsLๆ๓\0%',1001931,'ะฑะฝ','0000-00-00 00:00:00',1,'ศธnๆ๓\0%','งืgมnไO\0%','ะะฐะณะฐะทะธะฝ ัะฐะฑะพัะตะต ะผะตััะพ 1',NULL,'อ\"ฝำๅงช\0%'),('{มsLๆ๓\0%',1001932,'ะฑะฝ','0000-00-00 00:00:00',1,'ศnๆ๓\0%','งืgมnไO\0%','ะะฐะณะฐะทะธะฝ ัะฐะฑะพัะตะต ะผะตััะพ 1',NULL,'อ\"ฝำๅงช\0%'),('{รsLๆ๓\0%',1001933,'ะฑะฝ','0000-00-00 00:00:00',1,'ศnๆ๓\0%','งืgมnไO\0%','ะะฐะณะฐะทะธะฝ ัะฐะฑะพัะตะต ะผะตััะพ 1',NULL,'อ\"ฝำๅงช\0%'),('{ลsLๆ๓\0%',1001934,'ะฑะฝ','0000-00-00 00:00:00',1,'ศpnๆ๓\0%','งืgมnไO\0%','ะะฐะฑะพัะตะต ะผะตััะพ 12',NULL,'อ\"ฝำๅงช\0%'),('{วsLๆ๓\0%',1001935,'ะฑะฝ','0000-00-00 00:00:00',1,'ศ nๆ๓\0%','งืgมnไO\0%','ะะฐะฑะพัะตะต ะผะตััะพ 12',NULL,'อ\"ฝำๅงช\0%'),('{ษsLๆ๓\0%',1001936,'ะฑะฝ','0000-00-00 00:00:00',1,'ศพnๆ๓\0%','งืgมnไO\0%','ะะฐะฑะพัะตะต ะผะตััะพ 11',NULL,'อ\"ฝำๅงช\0%'),('{หsLๆ๓\0%',1001937,'ะฑะฝ','0000-00-00 00:00:00',1,'ศnๆ๓\0%','งืgมnไO\0%','ะะฐะฑะพัะตะต ะผะตััะพ 11',NULL,'อ\"ฝำๅงช\0%'),('{อsLๆ๓\0%',1001938,'ะฑะฝ','0000-00-00 00:00:00',1,'ศnๆ๓\0%','งืgมnไO\0%','ะะฐะฑะพัะตะต ะผะตััะพ 11',NULL,'อ\"ฝำๅงช\0%'),('{ฯsLๆ๓\0%',1001939,'ะฑะฝ','0000-00-00 00:00:00',1,'ศnๆ๓\0%','งืgมnไO\0%','ะะฐะฑะพัะตะต ะผะตััะพ 10',NULL,'อ\"ฝำๅงช\0%'),('{ัsLๆ๓\0%',1001940,'ะฑะฝ','0000-00-00 00:00:00',1,'ศผnๆ๓\0%','งืgมnไO\0%','ะะฐะฑะพัะตะต ะผะตััะพ 10',NULL,'อ\"ฝำๅงช\0%'),('{ำsLๆ๓\0%',1001941,'ะฑะฝ','0000-00-00 00:00:00',1,'ศnๆ๓\0%','งืgมnไO\0%','ะะฐะฑะพัะตะต ะผะตััะพ 10',NULL,'อ\"ฝำๅงช\0%'),('{ีsLๆ๓\0%',1001942,'ะฑะฝ','0000-00-00 00:00:00',1,'ศnๆ๓\0%','งืgมnไO\0%','ะะฐะฑะพัะตะต ะผะตััะพ 10',NULL,'อ\"ฝำๅงช\0%'),('{ืsLๆ๓\0%',1001943,'ะฑะฝ','0000-00-00 00:00:00',1,'ศดnๆ๓\0%','งืgมnไO\0%','ะะฐะฑะพัะตะต ะผะตััะพ 8',NULL,'อ\"ฝำๅงช\0%'),('{ูsLๆ๓\0%',1001944,'ะฑะฝ','0000-00-00 00:00:00',1,'ศnๆ๓\0%','งืgมnไO\0%','ะะฐะฑะพัะตะต ะผะตััะพ 8',NULL,'อ\"ฝำๅงช\0%'),('{sLๆ๓\0%',1001945,'ะฑะฝ','0000-00-00 00:00:00',1,'ศnๆ๓\0%','งืgมnไO\0%','ะะฐะฑะพัะตะต ะผะตััะพ 8',NULL,'อ\"ฝำๅงช\0%'),('{sLๆ๓\0%',1001946,'ะฑะฝ','0000-00-00 00:00:00',1,'ศ@nๆ๓\0%','งืgมnไO\0%','ะะฐะฑะพัะตะต ะผะตััะพ 8',NULL,'อ\"ฝำๅงช\0%'),('{฿sLๆ๓\0%',1001947,'ะฑะฝ','0000-00-00 00:00:00',1,'ศ`nๆ๓\0%','งืgมnไO\0%','ะะฐะฑะพัะตะต ะผะตััะพ 9',NULL,'อ\"ฝำๅงช\0%'),('{แsLๆ๓\0%',1001948,'ะฑะฝ','0000-00-00 00:00:00',1,'ศnๆ๓\0%','งืgมnไO\0%','ะะฐะฑะพัะตะต ะผะตััะพ 9',NULL,'อ\"ฝำๅงช\0%'),('{ใsLๆ๓\0%',1001949,'ะฑะฝ','0000-00-00 00:00:00',1,'ศดnๆ๓\0%','งืgมnไO\0%','ะะฐะฑะพัะตะต ะผะตััะพ 7',NULL,'อ\"ฝำๅงช\0%'),('{ๅsLๆ๓\0%',1001950,'ะฑะฝ','0000-00-00 00:00:00',1,'ศnๆ๓\0%','งืgมnไO\0%','ะะฐะฑะพัะตะต ะผะตััะพ 7',NULL,'อ\"ฝำๅงช\0%'),('{็sLๆ๓\0%',1001951,'ะฑะฝ','0000-00-00 00:00:00',1,'ศnๆ๓\0%','งืgมnไO\0%','ะะฐะฑะพัะตะต ะผะตััะพ 7',NULL,'อ\"ฝำๅงช\0%'),('{้sLๆ๓\0%',1001952,'ะฑะฝ','0000-00-00 00:00:00',1,'ศnๆ๓\0%','งืgมnไO\0%','ะะฐะฑะพัะตะต ะผะตััะพ 7',NULL,'อ\"ฝำๅงช\0%'),('{๋sLๆ๓\0%',1001953,'ะฑะฝ','0000-00-00 00:00:00',1,'ศ@nๆ๓\0%','งืgมnไO\0%','ะะฐะฑะพัะตะต ะผะตััะพ 7',NULL,'อ\"ฝำๅงช\0%'),('{ํsLๆ๓\0%',1001954,'ะฑะฝ','0000-00-00 00:00:00',1,'ศnๆ๓\0%','งืgมnไO\0%','ะะฐะฑะพัะตะต ะผะตััะพ 6',NULL,'อ\"ฝำๅงช\0%'),('{๏sLๆ๓\0%',1001955,'ะฑะฝ','0000-00-00 00:00:00',1,'ศ\Znๆ๓\0%','งืgมnไO\0%','ะะฐะฑะพัะตะต ะผะตััะพ 5',NULL,'อ\"ฝำๅงช\0%'),('{๑sLๆ๓\0%',1001956,'ะฑะฝ','0000-00-00 00:00:00',1,'ศnๆ๓\0%','งืgมnไO\0%','ะะฐะฑะพัะตะต ะผะตััะพ 4',NULL,'อ\"ฝำๅงช\0%'),('{๓sLๆ๓\0%',1001957,'ะฑะฝ','0000-00-00 00:00:00',1,'ศnๆ๓\0%','งืgมnไO\0%','ะะฐะฑะพัะตะต ะผะตััะพ 4',NULL,'อ\"ฝำๅงช\0%'),('{๕sLๆ๓\0%',1001958,'ะฑะฝ','0000-00-00 00:00:00',1,'ศnๆ๓\0%','งืgมnไO\0%','ะะฐะฑะพัะตะต ะผะตััะพ 4',NULL,'อ\"ฝำๅงช\0%'),('{๗sLๆ๓\0%',1001959,'ะฑะฝ','0000-00-00 00:00:00',1,'ศnnๆ๓\0%','งืgมnไO\0%','ะะฐะฑะพัะตะต ะผะตััะพ 4',NULL,'อ\"ฝำๅงช\0%'),('{๙sLๆ๓\0%',1001960,'ะฑะฝ','0000-00-00 00:00:00',1,'ศnๆ๓\0%','งืgมnไO\0%','ะะฐะฑะพัะตะต ะผะตััะพ 3',NULL,'อ\"ฝำๅงช\0%'),('{๛sLๆ๓\0%',1001961,'ะฑะฝ','0000-00-00 00:00:00',1,'ศnๆ๓\0%','งืgมnไO\0%','ะะฐะฑะพัะตะต ะผะตััะพ 2',NULL,'อ\"ฝำๅงช\0%'),('{sLๆ๓\0%',1001962,'ะฑะฝ','0000-00-00 00:00:00',1,'ศnๆ๓\0%','งืgมnไO\0%','ะะฐะฑะพัะตะต ะผะตััะพ 2',NULL,'อ\"ฝำๅงช\0%'),('{sLๆ๓\0%',1001963,'ะฑะฝ','0000-00-00 00:00:00',1,'ศXnๆ๓\0%','งืgมnไO\0%','ะะฐะฑะพัะตะต ะผะตััะพ 2',NULL,'อ\"ฝำๅงช\0%'),('{sLๆ๓\0%',1001964,'ะฑะฝ','0000-00-00 00:00:00',1,'ศบnๆ๓\0%','งืgมnไO\0%','ะะขะก',NULL,'อ\"ฝำๅงช\0%'),('{sLๆ๓\0%',1001965,'ะฑะฝ','0000-00-00 00:00:00',1,'ฐฤฺnๆ๓\0%','งืgมnไO\0%','',NULL,'อ\"ฝำๅงช\0%'),('{sLๆ๓\0%',1001966,'ะฑะฝ','0000-00-00 00:00:00',1,'ศnๆ๓\0%','งืgมnไO\0%','ะะฐะฑะพัะตะต ะผะตััะพ 1',NULL,'อ\"ฝำๅงช\0%'),('{sLๆ๓\0%',1001967,'ะฑะฝ','0000-00-00 00:00:00',1,'ศnๆ๓\0%','งืgมnไO\0%','ะะฐะฑะพัะตะต ะผะตััะพ 1',NULL,'อ\"ฝำๅงช\0%'),('{	sLๆ๓\0%',1001976,'ะฑะฝ','0000-00-00 00:00:00',1,'ศฌnๆ๓\0%','ดฌEไ\0%','',NULL,'ฎ45^ผๆ๓\0%'),('{sLๆ๓\0%',1001977,'ะฑะฝ','0000-00-00 00:00:00',1,'ศnๆ๓\0%','ดฌEไ\0%','KM2',NULL,'ฎ45^ผๆ๓\0%'),('{\rsLๆ๓\0%',1001978,'ะฑะฝ','0000-00-00 00:00:00',1,'ศnๆ๓\0%','ดฌEไ\0%','',NULL,'ฎ45^ผๆ๓\0%'),('{sLๆ๓\0%',1001979,'ะฑะฝ','0000-00-00 00:00:00',1,'ศฌnๆ๓\0%','ดฌEไ\0%','',NULL,'ฎ45^ผๆ๓\0%'),('{sLๆ๓\0%',1001980,'ะฑะฝ','0000-00-00 00:00:00',1,'ศnๆ๓\0%','ดฌEไ\0%','ะะ1',NULL,'ฎ45^ผๆ๓\0%'),('{sLๆ๓\0%',1001981,'ะฑะฝ','0000-00-00 00:00:00',1,'ศnๆ๓\0%','ดฌEไ\0%','',NULL,'ฎ45^ผๆ๓\0%'),('{sLๆ๓\0%',1001982,'ะฑะฝ','0000-00-00 00:00:00',1,'ฐฤฮnๆ๓\0%','ดฌEไ\0%','',NULL,'ฎ45^ผๆ๓\0%'),('{sLๆ๓\0%',1001983,'ะฑะฝ','0000-00-00 00:00:00',1,'ฐฤๆnๆ๓\0%','ดฌEไ\0%','',NULL,'ฎ45^ผๆ๓\0%'),('{sLๆ๓\0%',1001984,'ะฑะฝ','0000-00-00 00:00:00',1,'ศฌnๆ๓\0%','ดฌEไ\0%','',NULL,'ฎ45^ผๆ๓\0%'),('{sLๆ๓\0%',1001985,'ะฑะฝ','0000-00-00 00:00:00',1,'ศnๆ๓\0%','ดฌEไ\0%','ะกะตัะฒะตั',NULL,'ฎ45^ผๆ๓\0%'),('{sLๆ๓\0%',1001986,'ะฑะฝ','0000-00-00 00:00:00',1,'ศjnๆ๓\0%','ดฌEไ\0%','',NULL,'ฎ45^ผๆ๓\0%'),('{sLๆ๓\0%',1001987,'ะฑะฝ','0000-00-00 00:00:00',1,'ศฌnๆ๓\0%','ดฌEไ\0%','',NULL,'ฎ45^ผๆ๓\0%'),('{!sLๆ๓\0%',1001988,'ะฑะฝ','0000-00-00 00:00:00',1,'ศnๆ๓\0%','ดฌEไ\0%','ะะธัะตะบัะพั',NULL,'ฎ45^ผๆ๓\0%'),('{#sLๆ๓\0%',1001989,'ะฑะฝ','0000-00-00 00:00:00',1,'ศnๆ๓\0%','ดฌEไ\0%','',NULL,'ฎ45^ผๆ๓\0%'),('ฒึs[ๆ๓\0%',111345841,'VNBQCBF099','2012-10-02 23:59:59',0,'ศRnๆ๓\0%',NULL,'',NULL,NULL),('ฒุs[ๆ๓\0%',111531104,'1380636','0000-00-00 00:00:00',0,'ฐฤnๆ๓\0%',NULL,'',NULL,NULL),('ฒฺs[ๆ๓\0%',111576333,'10400219','0000-00-00 00:00:00',0,'ฐฤnๆ๓\0%',NULL,'',NULL,NULL),('ฒs[ๆ๓\0%',111576895,'1382002','0000-00-00 00:00:00',0,'ฐฤnๆ๓\0%',NULL,'',NULL,NULL),('ฒs[ๆ๓\0%',111589026,'1380494','0000-00-00 00:00:00',0,'ฐฤnๆ๓\0%',NULL,'',NULL,NULL),('ฒเs[ๆ๓\0%',111615031,'1380017','0000-00-00 00:00:00',0,'ฐฤnๆ๓\0%',NULL,'',NULL,NULL),('ฒโs[ๆ๓\0%',111617964,'104404','0000-00-00 00:00:00',0,'ฐฤnๆ๓\0%',NULL,'',NULL,NULL),('ฒไs[ๆ๓\0%',111618210,'1383116','0000-00-00 00:00:00',0,'ฐฤเnๆ๓\0%',NULL,'',NULL,NULL),('ฒๆs[ๆ๓\0%',111624697,'ะฑะฝ','0000-00-00 00:00:00',0,'ฐฤโnๆ๓\0%',NULL,'',NULL,NULL),('ฒ่s[ๆ๓\0%',111624704,'140000019','0000-00-00 00:00:00',0,'ฐฤnๆ๓\0%',NULL,'',NULL,NULL),('ฒ๊s[ๆ๓\0%',111631707,'1101040100','0000-00-00 00:00:00',0,'ฐฤnๆ๓\0%',NULL,'',NULL,NULL),('ฒ์s[ๆ๓\0%',111635108,'101040001','0000-00-00 00:00:00',0,'ฐฤnๆ๓\0%',NULL,'',NULL,NULL),('ฒ๎s[ๆ๓\0%',111635182,'1360887','0000-00-00 00:00:00',0,'ฐฤnๆ๓\0%',NULL,'',NULL,NULL),('ฒ๐s[ๆ๓\0%',111636486,'1380352','0000-00-00 00:00:00',0,'ฐฤnๆ๓\0%',NULL,'',NULL,NULL),('ฒ๒s[ๆ๓\0%',111649731,'1360339','0000-00-00 00:00:00',0,'ฐฤnๆ๓\0%',NULL,'',NULL,NULL),('ฒ๔s[ๆ๓\0%',111683682,'VNBQCBF038','0000-00-00 00:00:00',0,'ศRnๆ๓\0%',NULL,'ะะฒะฐะฝะพะฒะฐ, ะบะฐะฑ. 32, ัะฟัะฐะฒะฐ',NULL,NULL),('ฒ๖s[ๆ๓\0%',111683683,'VNBDFOBWEF','2012-10-02 23:59:59',0,'ศRnๆ๓\0%',NULL,'',NULL,NULL),('ฒ๘s[ๆ๓\0%',111683684,'EFGEWFBVDS','2012-10-02 23:59:59',0,'ศRnๆ๓\0%',NULL,'',NULL,NULL),('ฒ๚s[ๆ๓\0%',111683685,'GIEHVAFOWF','2012-10-02 23:59:59',0,'ศRnๆ๓\0%',NULL,'',NULL,NULL),('ฒs[ๆ๓\0%',111683686,'VPEFHQWFFS','2012-10-02 23:59:59',0,'ศRnๆ๓\0%',NULL,'',NULL,NULL),('ฒs[ๆ๓\0%',111683687,'VEWEFPHGEW','2012-10-02 23:59:59',0,'ศRnๆ๓\0%',NULL,'',NULL,NULL),('ฒ\0s[ๆ๓\0%',111683688,'VBAEFEOHOS','2012-10-02 23:59:59',0,'ศRnๆ๓\0%',NULL,'',NULL,NULL),('ฒs[ๆ๓\0%',111683689,'VOEGFDVEWF','2012-10-02 23:59:59',0,'ศRnๆ๓\0%',NULL,'',NULL,NULL);
/*!40000 ALTER TABLE `equipment` ENABLE KEYS */;
UNLOCK TABLES;
/*!50003 SET @saved_cs_client      = @@character_set_client */ ;
/*!50003 SET @saved_cs_results     = @@character_set_results */ ;
/*!50003 SET @saved_col_connection = @@collation_connection */ ;
/*!50003 SET character_set_client  = utf8 */ ;
/*!50003 SET character_set_results = utf8 */ ;
/*!50003 SET collation_connection  = utf8_general_ci */ ;
/*!50003 SET @saved_sql_mode       = @@sql_mode */ ;
/*!50003 SET sql_mode              = '' */ ;
DELIMITER ;;
/*!50003 CREATE*/ /*!50017 DEFINER=`root`@`%`*/ /*!50003 TRIGGER `equipment_BINS` BEFORE INSERT ON `equipment` FOR EACH ROW BEGIN
	IF (NEW.`contractDivision_guid` IS NOT NULL) THEN 
		SET NEW.`contract_guid` = (SELECT `contract_guid` FROM `contractDivisions` WHERE `guid` = NEW.`contractDivision_guid`);
	END IF;
END */;;
DELIMITER ;
/*!50003 SET sql_mode              = @saved_sql_mode */ ;
/*!50003 SET character_set_client  = @saved_cs_client */ ;
/*!50003 SET character_set_results = @saved_cs_results */ ;
/*!50003 SET collation_connection  = @saved_col_connection */ ;
/*!50003 SET @saved_cs_client      = @@character_set_client */ ;
/*!50003 SET @saved_cs_results     = @@character_set_results */ ;
/*!50003 SET @saved_col_connection = @@collation_connection */ ;
/*!50003 SET character_set_client  = utf8 */ ;
/*!50003 SET character_set_results = utf8 */ ;
/*!50003 SET collation_connection  = utf8_general_ci */ ;
/*!50003 SET @saved_sql_mode       = @@sql_mode */ ;
/*!50003 SET sql_mode              = '' */ ;
DELIMITER ;;
/*!50003 CREATE*/ /*!50017 DEFINER=`root`@`%`*/ /*!50003 TRIGGER `equipment_BUPD` BEFORE UPDATE ON `equipment` FOR EACH ROW BEGIN  
  IF (NEW.`contractDivision_guid` IS NOT NULL) THEN
    SET NEW.`contract_guid` = (SELECT `contract_guid` FROM `contractDivisions` WHERE `guid` = NEW.`contractDivision_guid`);
  END IF; 
END */;;
DELIMITER ;
/*!50003 SET sql_mode              = @saved_sql_mode */ ;
/*!50003 SET character_set_client  = @saved_cs_client */ ;
/*!50003 SET character_set_results = @saved_cs_results */ ;
/*!50003 SET collation_connection  = @saved_col_connection */ ;

--
-- Table structure for table `equipmentManufacturers`
--

DROP TABLE IF EXISTS `equipmentManufacturers`;
/*!40101 SET @saved_cs_client     = @@character_set_client */;
/*!40101 SET character_set_client = utf8 */;
CREATE TABLE `equipmentManufacturers` (
  `guid` binary(16) NOT NULL DEFAULT '\0\0\0\0\0\0\0\0\0\0\0\0\0\0\0\0',
  `name` varchar(255) NOT NULL,
  PRIMARY KEY (`guid`),
  UNIQUE KEY `name_UNIQ` (`name`)
) ENGINE=InnoDB DEFAULT CHARSET=utf8 COMMENT='ะัะพะธะทะฒะพะดะธัะตะปะธ ะพะฑะพััะดะพะฒะฐะฝะธั';
/*!40101 SET character_set_client = @saved_cs_client */;

--
-- Dumping data for table `equipmentManufacturers`
--

LOCK TABLES `equipmentManufacturers` WRITE;
/*!40000 ALTER TABLE `equipmentManufacturers` DISABLE KEYS */;
INSERT INTO `equipmentManufacturers` VALUES ('ภ`๎|qๅR\0%','1ะก'),('ฆ!:ฮ%ไ \0%','3Cott'),('ก9QJๅญ๑\0%','3M'),('ฆ!:ะ%ไ \0%','3Q'),('{ชๆ&\0%','7Q'),('ฆ!:ฯ%ไ \0%','A4Tech'),('ณ?4Rๅน!\0%','ABB'),('ฆ!:ั%ไ \0%','ABBYY'),('หฑใ\0uๆ&\0%','Abloy'),('xฆR\0ๅR\0%','Accord'),('บaณ๚\'ๅ\0%','AccordTec'),('ฆ!:ำ%ไ \0%','Acer'),('ัี\Z-fๅR\0%','Acmepower'),('ฆ!:ิ%ไ \0%','Acorp'),('/ลๆ\0%','ActiveCam'),('ewGๅญ๑\0%','ADA'),('ม๘w์lๅR\0%','Adaptec'),('ฆ!:ี%ไ \0%','ADATA'),('ฆ!:ึ%ไ \0%','Adobe'),('\\Tn3>ๆ&\0%','Advanced Card Systems'),('ฆ!:ื%ไ \0%','AdvoCam'),('ู๙๚5ๅ\0%','AE&T'),('.\Z~|uๅR\0%','AEG'),('ฆ!:ุ%ไ \0%','AEROCOOL'),('*m,ๅv\0%','AESP'),('ฆ!:ู%ไ \0%','AGESTAR'),('ล๓ฝ/ๅv\0%','Aha'),('.จฉ@Aๆ&\0%','Aiken'),('Sbบnปๆ๓\0%','AKG'),('หหKะๅงช\0%','AKS'),('ฆ!:ฺ%ไ \0%','Aksberry'),('พ*}ๅญ๑\0%','Alarm Force'),('|ฎmr\\ๆ&\0%','ALASKA'),('ฆ!:%ไ \0%','Alcatel'),('Eด+ฺๆ\0%','Aler'),('6wร1็Vๅ\0%','AlexDiggermaer'),('ฆ!:%ไ \0%','Allied Telesis'),('q๙ฮๅญ๑\0%','Alpha Mile'),('ฆ!:า%ไ \0%','AMD'),('ACบฮ)ๅงช\0%','Ammyy'),('ๅovคๅงช\0%','Amperin'),('บA๐ฤ\nๅงช\0%','ANLI'),('R,ๆญj\0%','Anritsu'),('ฤก?pl,ๅR\0%','Ansmann'),('ฆ!:%ไ \0%','AOC'),('dว๓9ๆ\0%','AOpen'),('ฆ!:%ไ \0%','Apacer'),('ฆ!:฿%ไ \0%','APC'),('mRฎ1์ๅ\0%','APECS'),('็,MFๅR\0%','APPA'),('ฆ!:เ%ไ \0%','Apple'),('ฆ!:แ%ไ \0%','AQC'),('ฐฤฬnๆ๓\0%','Aquarius'),('ฆ!:โ%ไ \0%','Archos'),('งํ๋=๕ๆทบ\0%','ARCTIC'),('ewTๅญ๑\0%','Ariston'),(')oุ&\0Lๅ \0%','ARM MEDIA'),('ฆ!:ใ%ไ \0%','ASRock'),('ฆ!:ไ%ไ \0%','ASUS'),('๙P5ZไๅR\0%','Asustor'),('ฬไเ&อๅป\0%','ATEN'),('$๎ฤzuๆ๓\0%','Atmel'),('ofe*ฤๅv\0%','Attack'),('๎lอnฐๅ \0%','Attitude'),('ณึdฝ&ๅงz\0%','AU Optronics'),('\\ฯ\r๐ๆ&\0%','Audio-Technica'),('ุK๙ฑ)๋ๅป\0%','Audiocodes'),('๒๊Wว^ภๆ๓\0%','AUTEL'),('ฆ!:ๅ%ไ \0%','Autodesk'),('ถlๅR\0%','Avaya'),(']n|\0งๆ&\0%','AVER Media'),('R\"ใ5๔โๅ\0%','Avira Operations GmbH & Co. KG.'),('ฆ!:ๆ%ไ \0%','Avision'),(',ต} ฏๆ\0%','AVTECH'),('ข&#มๅงช\0%','AXIS'),('*ฦc์์ๅ\0&ZsMศ','BAHCO'),('5+อีๅญ๑\0%','Ballu'),('๒ิญ๐ๅงช\0%','Baum'),('\"่%m๙ๆ๓\0%','BauMaster'),('ฆ!:็%ไ \0%','BBK'),('[๊ศ/g7ๅR\0%','Behold'),('อQYiฮ๑ๅงช\0%','BEHRINGER'),(';2ฬัษๅญ๑\0%','BEIFA'),('Ajัcศชๅงช\0%','Belden'),('ฆ!:่%ไ \0%','Belkin'),('ฆ!:้%ไ \0%','BENQ'),('รD4฿Fๅงz\0%','Berger BG'),('fิxY?uๆทบ\0%','BERKLY'),('ฮO|yๅR\0%','BERKUT'),('_^ฎRๅญ๑\0%','BernzOmatic'),('_๎dนปๅงช\0%','BestWay'),('Iฮ!ณๆ\0%','Beurer'),('บ@Fj,ๅv\0%','BEWARD'),('ดzฤ/?qๆทบ\0%','BIC'),('6Oฃiใๆ๓\0%','Binatone'),('|ฎm\\ๆ&\0%','BINZEL'),('๏]๕สโไ \0%','BIOSTAR'),('ุ๏ีฏIๆญj\0%','Bixolon'),('9\0ฝ๓ฅTๅงช\0%','Black&Decker'),('5+อบๅญ๑\0%','Blacksmith'),('๓ั฿ซfๅฆ๕\0%','Blackvue'),('sฑ๒jนGๅงช\0%','Bliss'),('C#XNBๆญj\0%','Bombay'),('๑ฃGห๓ไ \0%','Boost Technologies'),('๔๋+fๅญ๑\0%','BORT'),('ฆ!:๊%ไ \0%','Bosch'),('Iธ#๗าๅ\0%','Boxi'),('ลaAๅน!\0%','BQ'),('Y %ๅญ๑\0%','Braun'),('Rอ3ๅญ๑\0%','Brennenstuhl'),('ญj๐ะๅ\0&ZsMศ','BRIMA'),('ฆ!:๋%ไ \0%','Brother'),('ฆ!:์%ไ \0%','BTC'),('ฆ!:ํ%ไ \0%','Bulros'),('ฆ!:๎%ไ \0%','Buro'),('%ศNhๅ \0%','C-Media'),('์ฮ=BGๅน!\0%','Cabeus'),('io๔ฝๅ\0%','Cablexpert'),('ฆ!:๏%ไ \0%','Cactus'),('P8ซๅฆ๕\0%','Caleo'),('ฆ!:๐%ไ \0%','Camelion'),('ฆ!:๑%ไ \0%','Canon'),('ฆ!:๒%ไ \0%','CANYON'),('ดฒuWหๅงช\0%','Caplex'),('ฆ!:๓%ไ \0%','CarCam'),('ฬ ฤฒๅญ๑\0%','CARVER'),('๑๙Hฝ็}ๅ\0%','Case Logic'),('ฆ!:๔%ไ \0%','CASIO'),('lื8|ดไ \0%','CBR'),('ฉCXBKๅน!\0%','Celestron'),('sv์Jซๅญ๑\0%','CENTROPEN'),('ฆ!:๕%ไ \0%','Chairman'),('นi๚\0#ๆ\0%','CHALLENGER'),('_^ฎWๅญ๑\0%','Champion'),('ฆ!:๖%ไ \0%','Chicony'),('ญ:ตบะๅงz\0%','CHIEF'),('ลจD~PๅR\0%','Chieftec'),('ใภ@ๅงz\0%','Cicle'),('ฆ!:๗%ไ \0%','Cinterion'),('พe&ๅญ๑\0%','Cipher'),('ฆ!:๘%ไ \0%','CISCO'),('าุ้ๅ๕\0%','Citizen'),('อ?`mๆ๓\0%','CMO-Innolux'),('๎~คฅ|ๅงช\0%','CMT'),('ษ๘๘cHๅR\0%','Cobra'),('๋\n๛3ๆ&\0%','Colouring'),('W๎ณ\Zงผๅงช\0%','Condtrol'),('Aีy7RัๅR\0%','Content'),('ฆ!:๙%ไ \0%','CONTINENT'),('ฆ!:๚%ไ \0%','CooKoo'),('สnว๏ไ \0%','Cooler Master'),('ฉRนah&ๅR\0%','Coollaboratory'),('ๆlRtรๆ๓\0%','copa'),('ฆ!:๛%ไ \0%','COREL'),('ฆ!:%ไ \0%','CORSAIR'),('ฆ!:%ไ \0%','CREATIVE'),('ฆ!:%ไ \0%','Cresyn'),('.\Zd|uๅR\0%','CROSSER'),('ฦง?5ๅน!\0%','Crown'),('IDsๅ๕\0%','Crucial'),('<๛\\uๅญ๑\0%','CSB'),('ะV08ะผๅงช\0%','CSX'),('มๅญ๑\0%','CUTOP'),('ฆ!:%ไ \0%','CyberPower'),('ฆ!;%ไ \0%','D-Link'),('ีนt803ๅv\0%','Daewoo'),('บ{๐ิๆ&\0%','Datacard'),('roๅปๅช๖\0%','Datacolor'),('ซฌi]ศๅR\0%','Datalogic'),('mDฝพๅงช\0%','Davis'),('PFฐๅ \0%','DCOLOR'),('Sํนึๅงช\0%','DDE'),('ฆ!;\0%ไ \0%','Deepcool'),('P๐๎ไ \0%','DEFENDER'),('8ช#Bขlๅงช\0%','DEFORT'),('ml๊า+ๅงช\0%','DEKraft'),('^7๕_{๏ๆ๓\0%','Delfos'),('ฆ!;%ไ \0%','DELL'),('V๛ฮ้nPๅR\0%','DeLonghi'),('\Zแๅ๕\0%','Delta'),('*5ซqๅR\0%','Delta Electronics'),('R43ๆ\0%','Denzel'),('ึำก4ๅ \0%','Depo'),('ฆ!;%ไ \0%','Deppa'),('_^ฎ:ๅญ๑\0%','DeWalt'),('>/รh4์ๅน!\0%','DEXP'),('QBๅ]cๆ๓\0%','DEXX'),('ฆ!;%ไ \0%','Dialog'),('ฆ!;%ไ \0%','DICOTA'),('/ศ)คfฎๅR\0%','DigiCare'),('ฆ!;%ไ \0%','Digis'),('ฆ!;%ไ \0%','Digitus'),('ฆ!;%ไ \0%','DIGMA'),('ทl2ฦๆ\0%','DJI'),('ฆ!;	%ไ \0%','DKC'),('มโ้p๛ๅ \0%','DNS'),('ฆ!;\n%ไ \0%','DOD'),('P8ๅฆ๕\0%','Dorkel'),('ฆ!;%ไ \0%','Dr.Web'),('ฆ!;%ไ \0%','Draper'),('9\0ฝๆฅTๅงช\0%','Dremel'),('๛uปฺ	๛ๅ \0%','DSB'),('7ri~pฺๅR\0%','DSPPA Audio'),('Bศ}Wๅจ!\0%','DUC'),('ฆหบ0ไ \0%','DURACELL'),('ๅ7นๅฆ๕\0%','duwi'),('ิ๙ญ๑ๅงช\0%','DWT'),('1zpัๆ๓\0%','e-Line'),('ฆหป0ไ \0%','EA2'),('sv์*ซๅญ๑\0%','EAGLE'),('ฆหผ0ไ \0%','Eastcolight'),('ทcด)(ๅป\0%','EasyPrint'),('ฆหฝ0ไ \0%','EATON'),('ฎB]Oึๆญj\0%','ECHO'),('ฆหพ0ไ \0%','ECS'),('tู1๓ๆ\0%','Edding'),('ฆหฟ0ไ \0%','Edifier'),('ด๛ฟp^-ๆ๓\0%','Edustrong'),('๎~คฅ|ๅงช\0%','Einhell'),('๑6Nๆ&\0%','EKF'),('ฬ ฤรๅญ๑\0%','Electraline'),('8tเๆ&\0%','Electrolux'),('i\nตB^1ๆ๓\0%','Elegri'),('๋\n3ๆ&\0%','Elfotec'),('Rอ3ๅญ๑\0%','Elitech'),('ARdๆ\0%','ELKRAFT'),('pF?ๅR\0%','Eltex'),('ฆหภ0ไ \0%','eMachines'),('๙ฒrคๅงช\0%','EMC'),('ฆหม0ไ \0%','EMTEC'),('ษ๚ป\\	ดๅ \0%','Energenie'),('ฆหย0ไ \0%','Energizer'),('ฆหร0ไ \0%','Envy'),('ฆหฤ0ไ \0%','Epson'),('ัี\ZHfๅR\0%','Era Pro'),('dBY^ๆ&\0%','Ergomax'),('๙ผูๆฌๅ\0%','ERGONOMICS'),('dB^^ๆ&\0%','ESAB'),('า^bฅjๅงช\0%','Escene'),('ฆหล0ไ \0%','ESET'),('ๆx้ฆๅ\0%','Esonic'),('ฆหฦ0ไ \0%','ESPADA'),('ybTๆ&\0%','ESTIMap'),('ุซ?gๆทบ\0%','ETERNA'),('ฆหว0ไ \0%','Etuline'),('ญjh๐ะๅ\0&ZsMศ','Eurolux'),('กKร]ๅงช\0%','EVERWIN'),('ศ฿ไ \0%','EVGA'),('Cื์7Mๅน!\0%','Evidence'),('ฆหศ0ไ \0%','EXEQ'),('ฆหษ0ไ \0%','Explay'),('ฆหส0ไ \0%','Ezcool'),('ฆหห0ไ \0%','Faber-Castell'),('ทl\02ฦๆ\0%','Falcon Eye'),('เ3.Tๆญj\0%','Famatech'),('\'ธผ\nrๅR\0%','Fanvil'),('Wชผ&^ๆๆ๓\0%','Fastwel'),('Uต๘0i๘ๆ๓\0%','FEIG'),('ฆหฬ0ไ \0%','Fellowes'),('+mG;ะๅงช\0%','FGK'),('ฆหอ0ไ \0%','FIAMM'),(';ฯL๒ๅ\0%','Fiio'),('ศค\"ไๆๅญ๑\0%','FILL INN'),('6Rฝืๅงช\0%','FILTERO'),('mRฎ์ๅ\0%','Fineline'),('&Iฃฺๅงช\0%','Fiskars'),('ีLsySๅR\0%','FIT'),('ฆหฮ0ไ \0%','FLOORTEX'),('ฆหฯ0ไ \0%','Floston'),('ฆหะ0ไ \0%','Fly'),('OฅSสๆญj\0%','Folsen'),('ฆหั0ไ \0%','Fortasa'),('	ฝฌoๆ๓\0%','Fourier'),('ฆหา0ไ \0%','Foxconn'),('ฆหำ0ไ \0%','Foxline'),('ฆหิ0ไ \0%','Fractal Design'),('ฆหี0ไ \0%','FSP'),('ew!ๅญ๑\0%','FUBAG'),('ฆหึ0ไ \0%','Fujifilm'),('ฆหื0ไ \0%','Fujimi'),('ฆหุ0ไ \0%','Fujitsu'),('x\Z๏M6ๅน!\0%','G-CUBE'),('6Oziใๆ๓\0%','Gaggia'),('ฆหู0ไ \0%','Gainward'),('Ulๅงz\0%','GalaPrint'),('\r้ๆ&\0%','GARAGE'),('สZ3Sๆ&\0%','Garden Dreams'),('Jย\"พสๆ\0%','Gardena'),('ฆหฺ0ไ \0%','Garmin'),('9ht;ๆ๓\0%','Garuda'),('ๅ7ๅฆ๕\0%','GAUSS'),('ืCฌๅญ๑\0%','GBC'),('ฒ฿๕Xๆญj\0%','Gefest'),('o๓ๅญ๑\0%','Geha'),('Zจเๆ\0%','GeIL'),('ฆห0ไ \0%','Gembird'),('A็๗+บๆ\0%','General Climate'),('ปdมฉ9ๅงช\0%','General Security'),('ฆห0ไ \0%','Genius'),('ฆห0ไ \0%','GERMIKOM'),('ฆห0ไ \0%','GIGABYTE'),('ํนพๅงช\0%','Gigant'),('ี๗ดสcๅงช\0%','Gigaset'),('ฆห฿0ไ \0%','Ginzzu'),('ฆหเ0ไ \0%','GlacialTech'),('๙vฌษ็aๅ\0%','GLANZEN'),('ีo~ๆ๓\0%','GLOSSA'),(' 9;!Bๅ๕\0%','Gmini'),('O1	ๅงช\0%','GOIP'),('e๊Z~ๅญ๑\0%','GoodEgg'),('ำR,ๆญj\0%','GoPro'),('ม\"DๅR\0%','Gorenje'),('ฆหแ0ไ \0%','GP'),('O๊cๅฆ๕\0%','Grafalex'),('\n<ฌฉ:ๅงช\0%','Grandstream'),('๔๖f\0ๆ๓\0%','Grandway'),('ฎ[ฎ{ๆ๓\0%','Grass'),('R4\Z3ๆ\0%','Great wall'),('ุ๒ๆ๘คๅฆ๕\0%','Green glade'),('J@จใรๅญ๑\0%','Greenconnect'),('mะb(ๆ\0%','Greenlee'),('8ช#=ขlๅงช\0%','GRIFF'),('&-ฃฺๅงช\0%','Grinda'),('AFBๅงz\0%','GROSS'),('ฟ!kHฟๆๅ\0&ZsMศ','GROZ'),('฿ธ\\ๆ&\0%','Grundfos'),('\0Eป๗>เๆทบ\0%','HAGWERT'),('ฆหโ0ไ \0%','Hama'),('oEฮdๅฆ๕\0%','Hammer'),('\r๕Hพๆญj\0%','Harman'),('ฏลัๅฆ๕\0%','HAUPA'),('ฆหใ0ไ \0%','Hi-Black'),('ขบ&ึ?&ๅน!\0%','HIGHSCREEN'),('ฎ๓\0า]4ๅR\0%','HIKVISION'),('ฆหไ0ไ \0%','Hiper'),('ฆหๅ0ไ \0%','HIPRO'),('ฆหๆ0ไ \0%','HITACHI'),('8t{เๆ&\0%','Hobbi'),('\rฃe1ๅน!\0%','HOLDER'),('&Y๙ๅญ๑\0%','Honeywell'),('ฆห็0ไ \0%','HP'),('ฆห่0ไ \0%','HSM'),('ฆห้0ไ \0%','HTC'),('ฆห๊0ไ \0%','HUAWEI'),('ดบWร\"ๆ\0%','HUBERTH'),('ฬโๅญ๑\0%','Husqvarna'),('ญjc๐ะๅ\0&ZsMศ','Huter'),('ฆห๋0ไ \0%','Hynix'),('ฆห์0ไ \0%','Hyperline'),('สnศ๏ไ \0%','Hyundai'),('Z5;tฟiๅงช\0%','iBang'),('ฆหํ0ไ \0%','IBM'),('xด#kOๆ๓\0%','iBox'),('๒่Bwๆญj\0%','ICON'),('ฆห๎0ไ \0%','iconBIT'),('ดฒu:หๅงช\0%','ICP DAS'),('Pjvป\\ๅงช\0%','IEK'),(' h(I&)ๆ\0%','Iiyama'),('\\รมeเRๅงช\0%','IKRA'),('\"}ะๅญ๑\0%','ILLUSION'),('ฬ)ๅญ๑\0%','Imex'),('ฆห๏0ไ \0%','INDESIT'),('Cื๖7Mๅน!\0%','Infinity'),('ฆห๐0ไ \0%','InFocus'),('E[นๅOๅญ๑\0%','Inforce'),('ๆLnๆ๓\0%','InFormat'),('พD+๑ๅญ๑\0%','InkTec'),('ฆห๑0ไ \0%','INNOVISION'),('W\'ภๅงช\0%','Inspector'),('า\\ฺฃYๆ&\0%','INSTRUMAX'),('ฆห๒0ไ \0%','INTEL'),('ฆห๓0ไ \0%','IntelliTone'),('Y%ๅญ๑\0%','Inter-M'),('ฆห๔0ไ \0%','INTERSTEP'),('ว&า9ๅญ๑\0%','Interwrite'),('_^ฎMๅญ๑\0%','Intex'),('ฆห๕0ไ \0%','Intro'),('ุ๏ีIๆญj\0%','INVOTONE'),('ฆห๖0ไ \0%','INWIN'),('sv์!ซๅญ๑\0%','inะคะะะะะข'),('ฆห๗0ไ \0%','Ippon'),('ด๛ฟ>^-ๆ๓\0%','IQBoard'),('ฆห๘0ไ \0%','IQFUTURE'),('พฉะ\\<9ๅน!\0%','IRBIS'),('\0ีZ!uๆ\0%','IronLogic'),('ฆห๙0ไ \0%','IRU'),('ฏPๅญ๑\0%','Irwin'),('v๛ ฦ6ไ \0%','IT Baggage'),('_ืฆ!|ๆ\0%','Itech Pro'),('คcq\nๆ๓\0%','ITELMA'),('กํมeะๆ๓\0%','ITK'),('v๛ ว6ไ \0%','Jabra'),('e,ผๆ\0%','Jamicon'),('v๛ ศ6ไ \0%','Janome'),('yGZ4/nๅv\0%','Jazzway'),('p\Zyๆ&\0%','JBL'),('ฉ~ฟtๅงช\0%','Jet'),('ฺ~ๅญ๑\0%','JET.A'),('v๛ ษ6ไ \0%','JETBALANCE'),('ษศ-`ๆ\0%','Jif'),('ีฟT|ๅR\0%','JMK'),('|ฎmX\\ๆ&\0%','Jokari'),('Rอ3|ๅญ๑\0%','Jonnesway'),('ฬษโๅญ๑\0%','JTC'),('v๛ ส6ไ \0%','JVC'),('ฮ=pXyๆญj\0%','KAPRO'),('v๛ ห6ไ \0%','KARCHER'),('ว}ษ๔\"Lๆ\0%','Karpo'),('v๛ ฬ6ไ \0%','Kaspersky Lab'),('gฑaูXๅR\0%','Katun'),('v๛ อ6ไ \0%','KENEKSI'),('/ศ)จfฎๅR\0%','Kenko'),('v๛ ฮ6ไ \0%','Kenwood'),('.~ใษQ8ๅR\0%','KFA2'),('v๛ ฯ6ไ \0%','KGuard'),('ฏPๅญ๑\0%','KING TONY'),('v๛ ะ6ไ \0%','KINGMAX'),('v๛ ั6ไ \0%','Kingston'),('~โqนๅงช\0%','KIOKI'),(']๕ึDๅญ๑\0%','Kitfort'),('+mGmะๅงช\0%','Klebebander'),('ษศ-`ๆ\0%','KLINGSPOR'),('หFt฿vๆ๓\0%','KMGS'),('ฤมๅญ๑\0%','Knipex'),('8ttเๆ&\0%','KOBELCO'),('wAๆ\0%','KOH-I-NOOR'),('6ผzHๆ๓\0%','Kolner'),('v๛ า6ไ \0%','Konica Minolta'),('v๛ ำ6ไ \0%','Konoos'),('dจ5xซๅR\0%','KOSS'),('ว}Cๅจ!\0%','KOTO'),('_^ฎ?ๅญ๑\0%','Kraftool'),('.\Z|uๅR\0%','Krause'),('ฬ ฤฉๅญ๑\0%','KREG'),('โ<ลๆ&\0%','KREZ'),('v๛ ิ6ไ \0%','KROMAX'),('v๛ ี6ไ \0%','Krusell'),('GST๏ๅญ๑\0%','KVK'),('v๛ ื6ไ \0%','KW-trio'),('.\Zu|uๅR\0%','KWB'),('v๛ ึ6ไ \0%','KWorld'),('v๛ ุ6ไ \0%','Kyocera'),('v๛ ู6ไ \0%','LaCie'),('นฦ๗ๅ\0%','Lanmaster'),('v๛ ฺ6ไ \0%','LEGO'),('ๆ2,ๅv\0%','Legrand'),('v๛ 6ไ \0%','Lenovo'),('ูึบ!Aๅ \0%','LEOCH'),('v๛ 6ไ \0%','LEXAND'),('v๛ 6ไ \0%','Lexmark'),('VcไDึๆญj\0%','LF'),('v๛ 6ไ \0%','LG'),('ลจDnPๅR\0%','Lian Li'),('ส\\PXtๆ&\0%','Lilliput'),('บ๔๏ๆณๅ\0%','Linc'),('v๛ ฿6ไ \0%','Linksys'),('v๛ เ6ไ \0%','LinkWorld'),('์ๅฆ๕\0%','LIQUI MOLY'),('๙ผูๆฌๅ\0%','LITE'),('v๛ แ6ไ \0%','Lite-On'),('ไs๘rVๅR\0%','LIVAL'),(' ฑด๕T#ๆญj\0%','Locus'),('v๛ โ6ไ \0%','Logitech'),('v๛ ใ6ไ \0%','Lomond'),('v๛ ไ6ไ \0%','Lowepro'),('า\"ฦv^ๆ๓\0%','LPA'),('N{ฺ~sๆ\0%','LSI'),('a๐X~ๅ \0%','Lumien'),('v๛ ๅ6ไ \0%','Lumme'),('uB+ฺๆ\0%','LUX'),('v๛ ๆ6ไ \0%','Makita'),('ลiภๅๅงช\0%','Maktec'),('งํ=๕ๆทบ\0%','Mango'),('!jฐl์ๅ\0%','Markal'),('8ฌNeๆๆ๓\0%','MARSHALL'),('ทฐษๅงz\0%','Marta'),('v๛ ็6ไ \0%','MARUMI'),('8ช#kขlๅงช\0%','Mastech'),('จ%โgๅงช\0%','MASTER'),('๊XHFๆญj\0%','MASTERFILM'),('	+ฃ?ๅงz\0%','MATRIX'),('ณ	e๐ูๅ\0&ZsMศ','MaxCut'),('hศ?Kๆทบ\0%','Maxtor'),('พู!ฎนๅงช\0%','Mean Well Enterprises'),('v๛ ่6ไ \0%','Mediana'),('v๛ ้6ไ \0%','Mediox'),('Sbำnปๆ๓\0%','Megapower'),('sฑ๒KนGๅงช\0%','Meizu'),('v๛ ๊6ไ \0%','Melkco'),('ฬฮโๅญ๑\0%','Metabo'),('s9กจๅงช\0%','MICLINE'),('Cฎ3ขผๆ&\0%','Microlab'),('ึ)gร)ๅงช\0%','Micronet'),('v๛ ๋6ไ \0%','Microsoft'),('v๛ ์6ไ \0%','Microsonic'),('_*Kdหฯๅงช\0%','Midland'),('v๛ ํ6ไ \0%','MikroTik'),('ฌbรqwพๅR\0%','Miracase'),('v๛ ๎6ไ \0%','Mirex'),('v๛ ๏6ไ \0%','MiTAC'),('Bh๚|]3ๆ๓\0%','MITSUBISHI'),('v๛ ๐6ไ \0%','MITSUMI'),('v๛ ๑6ไ \0%','Monster'),('C\ZฉDฐๅR\0%','Most'),('v๛ ๒6ไ \0%','Motorola'),('v๛ ๓6ไ \0%','Moulinex'),('ฟQํ1ฬๅน!\0%','Moxa'),('๐oxๆ๓\0%','MPS'),('v๛ ๔6ไ \0%','MSI'),('9ำalMๆญj\0%','MT'),('ฬ๑โๅญ๑\0%','MTD'),('wAๆ\0%','MunHwa'),('วป9#%[ๅป\0%','MUSTEK'),('nนำะๆ&\0%','MyInk'),('v๛ ๕6ไ \0%','Mystery'),('v๛ ๖6ไ \0%','NAKATOMI'),('๚lคๅงz\0%','Nateks'),('๏ฦ!tๅ๕\0%','NCP'),('v๛ ๗6ไ \0%','NEC'),('C%\Zชๅงช\0%','NEO'),('\n{:ญๅน!\0%','Neoclima'),('dั]ภ\rๅงช\0%','Neoline'),('ฃสฒ\n่ๆ&\0%','Neotion'),('1-Yๆญj\0%','Neptun'),('tZ๛ฝ?Vๅน!\0%','NetApp'),('Pฒฌ๊ๅ\0%','Netlan'),('กIlฯ!ๅงช\0%','NETmapper'),('gฑaๅXๅR\0%','NetProduct'),('ล\\ภๅๅงช\0%','Neva'),('%ฎzGe๓ๆ๓\0%','Nika'),('&!๒]0ๆ๓\0%','Nikomax'),('v๛ ๘6ไ \0%','Nikon'),('ะยC,๖lๅ\0%','Nilfisk'),('h]Yrๆญj\0%','Nilkin'),('VcปDึๆญj\0%','Ningbo'),('9กๅ \0%','NISSIN'),('mlณา+ๅงช\0%','Nobo'),('๋6ฎGqวๆ๓\0%','Noirot'),('v๛ ๙6ไ \0%','Nokia'),('cๅ-F๔ไ \0%','NoName'),('@\\เทๅญ๑\0%','Norfin'),('**&ธัๅงช\0%','Northcliffe'),('v๛ ๚6ไ \0%','NOVA'),('*ค$Qๅ&\0%','NOVA TOUR'),('UY\'Rๅฆ๕\0%','Novus'),('ะV0$ะผๅงช\0%','NOW!Print'),('|O฿ๅฆ๕\0%','Nsgate'),(':Hฟ1ๅญ๑\0%','NUUO'),('v๛ ๛6ไ \0%','NV-Print'),('v๛ 6ไ \0%','NVIDIA'),('ญj~๐ะๅ\0&ZsMศ','NWS'),('๔๋+์fๅญ๑\0%','NWT'),('s9wจๅงช\0%','Oculus'),('v๛ 6ไ \0%','OCZ'),('ท=SVๅ \0%','Office Kit'),('วเพๆ\0%','OJI Label'),('v๛ 6ไ \0%','OKI'),('v๛ 6ไ \0%','OKLICK'),('`เฅ`ๅงช\0%','OLFA'),('ภิๅงช\0%','OLIPHANT'),('v๛!\06ไ \0%','OLYMPUS'),('\"oะๅญ๑\0%','OMAX'),('Rอ3ๅญ๑\0%','Ombra'),('~ูUtๆญj\0%','Open&Closers'),('์ฮdBGๅน!\0%','OpenVox'),('fk&บๅญ๑\0%','Opticon'),('.2Wๅญ๑\0%','OptimLan'),('v๛!6ไ \0%','Optoma'),('๎~คฅ|ๅงช\0%','Oregon'),('v๛!6ไ \0%','OREGON SCIENTIFIC'),('ด๛ฟI^-ๆ๓\0%','Oregonscientific'),('ํ๗+๛ไ \0%','Orient'),('\Z\0Jๅญ๑\0%','Osnovo'),('[าแอๅงช\0%','OSTEC'),('\\Tn\">ๆ&\0%','Oxygensoftware'),('v๛!6ไ \0%','Oysters'),('>;หฯๅงช\0%','OZONE'),('v๛!6ไ \0%','Packard Bell'),('<ใQ฿}ๅงช\0%','Paladin Tools'),('6wร็Vๅ\0%','PALISAD'),('v๛!6ไ \0%','Palit'),('ณฟHไ \0%','Palmexx'),('ณฟHไ \0%','Panasonic'),('Lฆ:k\'ๅR\0%','PANDUIT'),('า^Eฅjๅงช\0%','Parabel'),('ณฟHไ \0%','ParkCity'),('ณฟHไ \0%','Partner'),('ณฟHไ \0%','Patriot'),('บ4ใๅงช\0%','Pbxware'),('ณฟHไ \0%','PC PET'),('ณฟHไ \0%','Pegatron'),('๛qH3ๆญj\0%','PENTEL'),('ิn๚*ๅ\0%','Perco'),('\"vะๅญ๑\0%','PERFECT'),('ณฟHไ \0%','Perfeo'),('ณฟHไ \0%','Philips'),('ซt๐บๅ\0%','PicoCell'),('ณฟHไ \0%','Pilot'),('กธฯ3Dๆญj\0%','PingDa'),('ณฟHไ \0%','Pioneer'),('[O9ๆ\0%','Pitatel'),('-กคฟyๅงช\0%','Piteco'),('ณฟHไ \0%','PixelView'),('ณฟHไ \0%','Plantronics'),('ีLySๅR\0%','PlastElectro'),('ณฟHไ \0%','PLEXTOR'),('ณฟHไ \0%','Plustek'),('ณฟHไ \0%','PNY'),('ณฟHไ \0%','PocketBook'),('b๖รA/งๅv\0%','Point Of View'),('-ฦๅฆ๕\0%','Polaris'),('ณฟHไ \0%','Polaroid'),('๓อIU๗ๅR\0%','Polyvision'),('ณฟHไ \0%','PORT Designs'),('\\๎฿Y~ๆญj\0%','PortCase'),('ๆlYtรๆ๓\0%','Power Cube'),('nODP?;ๅน!\0%','Powercase'),('ณฟHไ \0%','PowerColor'),('ณฟHไ \0%','POWERCOM'),('ณฟHไ \0%','PQI'),('ญjq๐ะๅ\0&ZsMศ','Pramol'),('ณฟHไ \0%','Precision Mastech Enterprises'),('ณฟHไ \0%','Prestigio'),('ท๋crnๅR\0%','Prima'),('พกไ๛wๆ&\0%','Prime'),('ุซ?gๆทบ\0%','Pro Office'),('ฒจbๅญ๑\0%','PROCONNECT'),('ณฟHไ \0%','Profiline'),('Iav9ๆ\0%','PROJAHN'),('ณฟHไ \0%','PROJECTA'),('a๐c~ๅ \0%','PROLINK'),('ณฟHไ \0%','PROLOGY'),('ดaท์๎ๅ\0&ZsMศ','PROMA'),('h[Yrๆญj\0%','ProShield'),('qE\'ํๆ\0%','Proskit'),('โ*#้ฉๅ\0%','Proton'),('6Oณiใๆ๓\0%','PULS'),('7htฺ้ๅงช\0%','PV-Link'),('ณฟHไ \0%','QbiQ'),('วK(	?Yๆทบ\0%','Qcyber'),('ณฟHไ \0%','QNAP'),('ณฟHไ \0%','QOMO'),('ณฟกHไ \0%','QStar'),('ฏPvๅญ๑\0%','QUATTRO ELEMENTI'),('ฆ!:อ%ไ \0%','QUMO'),('F+kห1ๅงช\0%','RACO'),('ณฟขHไ \0%','RAIDON'),('ณฟฃHไ \0%','RAPOO'),('&o๙ๅญ๑\0%','Raspberry Pi Foundation'),('L๊อDๆ&\0%','Rayson'),('ณฟคHไ \0%','Razer'),('R33ๆ\0%','REDIUS'),('พกไ๒wๆ&\0%','Redline'),('-7๏m^ๅR\0%','Redmond'),('Z(ๅญ๑\0%','REGIO'),('ณฟฅHไ \0%','Rekam'),('แHฑๆ&\0%','Revcol'),('ณฟฆHไ \0%','Rexant'),('ปาศsๅR\0%','Rexel'),('ฬ ฤคๅญ๑\0%','Rezer'),('ๆletรๆ๓\0%','RGK'),('ณฟงHไ \0%','Ricoh'),('ณฟจHไ \0%','RIDGID'),('Yvaึๅงช\0%','RIFAR'),('ณฟฉHไ \0%','Riso'),('ณฟชHไ \0%','Ritmix'),(' [ีช๖eๅ\0%','Rittal'),('ณฟซHไ \0%','RIVACASE'),('ฤก?|l,ๅR\0%','Robiton'),('ณฟฌHไ \0%','Rocada'),('ณฟญHไ \0%','ROCCAT'),('ใี@ๅงz\0%','Roda'),('ณฟฎHไ \0%','Rolsen'),('สต>sๅR\0%','Rover'),('ณฟฏHไ \0%','Rowenta'),('ณฟฐHไ \0%','Roxwill'),('VcDึๆญj\0%','Royal'),('*}|jๆ๓\0%','Rucelf'),('ืฺ)า.ๅงช\0%','Ruvinil'),('`ฺ0`๔ๅR\0%','RVI'),('ฒจbๅญ๑\0%','Ryobi'),('ุ`[ซGEๆญj\0%','RะOMBUS'),('5ึtๆ๓\0%','s-Line'),('c\\ไ \0%','S-Print'),('๛d#\'.)ๆ\0%','Safeline'),('ณฟฑHไ \0%','Samsonite'),('ณฟฒHไ \0%','Samsung'),('ณฟณHไ \0%','SanDisk'),('ฏPๅญ๑\0%','SANTOOL'),('ฤก?l,ๅR\0%','Sanyo'),('ณฟดHไ \0%','Sapphire'),('~/ไx๐ๅงz\0%','Sarmat'),('บึq(ๆ\0%','Sata'),('m_หKFVๅR\0%','Saturn'),('๑ขIๅญ๑\0%','SC&T'),('J\0Wฎๅ \0%','Scarlett'),('ผ์f`ๅงz\0%','Schneider Electric'),('ฒจbๅญ๑\0%','SCOOLE'),('ณฟตHไ \0%','Seagate'),('ณฟถHไ \0%','Seasonic'),('ณฟทHไ \0%','Senkatel'),('ณฟธHไ \0%','Sennheiser'),('ณฟนHไ \0%','Sharp'),('ณฟบHไ \0%','Sho-Me'),('[๐ํอๅญ๑\0%','SHTOK'),('ณฟปHไ \0%','SICAMEX'),('ณฟผHไ \0%','Siemens'),('/ศ)ฑfฎๅR\0%','Sigma'),('ณฟฝHไ \0%','Silicon Power'),('ณฟพHไ \0%','Silicon Sky'),('ณฟฟHไ \0%','Silverstone'),('\n{:ญๅน!\0%','Sinbo'),('ณฟภHไ \0%','Sino Power'),('\0OิVๆ\0%','SJCAM'),('ฉfฟtๅงช\0%','SKIL'),('hYYrๆญj\0%','skinBOX'),('ณฟมHไ \0%','Skytiger'),('๊BHFๆญj\0%','SLENDER'),('rฒ\ZNๅญ๑\0%','SMART'),('ๅู+xๆ\0%','Smart&Solid'),('ช๚YZฉๅR\0%','Smartbuy Ignition'),('7EqKำๅR\0%','SNR'),('^\\ไ \0%','Solby'),('ํnพิๅงz\0%','Sonar'),('_\\ไ \0%','Sony'),('ฟฆpธ4Wๆ\0%','Soshine'),('`\\ไ \0%','Soul'),('a\\ไ \0%','SPARKLE'),('@5B*ๆ&\0%','Sparky'),('5+อตๅญ๑\0%','SPARTA'),('b\\ไ \0%','Speck'),('าดQ1pทๅR\0%','Spectralink'),(']\\ไ \0%','SpeedLink'),('e\\ไ \0%','ST-Lab'),('V%๓@ๆ\0%','STABILA'),('บ๔ๆณๅ\0%','STABILO'),('sv์Aซๅญ๑\0%','STANGER'),('ฬ ฤศๅญ๑\0%','Stanley'),('d\\ไ \0%','Static Control'),('5+อซๅญ๑\0%','STAYER'),('ไซfOขnๅงช\0%','Steinel'),('ชqศฆSลๆญj\0%','STELGRIT'),('&\'ฃฺๅงช\0%','STELS'),('โ๓_<9ๆ\0%','STL'),('ฏ@ฎ!ๅงช\0%','STOMER'),('f\\ไ \0%','StreetStorm'),('2กฉล]HๅR\0%','STRONTIUM'),('ณมๅญ๑\0%','Sturm'),('mlฬา+ๅงช\0%','SUMAKE'),('g\\ไ \0%','Sumdex'),('P8ฐๅฆ๕\0%','Sun Power Film'),('๗kv^ๆ๓\0%','Sunpro'),('h\\ไ \0%','SuperFine'),('i\\ไ \0%','Supermicro'),('x2hฦๅR\0%','SuperPower'),('j\\ไ \0%','Supra'),('k\\ไ \0%','Sven'),('l\\ไ \0%','Symantec'),('m\\ไ \0%','Synchrotech'),('n\\ไ \0%','Synology'),('ภ ฎฌๆ&\0%','T-Plast'),('/ศ)fฎๅR\0%','Tamrac'),('ั%UQๆญj\0%','Tantos'),('BaฏO๒ๅ\0%','Target'),('o\\ไ \0%','Targus'),('p\\ไ \0%','TDK'),('5+อะๅญ๑\0%','TDM'),('ท๋}rnๅR\0%','TEAM'),('pvๆ๓\0%','TECHNOLIGHT'),('q\\ไ \0%','TechnoLine'),('r\\ไ \0%','Tefal'),('	{yๆ&\0%','Telecom'),('Lฝuผๆ๓\0%','Telefunken'),('bขณึZBๆญj\0%','Teleofis'),('Mฦๅฆ๕\0%','Telerik'),('๓ึต@ยๅน!\0%','Telest'),('ว๑สvๆ&\0%','TENDA'),('_ืฆ!|ๆ\0%','TESA'),('๚ห๗ึๅงช\0%','Tesla'),('s\\ไ \0%','Texet'),('์/lๅv\0%','TFortis'),('t\\ไ \0%','Thermaltake'),('AOBๅงz\0%','Thetford'),('u\\ไ \0%','THOMAS'),('v\\ไ \0%','Thrustmaster'),('.\Z_|uๅR\0%','Timberk'),('w\\ไ \0%','Time'),('x\\ไ \0%','TITAN'),('ร๋ด)ฮ6ๅงช\0%','TKG'),('หโhๅญ๑\0%','Tomoegawa'),('ชqศSลๆญj\0%','TOPEX'),('y\\ไ \0%','Toshiba'),('.\Z|uๅR\0%','TOUGHBUILT'),('z\\ไ \0%','TP-Link'),('tขkjoๅฆ๕\0%','TRACO Electronic AG'),('{\\ไ \0%','Transcend'),('ีฟT#|ๅR\0%','TRASSIR'),('|\\ไ \0%','TRENDnet'),('}\\ไ \0%','Tripp Lite'),('AoBๅงz\0%','Triton'),('~\\ไ \0%','TRIUMPH BOARD'),('ล}ภๅๅงช\0%','Trommelberg'),('์ๆๅฆ๕\0%','Truper'),('a๐m~ๅ \0%','Trust'),('ฺ\'V6ฺๆ&\0%','TSC'),('\\ไ \0%','Tuarex'),('<t+~ๅญ๑\0%','Tutti Frutti'),('๛uฯe6ๆ๓\0%','U-NIT'),('\\ไ \0%','Ubiquiti'),('gsึ5ๅงช\0%','UGreen'),('eผๆ\0%','UNI-T'),('\\ไ \0%','UniNet'),('Yv\\ึๅงช\0%','Unipro'),('iป็Uฝฉๅงช\0%','UNITERM'),('L๒C<ๆญj\0%','UNIVersal'),('t๗jอฑๅ&\0%','Upvel'),('	+ฃ?ๅงz\0%','Uragan'),('O๚cคๆ๓\0%','Utania'),('ุย่bฒๆ๓\0%','Valberg'),('ืฺ6า.ๅงช\0%','Valfex'),('\\ไ \0%','VARTA'),('๔Y|Zๆญj\0%','VCOM'),('e๖=ญๅญ๑\0%','Venta'),('\\ไ \0%','Verbatim'),('ซขJๅงช\0%','Vertex'),('\\ไ \0%','Vertex Digital'),('\\ไ \0%','ViewSonic'),('ย๒I๙^ฝๆ๓\0%','Vimcom'),('๎`{rBณๆญj\0%','VIOTEH'),('\\ไ \0%','ViPower'),(']tๆ๓\0%','Vision'),('yWจีน๗ๅงช\0%','VITEK'),('รdh4ๅR\0%','Vivitek'),('ู$ywๅR\0%','Vizit'),('๛k๏ชๅงช\0%','Volsten'),('g)%๊ๅญ๑\0%','VS'),('t๗jๅฑๅ&\0%','W&T'),('\\ไ \0%','Wacom'),('a%#ยึๆ&\0%','Wagner'),('ัม๚]ฉEๅงช\0%','WBR'),('\\ไ \0%','WD'),('mlีา+ๅงช\0%','WERT'),('\\ไ \0%','Wexler'),('\\ไ \0%','Whistler'),('ฉฒ\0Fๅ \0%','Wibtek'),('6ดวญ็oๅ\0%','Wiiix'),('฿ฉ:\"ๅ \0%','Wiix'),(')ฟ3ฃๆ\0%','WILTON'),('ไSๅ \0%','Winard'),('l๓JiๅR\0%','Winsis'),('/ศ)มfฎๅR\0%','Wize'),('9\0ฝ๛ฅTๅงช\0%','WOLFCRAFT'),('R๖Wๅ฿\0&ZsMศ','X-flash'),('๚E๙0Tๆ&\0%','X-Line'),('\\ไ \0%','Xerox'),('ึ็kํไ \0%','XFX'),('PF\'ฐๅ \0%','Xiaomi'),('ล๖ํฌๅญ๑\0%','Xilence'),('\\ไ \0%','YAMAHA'),('ุK๙ฅ)๋ๅป\0%','Yealink'),('ด๛ฟU^-ๆ๓\0%','Yiwu Youshang Import & Export Co'),('ธI๐Q<หๅน!\0%','YIXING'),('\\ไ \0%','Yota'),('ัม๚AฉEๅงช\0%','Yuasa'),('๓ฝXPๆ&\0%','ZALA'),('\\ไ \0%','Zalman'),('ฏ<นCMๆญj\0%','Zanussi'),('โธG(ๅงz\0%','Zebra'),('\\ไ \0%','Zelmer'),('zส9Vๅๆ&\0%','ZITREK'),('\\ไ \0%','ZOTAC'),('fช,ๅv\0%','ZPAS'),('\\ไ \0%','ZTE'),('\\ไ \0%','ZyXEL'),('0ฤัๅงช\0%','ะะฒะฐะฝะณะฐัะด-ัะฟะตัะพะดะตะถะดะฐ'),('ฏด์ไ \0%','ะะะะฃะะ'),('๊าว็ฤฯๅงช\0%','ะะบะฒะฐัะพั'),('ฯบ6ๅฆ๕\0%','ะะปััะฐะผะธ'),('%Tาb๗ๅงz\0%','ะะปััะพะฝะธะบะฐ'),('งssฯ~ะๅญ๑\0%','ะะปัั'),('า\\ฺิYๆ&\0%','ะััะตะฝะฐะป'),('ด๛ฟg^-ๆ๓\0%','ะััะธะผะตะด'),('ฑ:นXๅงช\0%','ะัะปะฐะฝั'),('ฝึๅฆ๕\0%','ะะขะะ'),('ญG)5ๅญ๑\0%','ะะฐะนัะญัะณ'),('wย{ฬ\0ๅงช\0%','ะะะะ'),('.\Zi|uๅR\0%','ะะะะะะะก'),('ใย@ๅงz\0%','ะะตะปะผะฐั'),('6ฟเ{8ๆ๓\0%','ะะตะปะพะผะพ'),('๗ง๑ภฮๅงช\0%','ะะะะะ'),('ฏต์ไ \0%','ะะพะปะธะด'),('ตณห]dๆ๓\0%','ะะะข'),('ใม{ฦๅR\0%','ะัะปะฐั'),('-Lา\Zcๅญ๑\0%','ะััะธะบ ะะฐัะฝะฐะฒะฐะป'),('cๅ-E๔ไ \0%','ะััะพะบัะฐั'),('ุ๒ๆ่คๅฆ๕\0%','ะะตัััะฐะบะพัั'),('ีฟS๏|ๅR\0%','ะะธะฟะฐะบั'),('-กษฟyๅงช\0%','ะะะฅะะฌ'),('SฏขUๅงช\0%','ะะพััะพะด'),('	+ฃฌ?ๅงz\0%','ะัะตะะฝััััะผะตะฝัั.ัั'),('b๘{ฤ!ๅงช\0%','ะะฐัะฝะธะทะพะฝ'),('[๐ฯอๅญ๑\0%','ะะตะนะทะตั'),('คะ?}mๅจ!\0%','ะะตัะผะฐะฝะธั'),('ุซ?gๆทบ\0%','ะะะะะฃะก'),('๒๊W^ภๆ๓\0%','ะะพัะบัะตะฟะตะถ'),('^งบๅงช\0%','ะะตะปะพ ะขะตัะฝะธะบะธ'),('.\Zn|uๅR\0%','ะะถะธะปะตะบั'),('rฒํNๅญ๑\0%','ะะธะฐะปะพะณ'),('ป[uฯรๅงช\0%','ะะพะบัะพั ะะตะฑ'),('Sb๊nปๆ๓\0%','ะะฒะตัั'),('๋ฝ๋Hผๆญj\0%','ะะตะฝะธั'),('.\Z|uๅR\0%','ะัะฑั'),('ใฏmไๆ๓\0%','ะะฝัะตัะบัะพัั'),('ฏธ์ไ \0%','ะะฝัะตััะบะพะป'),('5ึ1!ๅญ๑\0%','ะะญะ'),('๋ฝโHผๆญj\0%','ะะฐะนะผะฐะฝ'),('ฬฤโๅญ๑\0%','ะะฐะปะธะฑั'),('@เmๅญ๑\0%','ะะฐะปัะณะฐ-ะัััะฐะป'),('ภโช,ๅญ๑\0%','ะะะะะ'),('ืฺา.ๅงช\0%','ะะฐะฝัะฐะะปัั'),('E[นOๅญ๑\0%','ะะะข'),('E[นำOๅญ๑\0%','ะะตะผะฟะธะฝะณ'),('ฝcexๅR\0%','ะะธัะฐะน'),('๎\0ฬๅงช\0%','ะะะะะะฌะข'),('สEๆ\0%','ะะะะะะก'),('บ๔ฬๆณๅ\0%','ะะพะฝััััะบัะพั'),('์แๅฆ๕\0%','ะะพะฝัััะพัั'),('มๅญ๑\0%','ะะะกะะะก'),('a%#ฑึๆ&\0%','ะัะฐัะฝัะน ะะฐัะบ'),('udฏๆ\0%','ะะะะ'),('Gฃ2า0ๅงช\0%','ะะะะ-ะะะะ'),('๛k๐ชๅงช\0%','ะัะตะฝะพะฝ'),('เxH;oๆ๓\0%','ะะฃะะก'),('udๆ\0%','ะัะณะฐ-ะะฑัะฐะทะธะฒ'),('\"Zะๅญ๑\0%','ะะฃะง'),('^ฎTC@ๆญj\0%','ะะฐะณะฝะธัะพ-ะะพะฝัะฐะบั'),('[๐ยอๅญ๑\0%','ะะะกะขะะ'),('รzCFๆญj\0%','ะะะกะขะะัะพะบะฐ'),('M์ฦๅฆ๕\0%','ะะะะะะ'),('งัq#ๆๆ\0%','ะะะะะะ'),('คnq\nๆ๓\0%','ะะะญะ'),('ผนจๅงช\0%','ะะธะบัะพะผะตะด'),('รD4าFๅงz\0%','ะะพะณะธะปะตะฒ'),('กจj\rข7ๅงช\0%','ะะะะะะะ-ะกะะะขะะ'),('๋ผํqพๆ&\0%','ะะพะผะตะฝั'),('X?eซๅR\0%','ะะขะก'),('m๒ฦ7s:ๆ๓\0%','ะะฐะฒะธัะตะป'),('ฅ\0วๅญ๑\0%','ะะะ'),('ๅ|ไ \0%','ะะพะฒัะน ะะธัะบ'),('~/ไ๐ๅงz\0%','ะะะ ะะธะบัะพะะพะผะกะตัะฒะธั'),('!฿ๅงช\0%','ะะะ ะะขะ ะขะะ'),('aภDๅงช\0%','ะัะธะพะฝ'),('ATBๅงz\0%','ะะฐัะผะฐ'),('กจj$ข7ๅงช\0%','ะะธะพะฝะตั'),('ณ	n๐ูๅ\0&ZsMศ','ะะะะะะะะขะะะ'),('ึ)gmร)ๅงช\0%','ะะพะปะธะผะตะดะธะฐ'),('ewๅญ๑\0%','ะะะะะขะะะ'),('\0ีj!uๆ\0%','ะัะพะผะธะบั'),('	8๎[ๅญ๑\0%','ะัะพะผััะบะฐะฒ'),('จ%ฤgๅงช\0%','ะะะะคะะะจ'),('uป\Zฃผๅงช\0%','ะะฐะผัะบ'),('_ืฆ!|ๆ\0%','ะะตะปะฒะตัั'),('UY\'wๅฆ๕\0%','ะะตัะฐะฝัะฐ'),('QBถ]cๆ๓\0%','ะะะะ'),('5+อ๊ๅญ๑\0%','ะะะก'),('0X\Z[นๅงช\0%','ะะะกะะะ'),('lW\0ๅญ๑\0%','ะะพััะธั'),('~/ไ๐ๅงz\0%','ะะพััะะฒัะพะกััะพะน'),('eๅญ๑\0%','ะัะฑะตะถ'),('ฟQแ1ฬๅน!\0%','ะะญะะ'),('๒๊Wฮ^ภๆ๓\0%','ะกะฐะฝัะตัะะฐััะตั'),('๚แk)ส;ๅงช\0%','ะกะะะก'),('๔๋+็fๅญ๑\0%','ะกะฒะฐัะพะณ'),('๋ฉ?~ๅญ๑\0%','ะกะฒะตัะพะณะพััะบ'),('5+อฐๅญ๑\0%','ะกะะะขะะะะ'),('BZ,ต็eๅ\0%','ะกะฒัะทััััะพะนะดะตัะฐะปั'),('์[s๓ๆ๓\0%','ะกะตะฑะพะบั'),('฿ิ\\ๆ&\0%','ะกะะ'),('%ฎzge๓ๆ๓\0%','ะกะะกะ'),('ฮ=|Xyๆญj\0%','ะกะะะะ'),('กํจeะๆ๓\0%','ะกะธะฑะธััะบะธะน ะััะตะฝะฐะป'),('	+ฃ?ๅงz\0%','ะกะะะะขะะฅ'),('ปศนA}ๅน!\0%','ะกะธะณะผะฐ'),('กจjข7ๅงช\0%','ะกะพะฒัะตััััะพะผ'),('-Bไๅ \0%','ะกะพะดะตะนััะฒะธะต'),('ew2ๅญ๑\0%','ะกะพัะพะบะธะฝ'),('5+อเๅญ๑\0%','ะกะพัะท'),('ฬืโๅญ๑\0%','ะกะฟะตั'),('pทvๆ๓\0%','ะกัะฐะฒั'),('บ๔ๆๆณๅ\0%','ะกะขะะะ'),('จมๅญ๑\0%','ะกะขะะะข'),('UY\'^ๅฆ๕\0%','ะกัะตะปะปะฐ'),('ด-ySศำๅงช\0%','ะกะขะญะะ'),('J@จ๓รๅญ๑\0%','ะกัะฟัะฐะป'),('V๛/ฺPๅญ๑\0%','ะขะฐะนะฒะฐะฝั'),('e1บฤ๗ๅ\0%','ะขะฐะนะฟะธั'),('`F?ๅR\0%','ะขะะฅะะะ'),('l!#ๆ\0%','ะขะ ะะตะณะฐะฟัะพะผ'),('l%z;ๆ๓\0%','ะขะตะปะตะธะฝัะพัะผัะฒัะทั'),('ชิl(ๅR\0%','ะขะตะปะตัะพัั'),('ํ๔|\rัๆ&\0%','ะขะตะปัะฐ'),('E[นถOๅญ๑\0%','ะขะตัะผะตะบั'),('[๐่อๅญ๑\0%','ะขะตัะฝะพะกัะฐะปั'),('F+yห1ๅงช\0%','ะขะพะฟะพะปั'),('wยiฬ\0ๅงช\0%','ะขะพั'),('A:ตรๅฆ๕\0%','ะขะะะะข'),('Wpภ๕ๅงช\0%','ะขัะฐะฝัะะธั'),('ุ0ๅญ๑\0%','ะขัะฐะฝัะฒะพะบ'),('ฤก?l,ๅR\0%','ะขะะะคะ'),('zส95ๅๆ&\0%','ะขะะฃะ ะะะงะ'),('Sbๆnปๆ๓\0%','ะขัะผะตะฝั'),('Z(ๅญ๑\0%','ะฃะผะฝะฐั ะะณัััะบะฐ'),('}dqๅญ๑\0%','ะฃัะฐะปะฟะฐะบ'),('&<ฃฺๅงช\0%','ะคะตะนั'),('ไซfDขnๅงช\0%','ะคะธะพะปะตะฝั'),('\\ไ \0%','ะคะะขะะ'),('@\\่ทๅญ๑\0%','ะฆะตะฝััะพะธะฝััััะผะตะฝั'),('พงด๊qๅ\0%','ะฆะ'),('ฉํ)eๆ\0%','ะฆะะก'),('\\ไ \0%','ะฆะะ'),('ด๛ฟ^^-ๆ๓\0%','ะจะบะพะปัะฝัะน ะผะธั'),('ฺW\"Uๅญ๑\0%','ะจัะธะปั'),('5+อๅญ๑\0%','ะจะขะะ'),('&I๙ๅญ๑\0%','ะจััะธั-ะ'),('5+อๅๅญ๑\0%','ะญะนัะตะปั'),('๋ผํnพๆ&\0%','ะญะปะตะบััะพะบะพะฝัะฐะบั'),('EฟฏEตๅR\0%','ะญะฝะตัะณะธั'),('C%Oชๅงช\0%','ะญะฝะตัะณะพะผะฐั'),('5+อหๅญ๑\0%','ะญะฝะบะพั'),('\\ไ \0%','ะญะะ'),('๋ฝ๔Hผๆญj\0%','ะญัะธั'),('~โqนๅงช\0%','ะฏะะะะ ะะฃะง');
/*!40000 ALTER TABLE `equipmentManufacturers` ENABLE KEYS */;
UNLOCK TABLES;

--
-- Table structure for table `equipmentModels`
--

DROP TABLE IF EXISTS `equipmentModels`;
/*!40101 SET @saved_cs_client     = @@character_set_client */;
/*!40101 SET character_set_client = utf8 */;
CREATE TABLE `equipmentModels` (
  `guid` binary(16) NOT NULL,
  `name` varchar(255) DEFAULT NULL,
  `equipmentSubType_guid` binary(16) DEFAULT NULL,
  `equipmentManufacturer_guid` binary(16) DEFAULT NULL,
  PRIMARY KEY (`guid`),
  UNIQUE KEY `name_UNIQ` (`name`,`equipmentSubType_guid`,`equipmentManufacturer_guid`),
  KEY `fk_equipmentModels_equipmentSubType_IDX` (`equipmentSubType_guid`),
  KEY `fk_equipmentModels_equipmentManufacturer_IDX` (`equipmentManufacturer_guid`),
  CONSTRAINT `fk_equipmentModels_equipmentManufacturer` FOREIGN KEY (`equipmentManufacturer_guid`) REFERENCES `equipmentManufacturers` (`guid`) ON UPDATE CASCADE,
  CONSTRAINT `fk_equipmentModels_equipmentSubType` FOREIGN KEY (`equipmentSubType_guid`) REFERENCES `equipmentSubTypes` (`guid`) ON UPDATE CASCADE
) ENGINE=InnoDB DEFAULT CHARSET=utf8 COMMENT='ะะพะดะตะปะธ ะพะฑะพััะดะพะฒะฐะฝะธั';
/*!40101 SET character_set_client = @saved_cs_client */;

--
-- Dumping data for table `equipmentModels`
--

LOCK TABLES `equipmentModels` WRITE;
/*!40000 ALTER TABLE `equipmentModels` DISABLE KEYS */;
INSERT INTO `equipmentModels` VALUES ('ศยnๆ๓\0%','','ใฎ๙mไๆ๓\0%','ฆ!:ำ%ไ \0%'),('ศvnๆ๓\0%','','ใฏmไๆ๓\0%','ฆ!:๑%ไ \0%'),('ศ๎nๆ๓\0%','150S6','ใฎ๙mไๆ๓\0%','ณฟHไ \0%'),('ศnๆ๓\0%','17S','ใฎ๙mไๆ๓\0%','ณฟHไ \0%'),('ศ๒nๆ๓\0%','190E Plus','ใฎ๙mไๆ๓\0%','ณฟHไ \0%'),('ศบnๆ๓\0%','19EN43','ใฎ๙mไๆ๓\0%','v๛ 6ไ \0%'),('ศฎnๆ๓\0%','206v','ใฎ๙mไๆ๓\0%','ณฟHไ \0%'),('ฐฤ๚nๆ๓\0%','226VL','ใฎ๙mไๆ๓\0%','ณฟHไ \0%'),('ฐฤโnๆ๓\0%','2651','ใฎ๏mไๆ๓\0%','ฆ!:๘%ไ \0%'),('ศnๆ๓\0%','A191HQ','ใฎ๙mไๆ๓\0%','ฆ!:ำ%ไ \0%'),('ศznๆ๓\0%','AccuSync LCD52vm','ใฎ๙mไๆ๓\0%','v๛ ๗6ไ \0%'),('ศnๆ๓\0%','AccuSync LCD72VM','ใฎ๙mไๆ๓\0%','v๛ ๗6ไ \0%'),('ฐฤnๆ๓\0%','AccuSync LCD72xm','ใฎ๙mไๆ๓\0%','v๛ ๗6ไ \0%'),('ศฤnๆ๓\0%','AL1511','ใฎ๙mไๆ๓\0%','ฆ!:ำ%ไ \0%'),('ศศnๆ๓\0%','AL1516','ใฎ๙mไๆ๓\0%','ฆ!:ำ%ไ \0%'),('ศnๆ๓\0%','AL1518','ใฎ๙mไๆ๓\0%','ฆ!:ำ%ไ \0%'),('ศnๆ๓\0%','AL1716','ใฎ๙mไๆ๓\0%','ฆ!:ำ%ไ \0%'),('ฐล\0nๆ๓\0%','AL1717','ใฎ๙mไๆ๓\0%','ฆ!:ำ%ไ \0%'),('ศ๘nๆ๓\0%','AL1916W','ใฎ๙mไๆ๓\0%','ฆ!:ำ%ไ \0%'),('ศผnๆ๓\0%','AL1917','ใฎ๙mไๆ๓\0%','ฆ!:ำ%ไ \0%'),('ศ์nๆ๓\0%','AR-5316','ใฏmไๆ๓\0%','ณฟนHไ \0%'),('ศ0nๆ๓\0%','Aspire 5560G','ใฎmไๆ๓\0%','ฆ!:ำ%ไ \0%'),('ศ2nๆ๓\0%','Aspire 5735Z','ใฎmไๆ๓\0%','ฆ!:ำ%ไ \0%'),('ศ&nๆ๓\0%','Aspire 5739','ใฎmไๆ๓\0%','ฆ!:ำ%ไ \0%'),('ศ,nๆ๓\0%','Aspire 5755G','ใฎmไๆ๓\0%','ฆ!:ำ%ไ \0%'),('ศ nๆ๓\0%','Aspire 7741','ใฎmไๆ๓\0%','ฆ!:ำ%ไ \0%'),('ศ*nๆ๓\0%','ATIV Book 4 NP450R5E-X03RU','ใฎmไๆ๓\0%','ณฟฒHไ \0%'),('ศnๆ๓\0%','B570','ใฎmไๆ๓\0%','v๛ 6ไ \0%'),('ศnๆ๓\0%','B70A','ใฎ๛mไๆ๓\0%','สnศ๏ไ \0%'),('ศnๆ๓\0%','B790E','ใฎmไๆ๓\0%','v๛ 6ไ \0%'),('ศิnๆ๓\0%','Back-UPS CS 300','ใฏmไๆ๓\0%','ฆ!:฿%ไ \0%'),('ศพnๆ๓\0%','Back-UPS CS 350','ใฏmไๆ๓\0%','ฆ!:฿%ไ \0%'),('ศดnๆ๓\0%','Back-UPS CS 500','ใฏmไๆ๓\0%','ฆ!:฿%ไ \0%'),('ศถnๆ๓\0%','Back-UPS CS 650','ใฏmไๆ๓\0%','ฆ!:฿%ไ \0%'),('ศผnๆ๓\0%','Back-UPS ES 400','ใฏmไๆ๓\0%','ฆ!:฿%ไ \0%'),('ศชnๆ๓\0%','Back-UPS ES 525','ใฏmไๆ๓\0%','ฆ!:฿%ไ \0%'),('ศฌnๆ๓\0%','Back-UPS ES 550','ใฏmไๆ๓\0%','ฆ!:฿%ไ \0%'),('ศศnๆ๓\0%','Back-UPS ES 700','ใฏmไๆ๓\0%','ฆ!:฿%ไ \0%'),('ศฆnๆ๓\0%','Back-UPS RS 1100','ใฏmไๆ๓\0%','ฆ!:฿%ไ \0%'),('ศnๆ๓\0%','Back-UPS RS 500','ใฏmไๆ๓\0%','ฆ!:฿%ไ \0%'),('ศฤnๆ๓\0%','Back-UPS RS 650','ใฏmไๆ๓\0%','ฆ!:฿%ไ \0%'),('ศจnๆ๓\0%','BackOffice 400','ใฏmไๆ๓\0%','ฆห๗0ไ \0%'),('ศฐnๆ๓\0%','BackOffice 600','ใฏmไๆ๓\0%','ฆห๗0ไ \0%'),('ศnๆ๓\0%','BackPower Pro 400','ใฏmไๆ๓\0%','ฆห๗0ไ \0%'),('ศฬnๆ๓\0%','BackPower Pro 500','ใฏmไๆ๓\0%','ฆห๗0ไ \0%'),('ศคnๆ๓\0%','BackPower Pro 600','ใฏmไๆ๓\0%','ฆห๗0ไ \0%'),('ศะnๆ๓\0%','BackPower Pro 700','ใฏmไๆ๓\0%','ฆห๗0ไ \0%'),('ศขnๆ๓\0%','BackPower Pro 800','ใฏmไๆ๓\0%','ฆห๗0ไ \0%'),('ศธnๆ๓\0%','BNT-500A','ใฏmไๆ๓\0%','ณฟHไ \0%'),('ศnๆ๓\0%','CanoScan LiDE 110','ใฏ	mไๆ๓\0%','ฆ!:๑%ไ \0%'),('ศnๆ๓\0%','CanoScan LiDE 200','ใฏ	mไๆ๓\0%','ฆ!:๑%ไ \0%'),('ศNnๆ๓\0%','Color LaserJet CP1215','ใฎmไๆ๓\0%','ฆห็0ไ \0%'),('ฐฤnๆ๓\0%','Definity','ใฎํmไๆ๓\0%','ถlๅR\0%'),('ศุnๆ๓\0%','DES-1005A','ใฏ\rmไๆ๓\0%','ฆ!;%ไ \0%'),('ศึnๆ๓\0%','DES-1008A','ใฏ\rmไๆ๓\0%','ฆ!;%ไ \0%'),('ศโnๆ๓\0%','DES-1016A','ใฏ\rmไๆ๓\0%','ฆ!;%ไ \0%'),('ศnๆ๓\0%','DGS-1005D','ใฏ\rmไๆ๓\0%','ฆ!;%ไ \0%'),('ศไnๆ๓\0%','DGS-1008D','ใฏ\rmไๆ๓\0%','ฆ!;%ไ \0%'),('ศnๆ๓\0%','DGS-1016D','ใฏ\rmไๆ๓\0%','ฆ!;%ไ \0%'),('ศๆnๆ๓\0%','DGS-1224T','ใฏ\rmไๆ๓\0%','ฆ!;%ไ \0%'),('ฐฤฮnๆ๓\0%','DI-804HV','ใฎ๋mไๆ๓\0%','ฆ!;%ไ \0%'),('ฐฤึnๆ๓\0%','DI-808HV','ใฎ๋mไๆ๓\0%','ฆ!;%ไ \0%'),('ฐฤะnๆ๓\0%','DIR-140L','ใฎ๋mไๆ๓\0%','ฆ!;%ไ \0%'),('ฐฤิnๆ๓\0%','DIR-300','ใฎ๋mไๆ๓\0%','ฆ!;%ไ \0%'),('ฐฤ๖nๆ๓\0%','DS1515+','ใฎ๕mไๆ๓\0%','n\\ไ \0%'),('ฐฤๆnๆ๓\0%','DSL 2500U','ใฎ๑mไๆ๓\0%','ฆ!;%ไ \0%'),('ฐฤไnๆ๓\0%','DSL 2640U','ใฎ๑mไๆ๓\0%','ฆ!;%ไ \0%'),('ฐฤ๊nๆ๓\0%','DSL 2750U','ใฎ๑mไๆ๓\0%','ฆ!;%ไ \0%'),('ฐฤ์nๆ๓\0%','DSL-2540U','ใฎ๑mไๆ๓\0%','ฆ!;%ไ \0%'),('ศฌnๆ๓\0%','E178FPC','ใฎ๙mไๆ๓\0%','ฆ!;%ไ \0%'),('ศฦnๆ๓\0%','e1942c','ใฎ๙mไๆ๓\0%','v๛ 6ไ \0%'),('ศ๖nๆ๓\0%','E2220HD','ใฎ๙mไๆ๓\0%','ฆ!:้%ไ \0%'),('ศๆnๆ๓\0%','E2242','ใฎ๙mไๆ๓\0%','v๛ 6ไ \0%'),('ศโnๆ๓\0%','E2250SWN','ใฎ๙mไๆ๓\0%','ฆ!:%ไ \0%'),('ศnๆ๓\0%','E7195','ใฎ๙mไๆ๓\0%','ฆ!:%ไ \0%'),('ศnๆ๓\0%','E719S','ใฎ๙mไๆ๓\0%','ฆ!:%ไ \0%'),('ศเnๆ๓\0%','E950Swnk','ใฎ๙mไๆ๓\0%','ฆ!:%ไ \0%'),('ศxnๆ๓\0%','E970S','ใฎ๙mไๆ๓\0%','ฆ!:%ไ \0%'),('ศสnๆ๓\0%','E970Swn','ใฎ๙mไๆ๓\0%','ฆ!:%ไ \0%'),('ศnๆ๓\0%','F3K','ใฎmไๆ๓\0%','ฆ!:ไ%ไ \0%'),('ศ๊nๆ๓\0%','FC 228','ใฏmไๆ๓\0%','ฆ!:๑%ไ \0%'),('ศ๔nๆ๓\0%','Flatron E2042C','ใฎ๙mไๆ๓\0%','v๛ 6ไ \0%'),('ศ์nๆ๓\0%','Flatron L1953S','ใฎ๙mไๆ๓\0%','v๛ 6ไ \0%'),('ศnๆ๓\0%','FO-55','ใฏmไๆ๓\0%','ณฟนHไ \0%'),('ศnๆ๓\0%','FP51G','ใฎ๙mไๆ๓\0%','ฆ!:้%ไ \0%'),('ศฆnๆ๓\0%','FP71G','ใฎ๙mไๆ๓\0%','ฆ!:้%ไ \0%'),('ศnๆ๓\0%','FP767','ใฎ๙mไๆ๓\0%','ฆ!:้%ไ \0%'),('ศnๆ๓\0%','G206HL','ใฎ๙mไๆ๓\0%','ฆ!:ำ%ไ \0%'),('ฐลnๆ๓\0%','G226HQL','ใฎ๙mไๆ๓\0%','ฆ!:ำ%ไ \0%'),('ศ\Znๆ๓\0%','G480','ใฎmไๆ๓\0%','v๛ 6ไ \0%'),('ศ\"nๆ๓\0%','G770','ใฎmไๆ๓\0%','v๛ 6ไ \0%'),('ศnๆ๓\0%','G922HDAL','ใฎ๙mไๆ๓\0%','ฆ!:้%ไ \0%'),('ศnๆ๓\0%','G925HDA','ใฎ๙mไๆ๓\0%','ฆ!:้%ไ \0%'),('ศภnๆ๓\0%','GL2250','ใฎ๙mไๆ๓\0%','ฆ!:้%ไ \0%'),('ศฬnๆ๓\0%','GL955A','ใฎ๙mไๆ๓\0%','ฆ!:้%ไ \0%'),('ศฺnๆ๓\0%','GS-108S EE','ใฏ\rmไๆ๓\0%','\\ไ \0%'),('ศnๆ๓\0%','GW2250','ใฎ๛mไๆ๓\0%','ฆ!:้%ไ \0%'),('ศ่nๆ๓\0%','GW2255','ใฎ๙mไๆ๓\0%','ฆ!:้%ไ \0%'),('ศZnๆ๓\0%','i-Sensys mf4018','ใฏmไๆ๓\0%','ฆ!:๑%ไ \0%'),('ศVnๆ๓\0%','i-Sensys mf4750','ใฏmไๆ๓\0%','ฆ!:๑%ไ \0%'),('ศnๆ๓\0%','IdeaPad S110','ใฎmไๆ๓\0%','v๛ 6ไ \0%'),('ศึnๆ๓\0%','K222HQL','ใฎ๙mไๆ๓\0%','ฆ!:ำ%ไ \0%'),('ศpnๆ๓\0%','KM-1650','ใฏmไๆ๓\0%','v๛ ุ6ไ \0%'),('ศnๆ๓\0%','KX-FC962RU','ใฏmไๆ๓\0%','ณฟHไ \0%'),('ศnๆ๓\0%','KX-FT902','ใฏmไๆ๓\0%','ณฟHไ \0%'),('ศnๆ๓\0%','KX-FT908','ใฏmไๆ๓\0%','ณฟHไ \0%'),('ศnๆ๓\0%','KX-FT932','ใฏmไๆ๓\0%','ณฟHไ \0%'),('ศnๆ๓\0%','KX-FT984','ใฏmไๆ๓\0%','ณฟHไ \0%'),('ศhnๆ๓\0%','KX-MB2020','ใฏmไๆ๓\0%','ณฟHไ \0%'),('ฐฤฺnๆ๓\0%','KX-TA308','ใฎํmไๆ๓\0%','ณฟHไ \0%'),('ศnๆ๓\0%','L1742SE','ใฎ๙mไๆ๓\0%','v๛ 6ไ \0%'),('ศคnๆ๓\0%','L1942S','ใฎ๙mไๆ๓\0%','v๛ 6ไ \0%'),('ศXnๆ๓\0%','LaserBase MF3110','ใฏmไๆ๓\0%','ฆ!:๑%ไ \0%'),('ศznๆ๓\0%','LaserBase MF3228','ใฏmไๆ๓\0%','ฆ!:๑%ไ \0%'),('ศdnๆ๓\0%','LaserBase MF4410','ใฏmไๆ๓\0%','ฆ!:๑%ไ \0%'),('ศLnๆ๓\0%','LaserJet 1000','ใฎmไๆ๓\0%','ฆห็0ไ \0%'),('ศPnๆ๓\0%','LaserJet 1015','ใฎmไๆ๓\0%','ฆห็0ไ \0%'),('ศ@nๆ๓\0%','LaserJet 1018','ใฎmไๆ๓\0%','ฆห็0ไ \0%'),('ศ8nๆ๓\0%','LaserJet 1020','ใฎmไๆ๓\0%','ฆห็0ไ \0%'),('ศ>nๆ๓\0%','LaserJet 1022','ใฎmไๆ๓\0%','ฆห็0ไ \0%'),('ศFnๆ๓\0%','LaserJet 1320','ใฎmไๆ๓\0%','ฆห็0ไ \0%'),('ศ|nๆ๓\0%','LaserJet 1536DNF','ใฏmไๆ๓\0%','ฆห็0ไ \0%'),('ศlnๆ๓\0%','LaserJet 3052','ใฏmไๆ๓\0%','ฆห็0ไ \0%'),('ศnnๆ๓\0%','LaserJet 3055','ใฏmไๆ๓\0%','ฆห็0ไ \0%'),('ศ^nๆ๓\0%','LaserJet M1005','ใฏmไๆ๓\0%','ฆห็0ไ \0%'),('ศ~nๆ๓\0%','LaserJet M1120 MFP','ใฏmไๆ๓\0%','ฆห็0ไ \0%'),('ศ`nๆ๓\0%','LaserJet M1132','ใฏmไๆ๓\0%','ฆห็0ไ \0%'),('ศ\\nๆ๓\0%','LaserJet M1214','ใฏmไๆ๓\0%','ฆห็0ไ \0%'),('ศ4nๆ๓\0%','LaserJet M1214nfh','ใฎmไๆ๓\0%','ฆห็0ไ \0%'),('ศTnๆ๓\0%','LaserJet M1319 MFP','ใฏmไๆ๓\0%','ฆห็0ไ \0%'),('ศ<nๆ๓\0%','LaserJet P1005','ใฎmไๆ๓\0%','ฆห็0ไ \0%'),('ศ6nๆ๓\0%','LaserJet P1102','ใฎmไๆ๓\0%','ฆห็0ไ \0%'),('ศJnๆ๓\0%','LaserJet P2035','ใฎmไๆ๓\0%','ฆห็0ไ \0%'),('ศHnๆ๓\0%','LaserJet P2055D','ใฎmไๆ๓\0%','ฆห็0ไ \0%'),('ศRnๆ๓\0%','LaserJet P3015dn','ใฏmไๆ๓\0%','ฆห็0ไ \0%'),('ศjnๆ๓\0%','LaserJet Pro M1212nf MFP','ใฏmไๆ๓\0%','ฆห็0ไ \0%'),('ศnๆ๓\0%','LaserJet Pro M1217nfw','ใฏmไๆ๓\0%','ฆห็0ไ \0%'),('ศfnๆ๓\0%','LaserJet Pro M127FN','ใฏmไๆ๓\0%','ฆห็0ไ \0%'),('ศDnๆ๓\0%','LBP2900','ใฎmไๆ๓\0%','ฆ!:๑%ไ \0%'),('ศBnๆ๓\0%','LBP6000','ใฎmไๆ๓\0%','ฆ!:๑%ไ \0%'),('ศ:nๆ๓\0%','LBP6020B','ใฎmไๆ๓\0%','ฆ!:๑%ไ \0%'),('ศxnๆ๓\0%','MF4870DN','ใฏmไๆ๓\0%','ฆ!:๑%ไ \0%'),('ศจnๆ๓\0%','n/a','ใฎ๙mไๆ๓\0%','ณฟHไ \0%'),('ศยnๆ๓\0%','n/a','ใฏmไๆ๓\0%','ฆห๗0ไ \0%'),('ศฦnๆ๓\0%','n/a','ใฏmไๆ๓\0%','ณฟHไ \0%'),('ศเnๆ๓\0%','n/a','ใฏ\rmไๆ๓\0%','ฆ!;%ไ \0%'),('ศnๆ๓\0%','N7110','ใฎmไๆ๓\0%','ฆ!;%ไ \0%'),('ศถnๆ๓\0%','NoName','ใฎ๙mไๆ๓\0%','ฐฤฬnๆ๓\0%'),('ฐฤ๎nๆ๓\0%','n\\a','ใฎ๑mไๆ๓\0%','ใฏmไๆ๓\0%'),('ศฒnๆ๓\0%','OmniSmart 500','ใฏmไๆ๓\0%','}\\ไ \0%'),('ศสnๆ๓\0%','OP1500TE','ใฏmไๆ๓\0%','ฆ!:%ไ \0%'),('ศnๆ๓\0%','P206HV','ใฎ๙mไๆ๓\0%','ฆ!:ำ%ไ \0%'),('ศไnๆ๓\0%','P226HQV','ใฎ๙mไๆ๓\0%','ฆ!:ำ%ไ \0%'),('ศnๆ๓\0%','P5260E','ใฎ๛mไๆ๓\0%','ฆ!:ำ%ไ \0%'),('ศnๆ๓\0%','Pavillion','ใฎmไๆ๓\0%','ฆห็0ไ \0%'),('ศnๆ๓\0%','PIXMA iP4500','ใฏmไๆ๓\0%','ฆ!:๑%ไ \0%'),('ศnๆ๓\0%','Pixma MP270','ใฏmไๆ๓\0%','ฆ!:๑%ไ \0%'),('ฐฤ๔nๆ๓\0%','PowerEdge 2900','ใฎ๓mไๆ๓\0%','ฆ!;%ไ \0%'),('ศnๆ๓\0%','Q7T4','ใฎ๙mไๆ๓\0%','ฆ!:้%ไ \0%'),('ฐฤุnๆ๓\0%','rb951g-2hnd','ใฎ๋mไๆ๓\0%','v๛ ํ6ไ \0%'),('ศnๆ๓\0%','RL2240H','ใฎ๙mไๆ๓\0%','ฆ!:้%ไ \0%'),('ฐฤาnๆ๓\0%','RouterBOARD 750UP','ใฎ๋mไๆ๓\0%','v๛ ํ6ไ \0%'),('ศะnๆ๓\0%','S24D300H','ใฎ๙mไๆ๓\0%','ณฟฒHไ \0%'),('ฐฤnๆ๓\0%','S8400','ใฎํmไๆ๓\0%','ถlๅR\0%'),('ฐฤเnๆ๓\0%','S8500','ใฎํmไๆ๓\0%','ถlๅR\0%'),('ศ๚nๆ๓\0%','SA850','ใฎ๙mไๆ๓\0%','ณฟฒHไ \0%'),('ศnๆ๓\0%','ScanJet 2380','ใฏ	mไๆ๓\0%','ฆห็0ไ \0%'),('ศnๆ๓\0%','ScanJet 4890','ใฏ	mไๆ๓\0%','ฆห็0ไ \0%'),('ศnๆ๓\0%','ScanJet G4050','ใฏ	mไๆ๓\0%','ฆห็0ไ \0%'),('ศrnๆ๓\0%','SCX-3400','ใฏmไๆ๓\0%','ณฟฒHไ \0%'),('ศtnๆ๓\0%','SCX-4200','ใฏmไๆ๓\0%','ณฟฒHไ \0%'),('ศbnๆ๓\0%','SCX-4220','ใฏmไๆ๓\0%','ณฟฒHไ \0%'),('ศ่nๆ๓\0%','sf1005d','ใฏ\rmไๆ๓\0%','z\\ไ \0%'),('ศาnๆ๓\0%','Smart Winner 2000','ใฏmไๆ๓\0%','ฆห๗0ไ \0%'),('ศฮnๆ๓\0%','Smart-UPS 1500VA','ใฏmไๆ๓\0%','ฆ!:฿%ไ \0%'),('ศบnๆ๓\0%','Smart-UPS 750VA','ใฏmไๆ๓\0%','ฆ!:฿%ไ \0%'),('ศฎnๆ๓\0%','Smart-UPS SC 420','ใฏmไๆ๓\0%','ฆ!:฿%ไ \0%'),('ศภnๆ๓\0%','SMK-1000A','ใฏmไๆ๓\0%','ณฟHไ \0%'),('ศnๆ๓\0%','Stylus TX117','ใฏmไๆ๓\0%','ฆหฤ0ไ \0%'),('ศ๐nๆ๓\0%','SyncMaster 710N','ใฎ๙mไๆ๓\0%','ณฟฒHไ \0%'),('ศ๊nๆ๓\0%','SyncMaster 713N','ใฎ๙mไๆ๓\0%','ณฟฒHไ \0%'),('ศพnๆ๓\0%','SyncMaster 913BM','ใฎ๙mไๆ๓\0%','ณฟฒHไ \0%'),('ศิnๆ๓\0%','SyncMaster 930BF','ใฎ๙mไๆ๓\0%','ณฟฒHไ \0%'),('ศ~nๆ๓\0%','SyncMaster E1720','ใฎ๙mไๆ๓\0%','ณฟฒHไ \0%'),('ฐลnๆ๓\0%','SyncMaster E2020','ใฎ๙mไๆ๓\0%','ณฟฒHไ \0%'),('ศnๆ๓\0%','SyncMaster S19B1S0','ใฎ๙mไๆ๓\0%','ณฟฒHไ \0%'),('ศnๆ๓\0%','SyncMaster S19C150','ใฎ๙mไๆ๓\0%','ณฟฒHไ \0%'),('ฐลnๆ๓\0%','SyncMaster S22B300','ใฎ๙mไๆ๓\0%','ณฟฒHไ \0%'),('ศ|nๆ๓\0%','SyncMaster SA10','ใฎ๙mไๆ๓\0%','ณฟฒHไ \0%'),('ฐฤ๒nๆ๓\0%','System X3400','ใฎ๓mไๆ๓\0%','ฆหํ0ไ \0%'),('ศขnๆ๓\0%','T905','ใฎ๙mไๆ๓\0%','ฆ!:้%ไ \0%'),('ศnๆ๓\0%','Thunderbolt Display (27-ะดัะนะผะพะฒัะน)','ใฎ๙mไๆ๓\0%','ฆ!:เ%ไ \0%'),('ฐฤ่nๆ๓\0%','TL-WR743ND','ใฎ๑mไๆ๓\0%','z\\ไ \0%'),('ฐฤ๘nๆ๓\0%','Unknown','ใฎ๗mไๆ๓\0%','๓อIU๗ๅR\0%'),('ฐล\nnๆ๓\0%','v173','ใฎ๙mไๆ๓\0%','ฆ!:ำ%ไ \0%'),('ศnๆ๓\0%','v176','ใฎ๙mไๆ๓\0%','ฆ!:ำ%ไ \0%'),('ฐฤnๆ๓\0%','v193','ใฎ๙mไๆ๓\0%','ฆ!:ำ%ไ \0%'),('ศุnๆ๓\0%','V193HQL','ใฎ๙mไๆ๓\0%','ฆ!:ำ%ไ \0%'),('ศดnๆ๓\0%','v223hq','ใฎ๙mไๆ๓\0%','ฆ!:ำ%ไ \0%'),('ศฒnๆ๓\0%','v223hql','ใฎ๙mไๆ๓\0%','ฆ!:ำ%ไ \0%'),('ศ\0nๆ๓\0%','V223W','ใฎ๙mไๆ๓\0%','ฆ!:ำ%ไ \0%'),('ศnๆ๓\0%','V233H','ใฎ๛mไๆ๓\0%','ฆ!:ำ%ไ \0%'),('ศ\nnๆ๓\0%','V233HQL','ใฎ๛mไๆ๓\0%','ฆ!:ำ%ไ \0%'),('ศ.nๆ๓\0%','V5WT2','ใฎmไๆ๓\0%','v๛!6ไ \0%'),('ฐลnๆ๓\0%','V920T','ใฎ๙mไๆ๓\0%','ฆ!:้%ไ \0%'),('ศnๆ๓\0%','VA703M','ใฎ๙mไๆ๓\0%','\\ไ \0%'),('ศnๆ๓\0%','VA9059','ใฎ๙mไๆ๓\0%','\\ไ \0%'),('ศฺnๆ๓\0%','Viseo 203DX','ใฎ๙mไๆ๓\0%','v๛!6ไ \0%'),('ศธnๆ๓\0%','VP2650','ใฎ๙mไๆ๓\0%','\\ไ \0%'),('ศฐnๆ๓\0%','VW193D-B','ใฎ๙mไๆ๓\0%','ฆ!:ไ%ไ \0%'),('ศชnๆ๓\0%','W1943SB','ใฎ๙mไๆ๓\0%','v๛ 6ไ \0%'),('ศnๆ๓\0%','W1943SE','ใฎ๙mไๆ๓\0%','v๛ 6ไ \0%'),('ศาnๆ๓\0%','X203H','ใฎ๙mไๆ๓\0%','ฆ!:ำ%ไ \0%'),('ศฮnๆ๓\0%','X223HQ','ใฎ๙mไๆ๓\0%','ฆ!:ำ%ไ \0%'),('ศ(nๆ๓\0%','X501A','ใฎmไๆ๓\0%','ฆ!:ไ%ไ \0%'),('ศ$nๆ๓\0%','x51L','ใฎmไๆ๓\0%','ฆ!:ไ%ไ \0%'),('ฐฤ๐nๆ๓\0%','ะกะตัะฒะตั','ใฎ๓mไๆ๓\0%','cๅ-F๔ไ \0%'),('ศnๆ๓\0%','ะกะธััะตะผะฝัะน ะฑะปะพะบ','ใฎ๛mไๆ๓\0%','cๅ-F๔ไ \0%');
/*!40000 ALTER TABLE `equipmentModels` ENABLE KEYS */;
UNLOCK TABLES;

--
-- Table structure for table `equipmentOnServiceLog`
--

DROP TABLE IF EXISTS `equipmentOnServiceLog`;
/*!40101 SET @saved_cs_client     = @@character_set_client */;
/*!40101 SET character_set_client = utf8 */;
CREATE TABLE `equipmentOnServiceLog` (
  `timestamp` timestamp NOT NULL DEFAULT CURRENT_TIMESTAMP,
  `newState` tinyint(1) NOT NULL DEFAULT '0',
  `equipment_guid` binary(16) NOT NULL,
  `contractDivision_guid` binary(16) DEFAULT NULL,
  PRIMARY KEY (`timestamp`,`equipment_guid`,`newState`),
  KEY `fk_equipmentOnServiceLog_equipment_IDX` (`equipment_guid`),
  KEY `fk_equipmentOnServiceLog_contractDivision_IDX` (`contractDivision_guid`),
  CONSTRAINT `fk_equipmentOnServiceLog_contractDivision` FOREIGN KEY (`contractDivision_guid`) REFERENCES `contractDivisions` (`guid`) ON DELETE NO ACTION ON UPDATE NO ACTION,
  CONSTRAINT `fk_equipmentOnServiceLog_equipment` FOREIGN KEY (`equipment_guid`) REFERENCES `equipment` (`guid`) ON DELETE NO ACTION ON UPDATE CASCADE
) ENGINE=InnoDB DEFAULT CHARSET=utf8;
/*!40101 SET character_set_client = @saved_cs_client */;

--
-- Dumping data for table `equipmentOnServiceLog`
--

LOCK TABLES `equipmentOnServiceLog` WRITE;
/*!40000 ALTER TABLE `equipmentOnServiceLog` DISABLE KEYS */;
INSERT INTO `equipmentOnServiceLog` VALUES ('2014-04-13 20:00:00',1,'oฝsLๆ๓\0%','ฌEไ\0%'),('2014-04-13 20:00:00',1,'oฝกsLๆ๓\0%','ฌEไ\0%'),('2014-04-13 20:00:00',1,'oฝฃsLๆ๓\0%','ฌEไ\0%'),('2014-04-13 20:00:00',1,'oฝฅsLๆ๓\0%','ฌEไ\0%'),('2014-04-13 20:00:00',1,'oฝงsLๆ๓\0%','ฌEไ\0%'),('2014-04-13 20:00:00',1,'oฝฉsLๆ๓\0%','ฌEไ\0%'),('2014-04-13 20:00:00',1,'oฝซsLๆ๓\0%','ฌEไ\0%'),('2014-04-13 20:00:00',1,'oฝญsLๆ๓\0%','ฌEไ\0%'),('2014-04-13 20:00:00',1,'oฝฏsLๆ๓\0%','ฌEไ\0%'),('2014-04-13 20:00:00',1,'oฝฑsLๆ๓\0%','ฌEไ\0%'),('2014-04-13 20:00:00',1,'oฝํsLๆ๓\0%','ฌEไ\0%'),('2014-04-13 20:00:00',1,'oฝ๏sLๆ๓\0%','ฌEไ\0%'),('2014-04-13 20:00:00',1,'oฝ๑sLๆ๓\0%','ฌEไ\0%'),('2014-04-13 20:00:00',1,'oฝ๓sLๆ๓\0%','ฌEไ\0%'),('2014-04-13 20:00:00',1,'{	sLๆ๓\0%','ดฌEไ\0%'),('2014-04-13 20:00:00',1,'{sLๆ๓\0%','ดฌEไ\0%'),('2014-04-13 20:00:00',1,'{\rsLๆ๓\0%','ดฌEไ\0%'),('2014-04-13 20:00:00',1,'{sLๆ๓\0%','ดฌEไ\0%'),('2014-04-13 20:00:00',1,'{sLๆ๓\0%','ดฌEไ\0%'),('2014-04-13 20:00:00',1,'{sLๆ๓\0%','ดฌEไ\0%'),('2014-04-13 20:00:00',1,'{sLๆ๓\0%','ดฌEไ\0%'),('2014-04-13 20:00:00',1,'{sLๆ๓\0%','ดฌEไ\0%'),('2014-04-13 20:00:00',1,'{sLๆ๓\0%','ดฌEไ\0%'),('2014-04-13 20:00:00',1,'{sLๆ๓\0%','ดฌEไ\0%'),('2014-04-13 20:00:00',1,'{sLๆ๓\0%','ดฌEไ\0%'),('2014-04-13 20:00:00',1,'{sLๆ๓\0%','ดฌEไ\0%'),('2014-04-13 20:00:00',1,'{!sLๆ๓\0%','ดฌEไ\0%'),('2014-04-13 20:00:00',1,'{#sLๆ๓\0%','ดฌEไ\0%'),('2014-04-13 20:00:00',1,'oฝOsLๆ๓\0%','ผฌEไ\0%'),('2014-04-13 20:00:00',1,'oฝQsLๆ๓\0%','ผฌEไ\0%'),('2014-04-13 20:00:00',1,'oฝSsLๆ๓\0%','ผฌEไ\0%'),('2014-04-13 20:00:00',1,'oฝUsLๆ๓\0%','ผฌEไ\0%'),('2014-04-13 20:00:00',1,'oฝWsLๆ๓\0%','ผฌEไ\0%'),('2014-04-13 20:00:00',1,'oฝYsLๆ๓\0%','ผฌEไ\0%'),('2014-04-13 20:00:00',1,'oฝ[sLๆ๓\0%','ผฌEไ\0%'),('2014-04-13 20:00:00',1,'oฝ]sLๆ๓\0%','ผฌEไ\0%'),('2014-04-13 20:00:00',1,'oฝ_sLๆ๓\0%','ผฌEไ\0%'),('2015-12-31 21:00:00',1,'oฝ๕sLๆ๓\0%','งืgมnไO\0%'),('2015-12-31 21:00:00',1,'oฝ๗sLๆ๓\0%','งืgมnไO\0%'),('2015-12-31 21:00:00',1,'oฝ๙sLๆ๓\0%','งืgมnไO\0%'),('2015-12-31 21:00:00',1,'oฝ๛sLๆ๓\0%','งืgมnไO\0%'),('2015-12-31 21:00:00',1,'oฝsLๆ๓\0%','งืgมnไO\0%'),('2015-12-31 21:00:00',1,'{usLๆ๓\0%','งืgมnไO\0%'),('2015-12-31 21:00:00',1,'{ฃsLๆ๓\0%','งืgมnไO\0%'),('2015-12-31 21:00:00',1,'{ฅsLๆ๓\0%','งืgมnไO\0%'),('2015-12-31 21:00:00',1,'{งsLๆ๓\0%','งืgมnไO\0%'),('2015-12-31 21:00:00',1,'{ฉsLๆ๓\0%','งืgมnไO\0%'),('2015-12-31 21:00:00',1,'{ซsLๆ๓\0%','งืgมnไO\0%'),('2015-12-31 21:00:00',1,'{ญsLๆ๓\0%','งืgมnไO\0%'),('2015-12-31 21:00:00',1,'{ฏsLๆ๓\0%','งืgมnไO\0%'),('2015-12-31 21:00:00',1,'{ฑsLๆ๓\0%','งืgมnไO\0%'),('2015-12-31 21:00:00',1,'{ณsLๆ๓\0%','งืgมnไO\0%'),('2015-12-31 21:00:00',1,'{ตsLๆ๓\0%','งืgมnไO\0%'),('2015-12-31 21:00:00',1,'{ทsLๆ๓\0%','งืgมnไO\0%'),('2015-12-31 21:00:00',1,'{นsLๆ๓\0%','งืgมnไO\0%'),('2015-12-31 21:00:00',1,'{ปsLๆ๓\0%','งืgมnไO\0%'),('2015-12-31 21:00:00',1,'{ฝsLๆ๓\0%','งืgมnไO\0%'),('2015-12-31 21:00:00',1,'{ฟsLๆ๓\0%','งืgมnไO\0%'),('2015-12-31 21:00:00',1,'{มsLๆ๓\0%','งืgมnไO\0%'),('2015-12-31 21:00:00',1,'{รsLๆ๓\0%','งืgมnไO\0%'),('2015-12-31 21:00:00',1,'{ลsLๆ๓\0%','งืgมnไO\0%'),('2015-12-31 21:00:00',1,'{วsLๆ๓\0%','งืgมnไO\0%'),('2015-12-31 21:00:00',1,'{ษsLๆ๓\0%','งืgมnไO\0%'),('2015-12-31 21:00:00',1,'{หsLๆ๓\0%','งืgมnไO\0%'),('2015-12-31 21:00:00',1,'{อsLๆ๓\0%','งืgมnไO\0%'),('2015-12-31 21:00:00',1,'{ฯsLๆ๓\0%','งืgมnไO\0%'),('2015-12-31 21:00:00',1,'{ัsLๆ๓\0%','งืgมnไO\0%'),('2015-12-31 21:00:00',1,'{ำsLๆ๓\0%','งืgมnไO\0%'),('2015-12-31 21:00:00',1,'{ีsLๆ๓\0%','งืgมnไO\0%'),('2015-12-31 21:00:00',1,'{ืsLๆ๓\0%','งืgมnไO\0%'),('2015-12-31 21:00:00',1,'{ูsLๆ๓\0%','งืgมnไO\0%'),('2015-12-31 21:00:00',1,'{sLๆ๓\0%','งืgมnไO\0%'),('2015-12-31 21:00:00',1,'{sLๆ๓\0%','งืgมnไO\0%'),('2015-12-31 21:00:00',1,'{฿sLๆ๓\0%','งืgมnไO\0%'),('2015-12-31 21:00:00',1,'{แsLๆ๓\0%','งืgมnไO\0%'),('2015-12-31 21:00:00',1,'{ใsLๆ๓\0%','งืgมnไO\0%'),('2015-12-31 21:00:00',1,'{ๅsLๆ๓\0%','งืgมnไO\0%'),('2015-12-31 21:00:00',1,'{็sLๆ๓\0%','งืgมnไO\0%'),('2015-12-31 21:00:00',1,'{้sLๆ๓\0%','งืgมnไO\0%'),('2015-12-31 21:00:00',1,'{๋sLๆ๓\0%','งืgมnไO\0%'),('2015-12-31 21:00:00',1,'{ํsLๆ๓\0%','งืgมnไO\0%'),('2015-12-31 21:00:00',1,'{๏sLๆ๓\0%','งืgมnไO\0%'),('2015-12-31 21:00:00',1,'{๑sLๆ๓\0%','งืgมnไO\0%'),('2015-12-31 21:00:00',1,'{๓sLๆ๓\0%','งืgมnไO\0%'),('2015-12-31 21:00:00',1,'{๕sLๆ๓\0%','งืgมnไO\0%'),('2015-12-31 21:00:00',1,'{๗sLๆ๓\0%','งืgมnไO\0%'),('2015-12-31 21:00:00',1,'{๙sLๆ๓\0%','งืgมnไO\0%'),('2015-12-31 21:00:00',1,'{๛sLๆ๓\0%','งืgมnไO\0%'),('2015-12-31 21:00:00',1,'{sLๆ๓\0%','งืgมnไO\0%'),('2015-12-31 21:00:00',1,'{sLๆ๓\0%','งืgมnไO\0%'),('2015-12-31 21:00:00',1,'{sLๆ๓\0%','งืgมnไO\0%'),('2015-12-31 21:00:00',1,'{sLๆ๓\0%','งืgมnไO\0%'),('2015-12-31 21:00:00',1,'{sLๆ๓\0%','งืgมnไO\0%'),('2015-12-31 21:00:00',1,'{sLๆ๓\0%','งืgมnไO\0%'),('2015-12-31 21:00:00',1,'{wsLๆ๓\0%','งืiมnไO\0%'),('2015-12-31 21:00:00',1,'{{sLๆ๓\0%','งืiมnไO\0%'),('2015-12-31 21:00:00',1,'{}sLๆ๓\0%','งืiมnไO\0%'),('2015-12-31 21:00:00',1,'{sLๆ๓\0%','งืiมnไO\0%'),('2015-12-31 21:00:00',1,'{sLๆ๓\0%','งืiมnไO\0%'),('2015-12-31 21:00:00',1,'{sLๆ๓\0%','งืiมnไO\0%'),('2015-12-31 21:00:00',1,'{sLๆ๓\0%','งืiมnไO\0%'),('2015-12-31 21:00:00',1,'{sLๆ๓\0%','งืiมnไO\0%'),('2015-12-31 21:00:00',1,'{sLๆ๓\0%','งืiมnไO\0%'),('2015-12-31 21:00:00',1,'{sLๆ๓\0%','งืiมnไO\0%'),('2015-12-31 21:00:00',1,'{sLๆ๓\0%','งืiมnไO\0%'),('2015-12-31 21:00:00',1,'{ysLๆ๓\0%','งืkมnไO\0%'),('2015-12-31 21:00:00',1,'{sLๆ๓\0%','งืkมnไO\0%'),('2015-12-31 21:00:00',1,'{sLๆ๓\0%','งืkมnไO\0%'),('2015-12-31 21:00:00',1,'{sLๆ๓\0%','งืkมnไO\0%'),('2015-12-31 21:00:00',1,'{sLๆ๓\0%','งืkมnไO\0%'),('2015-12-31 21:00:00',1,'{sLๆ๓\0%','งืkมnไO\0%'),('2015-12-31 21:00:00',1,'{sLๆ๓\0%','งืkมnไO\0%'),('2015-12-31 21:00:00',1,'{sLๆ๓\0%','งืkมnไO\0%'),('2015-12-31 21:00:00',1,'{sLๆ๓\0%','งืkมnไO\0%'),('2015-12-31 21:00:00',1,'{sLๆ๓\0%','งืkมnไO\0%'),('2015-12-31 21:00:00',1,'{กsLๆ๓\0%','งืkมnไO\0%'),('2015-12-31 21:00:00',1,'oฟ[sLๆ๓\0%','\Zqฌ๔ไ\0%'),('2015-12-31 21:00:00',1,'oฟ]sLๆ๓\0%','\Zqฌ๔ไ\0%'),('2015-12-31 21:00:00',1,'oฟ_sLๆ๓\0%','\Zqฌ๔ไ\0%'),('2015-12-31 21:00:00',1,'oฟasLๆ๓\0%','\Zqฌ๔ไ\0%'),('2015-12-31 21:00:00',1,'oฟcsLๆ๓\0%','\Zqฌ๔ไ\0%'),('2015-12-31 21:00:00',1,'oฟesLๆ๓\0%','\Zqฌ๔ไ\0%'),('2015-12-31 21:00:00',1,'oฟgsLๆ๓\0%','\Zqฌ๔ไ\0%'),('2015-12-31 21:00:00',1,'oฟosLๆ๓\0%','\Zqฌ๔ไ\0%'),('2015-12-31 21:00:00',1,'oฟqsLๆ๓\0%','\Zqฌ๔ไ\0%'),('2015-12-31 21:00:00',1,'{sLๆ๓\0%','\Zqฌ๔ไ\0%'),('2015-12-31 21:00:00',1,'{sLๆ๓\0%','\Zqฌ๔ไ\0%'),('2015-12-31 21:00:00',1,'{กsLๆ๓\0%','\Zqฌ๔ไ\0%'),('2015-12-31 21:00:00',1,'{ฃsLๆ๓\0%','\Zqฌ๔ไ\0%'),('2015-12-31 21:00:00',1,'{ฅsLๆ๓\0%','\Zqฌ๔ไ\0%'),('2015-12-31 21:00:00',1,'{งsLๆ๓\0%','\Zqฌ๔ไ\0%'),('2015-12-31 21:00:00',1,'{ฉsLๆ๓\0%','\Zqฌ๔ไ\0%'),('2015-12-31 21:00:00',1,'{ซsLๆ๓\0%','\Zqฌ๔ไ\0%'),('2015-12-31 21:00:00',1,'{ญsLๆ๓\0%','\Zqฌ๔ไ\0%'),('2015-12-31 21:00:00',1,'{ฏsLๆ๓\0%','\Zqฌ๔ไ\0%'),('2015-12-31 21:00:00',1,'{ฑsLๆ๓\0%','\Zqฌ๔ไ\0%'),('2015-12-31 21:00:00',1,'{ณsLๆ๓\0%','\Zqฌ๔ไ\0%'),('2015-12-31 21:00:00',1,'{ตsLๆ๓\0%','\Zqฌ๔ไ\0%'),('2015-12-31 21:00:00',1,'{ทsLๆ๓\0%','\Zqฌ๔ไ\0%'),('2015-12-31 21:00:00',1,'{นsLๆ๓\0%','\Zqฌ๔ไ\0%'),('2015-12-31 21:00:00',1,'{ปsLๆ๓\0%','\Zqฌ๔ไ\0%'),('2015-12-31 21:00:00',1,'{ฝsLๆ๓\0%','\Zqฌ๔ไ\0%'),('2015-12-31 21:00:00',1,'{ฟsLๆ๓\0%','\Zqฌ๔ไ\0%'),('2015-12-31 21:00:00',1,'{มsLๆ๓\0%','\Zqฌ๔ไ\0%'),('2015-12-31 21:00:00',1,'{รsLๆ๓\0%','\Zqฌ๔ไ\0%'),('2015-12-31 21:00:00',1,'{ลsLๆ๓\0%','\Zqฌ๔ไ\0%'),('2015-12-31 21:00:00',1,'{วsLๆ๓\0%','\Zqฌ๔ไ\0%'),('2015-12-31 21:00:00',1,'{ษsLๆ๓\0%','\Zqฌ๔ไ\0%'),('2015-12-31 21:00:00',1,'{หsLๆ๓\0%','\Zqฌ๔ไ\0%'),('2015-12-31 21:00:00',1,'{อsLๆ๓\0%','\Zqฌ๔ไ\0%'),('2015-12-31 21:00:00',1,'{ฯsLๆ๓\0%','\Zqฌ๔ไ\0%'),('2015-12-31 21:00:00',1,'{ัsLๆ๓\0%','\Zqฌ๔ไ\0%'),('2015-12-31 21:00:00',1,'{ำsLๆ๓\0%','\Zqฌ๔ไ\0%'),('2015-12-31 21:00:00',1,'{ีsLๆ๓\0%','\Zqฌ๔ไ\0%'),('2015-12-31 21:00:00',1,'{ืsLๆ๓\0%','\Zqฌ๔ไ\0%'),('2015-12-31 21:00:00',1,'{ูsLๆ๓\0%','\Zqฌ๔ไ\0%'),('2015-12-31 21:00:00',1,'{sLๆ๓\0%','\Zqฌ๔ไ\0%'),('2015-12-31 21:00:00',1,'{sLๆ๓\0%','\Zqฌ๔ไ\0%'),('2015-12-31 21:00:00',1,'{฿sLๆ๓\0%','\Zqฌ๔ไ\0%'),('2015-12-31 21:00:00',1,'{แsLๆ๓\0%','\Zqฌ๔ไ\0%'),('2015-12-31 21:00:00',1,'{ใsLๆ๓\0%','\Zqฌ๔ไ\0%'),('2015-12-31 21:00:00',1,'{ๅsLๆ๓\0%','\Zqฌ๔ไ\0%'),('2015-12-31 21:00:00',1,'{็sLๆ๓\0%','\Zqฌ๔ไ\0%'),('2015-12-31 21:00:00',1,'{้sLๆ๓\0%','\Zqฌ๔ไ\0%'),('2015-12-31 21:00:00',1,'{๋sLๆ๓\0%','\Zqฌ๔ไ\0%'),('2015-12-31 21:00:00',1,'{ํsLๆ๓\0%','\Zqฌ๔ไ\0%'),('2015-12-31 21:00:00',1,'{๏sLๆ๓\0%','\Zqฌ๔ไ\0%'),('2015-12-31 21:00:00',0,'{๑sLๆ๓\0%','\Zqฌ๔ไ\0%'),('2015-12-31 21:00:00',0,'{๓sLๆ๓\0%','\Zqฌ๔ไ\0%'),('2015-12-31 21:00:00',0,'{๕sLๆ๓\0%','\Zqฌ๔ไ\0%'),('2015-12-31 21:00:00',0,'{๗sLๆ๓\0%','\Zqฌ๔ไ\0%'),('2014-04-13 20:00:00',1,'oพำsLๆ๓\0%','\'\'%<ร๔ไO\0%'),('2014-04-13 20:00:00',1,'oพีsLๆ๓\0%','\'\'%<ร๔ไO\0%'),('2014-04-13 20:00:00',1,'oพืsLๆ๓\0%','\'\'%<ร๔ไO\0%'),('2014-04-13 20:00:00',1,'oพูsLๆ๓\0%','\'\'%<ร๔ไO\0%'),('2014-04-13 20:00:00',1,'oพsLๆ๓\0%','\'\'%<ร๔ไO\0%'),('2014-04-13 20:00:00',1,'oพsLๆ๓\0%','\'\'%<ร๔ไO\0%'),('2014-04-13 20:00:00',1,'oพ฿sLๆ๓\0%','\'\'%<ร๔ไO\0%'),('2014-04-13 20:00:00',1,'oพแsLๆ๓\0%','\'\'%<ร๔ไO\0%'),('2014-04-13 20:00:00',1,'oพใsLๆ๓\0%','\'\'%<ร๔ไO\0%'),('2014-04-13 20:00:00',1,'oพๅsLๆ๓\0%','\'\'%<ร๔ไO\0%'),('2014-04-13 20:00:00',1,'oพ็sLๆ๓\0%','\'\'%<ร๔ไO\0%'),('2014-04-13 20:00:00',1,'oพ้sLๆ๓\0%','\'\'%<ร๔ไO\0%'),('2014-04-13 20:00:00',1,'oพ๓sLๆ๓\0%','\'\'%<ร๔ไO\0%'),('2014-04-13 20:00:00',1,'oพ๕sLๆ๓\0%','\'\'%<ร๔ไO\0%'),('2015-12-31 21:00:00',1,'่s(ๆ๓\0%','>kะTๆญj\0%'),('2015-12-31 21:00:00',1,'่s(ๆ๓\0%','>kะTๆญj\0%'),('2015-12-31 21:00:00',1,'่s(ๆ๓\0%','>kะTๆญj\0%'),('2015-12-31 21:00:00',1,'่!s(ๆ๓\0%','>kะTๆญj\0%'),('2015-12-31 21:00:00',1,'่#s(ๆ๓\0%','>kะTๆญj\0%'),('2015-12-31 21:00:00',1,'่%s(ๆ๓\0%','>kะTๆญj\0%'),('2015-12-31 21:00:00',1,'่\'s(ๆ๓\0%','>kะTๆญj\0%'),('2015-12-31 21:00:00',1,'่)s(ๆ๓\0%','>kะTๆญj\0%'),('2015-12-31 21:00:00',1,'่+s(ๆ๓\0%','>kะTๆญj\0%'),('2015-12-31 21:00:00',1,'่-s(ๆ๓\0%','>kะTๆญj\0%'),('2015-12-31 21:00:00',1,'่/s(ๆ๓\0%','>kะTๆญj\0%'),('2015-12-31 21:00:00',1,'่1s(ๆ๓\0%','>kะTๆญj\0%'),('2015-12-31 21:00:00',1,'่3s(ๆ๓\0%','>kะTๆญj\0%'),('2015-12-31 21:00:00',1,'่5s(ๆ๓\0%','>kะTๆญj\0%'),('2015-12-31 21:00:00',1,'่7s(ๆ๓\0%','>kะTๆญj\0%'),('2015-12-31 21:00:00',1,'่9s(ๆ๓\0%','>kะTๆญj\0%'),('2015-12-31 21:00:00',1,'่;s(ๆ๓\0%','>kะTๆญj\0%'),('2015-12-31 21:00:00',1,'oผssLๆ๓\0%','>kะTๆญj\0%'),('2015-12-31 21:00:00',1,'oผusLๆ๓\0%','>kะTๆญj\0%'),('2015-12-31 21:00:00',1,'oผwsLๆ๓\0%','>kะTๆญj\0%'),('2014-04-13 20:00:00',1,'oฝัsLๆ๓\0%','O\06ฌนไ\0%'),('2014-04-13 20:00:00',1,'oฝำsLๆ๓\0%','O\06ฌนไ\0%'),('2014-04-13 20:00:00',1,'oฝีsLๆ๓\0%','O\06ฌนไ\0%'),('2014-04-13 20:00:00',1,'oฝืsLๆ๓\0%','O\06ฌนไ\0%'),('2014-04-13 20:00:00',1,'oฝูsLๆ๓\0%','O\06ฌนไ\0%'),('2014-04-13 20:00:00',1,'oฝsLๆ๓\0%','O\06ฌนไ\0%'),('2014-04-13 20:00:00',1,'oฝsLๆ๓\0%','O\06ฌนไ\0%'),('2014-04-13 20:00:00',1,'oฝ฿sLๆ๓\0%','O\06ฌนไ\0%'),('2014-04-13 20:00:00',1,'oฝแsLๆ๓\0%','O\06ฌนไ\0%'),('2014-04-13 20:00:00',1,'oฝใsLๆ๓\0%','O\06ฌนไ\0%'),('2014-04-13 20:00:00',1,'oฝๅsLๆ๓\0%','O\06ฌนไ\0%'),('2014-04-13 20:00:00',1,'oฝ็sLๆ๓\0%','O\06ฌนไ\0%'),('2014-04-13 20:00:00',1,'oฝ้sLๆ๓\0%','O\06ฌนไ\0%'),('2014-04-13 20:00:00',1,'oฝ๋sLๆ๓\0%','O\06ฌนไ\0%'),('2014-04-13 20:00:00',1,'oพ๋sLๆ๓\0%','O\06ฌนไ\0%'),('2015-12-31 21:00:00',1,'oฟisLๆ๓\0%','O2W!ห	ๅงช\0%'),('2015-12-31 21:00:00',1,'oฟksLๆ๓\0%','O2W!ห	ๅงช\0%'),('2015-12-31 21:00:00',1,'oฟmsLๆ๓\0%','O2W!ห	ๅงช\0%'),('2015-12-31 21:00:00',1,'{WsLๆ๓\0%','O2W!ห	ๅงช\0%'),('2015-12-31 21:00:00',1,'{YsLๆ๓\0%','O2W!ห	ๅงช\0%'),('2015-12-31 21:00:00',1,'{[sLๆ๓\0%','O2W!ห	ๅงช\0%'),('2015-12-31 21:00:00',1,'{]sLๆ๓\0%','O2W!ห	ๅงช\0%'),('2015-12-31 21:00:00',1,'{_sLๆ๓\0%','O2W!ห	ๅงช\0%'),('2015-12-31 21:00:00',1,'{asLๆ๓\0%','O2W!ห	ๅงช\0%'),('2015-12-31 21:00:00',1,'{csLๆ๓\0%','O2W!ห	ๅงช\0%'),('2015-12-31 21:00:00',1,'{esLๆ๓\0%','O2W!ห	ๅงช\0%'),('2015-12-31 21:00:00',1,'{gsLๆ๓\0%','O2W!ห	ๅงช\0%'),('2015-12-31 21:00:00',1,'{isLๆ๓\0%','O2W!ห	ๅงช\0%'),('2015-12-31 21:00:00',1,'{ksLๆ๓\0%','O2W!ห	ๅงช\0%'),('2015-12-31 21:00:00',1,'{msLๆ๓\0%','O2W!ห	ๅงช\0%'),('2015-12-31 21:00:00',1,'{osLๆ๓\0%','O2W!ห	ๅงช\0%'),('2015-12-31 21:00:00',1,'{qsLๆ๓\0%','O2W!ห	ๅงช\0%'),('2015-12-31 21:00:00',1,'{ssLๆ๓\0%','O2W!ห	ๅงช\0%'),('2015-12-31 21:00:00',1,'{usLๆ๓\0%','O2W!ห	ๅงช\0%'),('2015-12-31 21:00:00',1,'{wsLๆ๓\0%','O2W!ห	ๅงช\0%'),('2015-12-31 21:00:00',1,'{ysLๆ๓\0%','O2W!ห	ๅงช\0%'),('2015-12-31 21:00:00',1,'{{sLๆ๓\0%','O2W!ห	ๅงช\0%'),('2015-12-31 21:00:00',1,'{}sLๆ๓\0%','O2W!ห	ๅงช\0%'),('2015-12-31 21:00:00',1,'{sLๆ๓\0%','O2W!ห	ๅงช\0%'),('2015-12-31 21:00:00',1,'{sLๆ๓\0%','O2W!ห	ๅงช\0%'),('2015-12-31 21:00:00',1,'{sLๆ๓\0%','O2W!ห	ๅงช\0%'),('2015-12-31 21:00:00',1,'{sLๆ๓\0%','O2W!ห	ๅงช\0%'),('2015-12-31 21:00:00',1,'oผysLๆ๓\0%','OldBๆ๓\0%'),('2015-12-31 21:00:00',1,'oผ{sLๆ๓\0%','OldBๆ๓\0%'),('2015-12-31 21:00:00',1,'oผ}sLๆ๓\0%','OldBๆ๓\0%'),('2015-12-31 21:00:00',1,'oผsLๆ๓\0%','OldBๆ๓\0%'),('2015-12-31 21:00:00',1,'oผsLๆ๓\0%','OldBๆ๓\0%'),('2015-12-31 21:00:00',1,'oผsLๆ๓\0%','OldBๆ๓\0%'),('2015-12-31 21:00:00',1,'oผsLๆ๓\0%','OldBๆ๓\0%'),('2015-12-31 21:00:00',1,'oผsLๆ๓\0%','OldBๆ๓\0%'),('2015-12-31 21:00:00',1,'oผsLๆ๓\0%','OldBๆ๓\0%'),('2015-12-31 21:00:00',1,'oผsLๆ๓\0%','OldBๆ๓\0%'),('2015-12-31 21:00:00',1,'oผsLๆ๓\0%','OldBๆ๓\0%'),('2015-12-31 21:00:00',1,'oผsLๆ๓\0%','OldBๆ๓\0%'),('2015-12-31 21:00:00',1,'oผsLๆ๓\0%','OldBๆ๓\0%'),('2015-12-31 21:00:00',1,'oผsLๆ๓\0%','OldBๆ๓\0%'),('2015-12-31 21:00:00',1,'oผsLๆ๓\0%','OldBๆ๓\0%'),('2015-12-31 21:00:00',1,'oผsLๆ๓\0%','OldBๆ๓\0%'),('2015-12-31 21:00:00',1,'oผsLๆ๓\0%','OldBๆ๓\0%'),('2015-12-31 21:00:00',1,'oผsLๆ๓\0%','OldBๆ๓\0%'),('2015-12-31 21:00:00',1,'oผsLๆ๓\0%','OldBๆ๓\0%'),('2015-12-31 21:00:00',1,'oผsLๆ๓\0%','OldBๆ๓\0%'),('2015-12-31 21:00:00',1,'oผกsLๆ๓\0%','OldBๆ๓\0%'),('2015-12-31 21:00:00',1,'oผฃsLๆ๓\0%','OldBๆ๓\0%'),('2015-12-31 21:00:00',1,'oผฅsLๆ๓\0%','OldBๆ๓\0%'),('2015-12-31 21:00:00',1,'oผงsLๆ๓\0%','OldBๆ๓\0%'),('2015-12-31 21:00:00',1,'oผฉsLๆ๓\0%','OldBๆ๓\0%'),('2015-12-31 21:00:00',1,'oผซsLๆ๓\0%','OldBๆ๓\0%'),('2015-12-31 21:00:00',1,'oผญsLๆ๓\0%','OldBๆ๓\0%'),('2014-04-13 20:00:00',1,'oฝsLๆ๓\0%','`ิcxPๅR\0%'),('2014-04-13 20:00:00',1,'oพsLๆ๓\0%','`ิcxPๅR\0%'),('2014-04-13 20:00:00',1,'oพsLๆ๓\0%','`ิcxPๅR\0%'),('2014-04-13 20:00:00',1,'oพsLๆ๓\0%','`ิcxPๅR\0%'),('2014-04-13 20:00:00',1,'oฝ/sLๆ๓\0%','dfCฌ9ไ\0%'),('2014-04-13 20:00:00',1,'oฝ1sLๆ๓\0%','dfCฌ9ไ\0%'),('2014-04-13 20:00:00',1,'oฝ3sLๆ๓\0%','dfCฌ9ไ\0%'),('2014-04-13 20:00:00',1,'oฝ5sLๆ๓\0%','dfCฌ9ไ\0%'),('2014-04-13 20:00:00',1,'oฝ7sLๆ๓\0%','dfCฌ9ไ\0%'),('2014-04-13 20:00:00',1,'oฝ9sLๆ๓\0%','dfCฌ9ไ\0%'),('2014-04-13 20:00:00',1,'oฝ;sLๆ๓\0%','dfCฌ9ไ\0%'),('2014-04-13 20:00:00',1,'oฝ=sLๆ๓\0%','dfCฌ9ไ\0%'),('2014-04-13 20:00:00',1,'oฝ?sLๆ๓\0%','dfCฌ9ไ\0%'),('2014-04-13 20:00:00',1,'oฝAsLๆ๓\0%','dfCฌ9ไ\0%'),('2014-04-13 20:00:00',1,'oฝCsLๆ๓\0%','dfCฌ9ไ\0%'),('2014-04-13 20:00:00',1,'oฝEsLๆ๓\0%','dfCฌ9ไ\0%'),('2014-04-13 20:00:00',1,'oฝGsLๆ๓\0%','dfCฌ9ไ\0%'),('2014-04-13 20:00:00',1,'oฝIsLๆ๓\0%','dfCฌ9ไ\0%'),('2014-04-13 20:00:00',1,'oฝKsLๆ๓\0%','dfCฌ9ไ\0%'),('2014-04-13 20:00:00',1,'oฝMsLๆ๓\0%','dfCฌ9ไ\0%'),('2014-04-13 20:00:00',1,'oพ1sLๆ๓\0%','dfJฌ9ไ\0%'),('2014-04-13 20:00:00',1,'oพ3sLๆ๓\0%','dfJฌ9ไ\0%'),('2014-04-13 20:00:00',1,'oพ5sLๆ๓\0%','dfJฌ9ไ\0%'),('2014-04-13 20:00:00',1,'oพ7sLๆ๓\0%','dfJฌ9ไ\0%'),('2014-04-13 20:00:00',1,'oพ9sLๆ๓\0%','dfJฌ9ไ\0%'),('2014-04-13 20:00:00',1,'oพ;sLๆ๓\0%','dfJฌ9ไ\0%'),('2014-04-13 20:00:00',1,'oพ=sLๆ๓\0%','dfJฌ9ไ\0%'),('2014-04-13 20:00:00',1,'oพ?sLๆ๓\0%','dfJฌ9ไ\0%'),('2014-04-13 20:00:00',1,'oพAsLๆ๓\0%','dfJฌ9ไ\0%'),('2014-04-13 20:00:00',1,'oพCsLๆ๓\0%','dfJฌ9ไ\0%'),('2014-04-13 20:00:00',1,'oพEsLๆ๓\0%','dfJฌ9ไ\0%'),('2014-04-13 20:00:00',1,'oพGsLๆ๓\0%','dfJฌ9ไ\0%'),('2014-04-13 20:00:00',1,'oพIsLๆ๓\0%','dfJฌ9ไ\0%'),('2014-04-13 20:00:00',1,'oพKsLๆ๓\0%','dfJฌ9ไ\0%'),('2014-04-13 20:00:00',1,'oพMsLๆ๓\0%','dfJฌ9ไ\0%'),('2014-04-13 20:00:00',1,'oพOsLๆ๓\0%','dfJฌ9ไ\0%'),('2014-04-13 20:00:00',1,'oพQsLๆ๓\0%','dfJฌ9ไ\0%'),('2014-04-13 20:00:00',1,'oพSsLๆ๓\0%','dfJฌ9ไ\0%'),('2014-04-13 20:00:00',1,'oพUsLๆ๓\0%','dfJฌ9ไ\0%'),('2014-04-13 20:00:00',1,'oพWsLๆ๓\0%','dfJฌ9ไ\0%'),('2014-04-13 20:00:00',1,'oพYsLๆ๓\0%','dfJฌ9ไ\0%'),('2014-04-13 20:00:00',1,'oพ[sLๆ๓\0%','dfJฌ9ไ\0%'),('2014-04-13 20:00:00',1,'oพ]sLๆ๓\0%','dfJฌ9ไ\0%'),('2014-04-13 20:00:00',1,'oพ_sLๆ๓\0%','dfJฌ9ไ\0%'),('2014-04-13 20:00:00',1,'oพasLๆ๓\0%','dfJฌ9ไ\0%'),('2014-04-13 20:00:00',1,'oพcsLๆ๓\0%','dfJฌ9ไ\0%'),('2014-04-13 20:00:00',1,'oพesLๆ๓\0%','dfJฌ9ไ\0%'),('2014-04-13 20:00:00',1,'oพgsLๆ๓\0%','dfJฌ9ไ\0%'),('2014-04-13 20:00:00',1,'oพisLๆ๓\0%','dfJฌ9ไ\0%'),('2014-04-13 20:00:00',1,'oฝ\rsLๆ๓\0%','dfQฌ9ไ\0%'),('2014-04-13 20:00:00',1,'oฝsLๆ๓\0%','dfQฌ9ไ\0%'),('2014-04-13 20:00:00',1,'oฝsLๆ๓\0%','dfQฌ9ไ\0%'),('2014-04-13 20:00:00',1,'oฝsLๆ๓\0%','dfQฌ9ไ\0%'),('2014-04-13 20:00:00',1,'oฝsLๆ๓\0%','dfQฌ9ไ\0%'),('2014-04-13 20:00:00',1,'oฝsLๆ๓\0%','dfQฌ9ไ\0%'),('2014-04-13 20:00:00',1,'oฝsLๆ๓\0%','dfQฌ9ไ\0%'),('2014-04-13 20:00:00',1,'oฝsLๆ๓\0%','dfQฌ9ไ\0%'),('2014-04-13 20:00:00',1,'oฝณsLๆ๓\0%','df[ฌ9ไ\0%'),('2014-04-13 20:00:00',1,'oฝตsLๆ๓\0%','df[ฌ9ไ\0%'),('2014-04-13 20:00:00',1,'oฝทsLๆ๓\0%','df[ฌ9ไ\0%'),('2014-04-13 20:00:00',1,'oฝนsLๆ๓\0%','df[ฌ9ไ\0%'),('2014-04-13 20:00:00',1,'oฝปsLๆ๓\0%','df[ฌ9ไ\0%'),('2014-04-13 20:00:00',1,'oฝฝsLๆ๓\0%','df[ฌ9ไ\0%'),('2014-04-13 20:00:00',1,'oฝฟsLๆ๓\0%','df[ฌ9ไ\0%'),('2014-04-13 20:00:00',1,'oฝมsLๆ๓\0%','df[ฌ9ไ\0%'),('2014-04-13 20:00:00',1,'oฝลsLๆ๓\0%','df[ฌ9ไ\0%'),('2014-04-13 20:00:00',1,'oฝวsLๆ๓\0%','df[ฌ9ไ\0%'),('2014-04-13 20:00:00',1,'oฝษsLๆ๓\0%','df[ฌ9ไ\0%'),('2014-04-13 20:00:00',1,'oฝหsLๆ๓\0%','df[ฌ9ไ\0%'),('2014-04-13 20:00:00',1,'oฝอsLๆ๓\0%','df[ฌ9ไ\0%'),('2014-04-13 20:00:00',1,'oฝฯsLๆ๓\0%','df[ฌ9ไ\0%'),('2014-04-13 20:00:00',1,'oพํsLๆ๓\0%','df[ฌ9ไ\0%'),('2014-04-13 20:00:00',1,'oพ๏sLๆ๓\0%','df[ฌ9ไ\0%'),('2014-04-13 20:00:00',1,'oพ๑sLๆ๓\0%','df[ฌ9ไ\0%'),('2014-04-13 20:00:00',1,'oผฏsLๆ๓\0%','dfbฌ9ไ\0%'),('2014-04-13 20:00:00',1,'oผฑsLๆ๓\0%','dfbฌ9ไ\0%'),('2014-04-13 20:00:00',1,'oผณsLๆ๓\0%','dfbฌ9ไ\0%'),('2014-04-13 20:00:00',1,'oผตsLๆ๓\0%','dfbฌ9ไ\0%'),('2014-04-13 20:00:00',1,'oผทsLๆ๓\0%','dfbฌ9ไ\0%'),('2014-04-13 20:00:00',1,'oผนsLๆ๓\0%','dfbฌ9ไ\0%'),('2014-04-13 20:00:00',1,'oผปsLๆ๓\0%','dfbฌ9ไ\0%'),('2014-04-13 20:00:00',1,'oผฝsLๆ๓\0%','dfbฌ9ไ\0%'),('2014-04-13 20:00:00',1,'oผฟsLๆ๓\0%','dfbฌ9ไ\0%'),('2014-04-13 20:00:00',1,'oผมsLๆ๓\0%','dfbฌ9ไ\0%'),('2014-04-13 20:00:00',1,'oผรsLๆ๓\0%','dfbฌ9ไ\0%'),('2014-04-13 20:00:00',1,'oผลsLๆ๓\0%','dfbฌ9ไ\0%'),('2014-04-13 20:00:00',1,'oผวsLๆ๓\0%','dfbฌ9ไ\0%'),('2014-04-13 20:00:00',1,'oผษsLๆ๓\0%','dfbฌ9ไ\0%'),('2014-04-13 20:00:00',1,'oผหsLๆ๓\0%','dfbฌ9ไ\0%'),('2014-04-13 20:00:00',1,'oผอsLๆ๓\0%','dfbฌ9ไ\0%'),('2014-04-13 20:00:00',1,'oผฯsLๆ๓\0%','dfbฌ9ไ\0%'),('2014-04-13 20:00:00',1,'oผัsLๆ๓\0%','dfbฌ9ไ\0%'),('2014-04-13 20:00:00',1,'oผำsLๆ๓\0%','dfbฌ9ไ\0%'),('2014-04-13 20:00:00',1,'oผีsLๆ๓\0%','dfbฌ9ไ\0%'),('2014-04-13 20:00:00',1,'oผืsLๆ๓\0%','dfbฌ9ไ\0%'),('2014-04-13 20:00:00',1,'oผูsLๆ๓\0%','dfbฌ9ไ\0%'),('2014-04-13 20:00:00',1,'oผsLๆ๓\0%','dfbฌ9ไ\0%'),('2014-04-13 20:00:00',1,'oผsLๆ๓\0%','dfbฌ9ไ\0%'),('2014-04-13 20:00:00',1,'oผ฿sLๆ๓\0%','dfbฌ9ไ\0%'),('2014-04-13 20:00:00',1,'oฝsLๆ๓\0%','dfiฌ9ไ\0%'),('2014-04-13 20:00:00',1,'oฝsLๆ๓\0%','dfiฌ9ไ\0%'),('2014-04-13 20:00:00',1,'oฝsLๆ๓\0%','dfiฌ9ไ\0%'),('2014-04-13 20:00:00',1,'oฝsLๆ๓\0%','dfiฌ9ไ\0%'),('2014-04-13 20:00:00',1,'oฝsLๆ๓\0%','dfiฌ9ไ\0%'),('2014-04-13 20:00:00',1,'oฝsLๆ๓\0%','dfiฌ9ไ\0%'),('2014-04-13 20:00:00',1,'oฝsLๆ๓\0%','dfiฌ9ไ\0%'),('2014-04-13 20:00:00',1,'oฝsLๆ๓\0%','dfiฌ9ไ\0%'),('2014-04-13 20:00:00',1,'oฝsLๆ๓\0%','dfiฌ9ไ\0%'),('2014-04-13 20:00:00',1,'oฝsLๆ๓\0%','dfiฌ9ไ\0%'),('2014-04-13 20:00:00',1,'oผแsLๆ๓\0%','dfpฌ9ไ\0%'),('2014-04-13 20:00:00',1,'oผใsLๆ๓\0%','dfpฌ9ไ\0%'),('2014-04-13 20:00:00',1,'oผๅsLๆ๓\0%','dfpฌ9ไ\0%'),('2014-04-13 20:00:00',1,'oผ็sLๆ๓\0%','dfpฌ9ไ\0%'),('2014-04-13 20:00:00',1,'oผ้sLๆ๓\0%','dfpฌ9ไ\0%'),('2014-04-13 20:00:00',1,'oผ๋sLๆ๓\0%','dfpฌ9ไ\0%'),('2014-04-13 20:00:00',1,'oผํsLๆ๓\0%','dfpฌ9ไ\0%'),('2014-04-13 20:00:00',1,'oผ๏sLๆ๓\0%','dfpฌ9ไ\0%'),('2014-04-13 20:00:00',1,'oผ๑sLๆ๓\0%','dfpฌ9ไ\0%'),('2014-04-13 20:00:00',1,'oผ๓sLๆ๓\0%','dfpฌ9ไ\0%'),('2014-04-13 20:00:00',1,'oผ๕sLๆ๓\0%','dfpฌ9ไ\0%'),('2014-04-13 20:00:00',1,'oผ๗sLๆ๓\0%','dfpฌ9ไ\0%'),('2014-04-13 20:00:00',1,'oพsLๆ๓\0%','dfpฌ9ไ\0%'),('2014-04-13 20:00:00',1,'oพ	sLๆ๓\0%','dfpฌ9ไ\0%'),('2014-04-13 20:00:00',1,'oพsLๆ๓\0%','dfpฌ9ไ\0%'),('2014-04-13 20:00:00',1,'oพ\rsLๆ๓\0%','dfpฌ9ไ\0%'),('2014-04-13 20:00:00',1,'oพsLๆ๓\0%','dfpฌ9ไ\0%'),('2014-04-13 20:00:00',1,'oพ{sLๆ๓\0%','dfwฌ9ไ\0%'),('2014-04-13 20:00:00',1,'oพ}sLๆ๓\0%','dfwฌ9ไ\0%'),('2014-04-13 20:00:00',1,'oพsLๆ๓\0%','dfwฌ9ไ\0%'),('2014-04-13 20:00:00',1,'oพsLๆ๓\0%','dfwฌ9ไ\0%'),('2014-04-13 20:00:00',1,'oพsLๆ๓\0%','dfwฌ9ไ\0%'),('2014-04-13 20:00:00',1,'oพsLๆ๓\0%','dfwฌ9ไ\0%'),('2014-04-13 20:00:00',1,'oพsLๆ๓\0%','dfwฌ9ไ\0%'),('2014-04-13 20:00:00',1,'oพsLๆ๓\0%','dfwฌ9ไ\0%'),('2014-04-13 20:00:00',1,'oพsLๆ๓\0%','dfwฌ9ไ\0%'),('2014-04-13 20:00:00',1,'oพsLๆ๓\0%','dfwฌ9ไ\0%'),('2014-04-13 20:00:00',1,'oพsLๆ๓\0%','dfwฌ9ไ\0%'),('2014-04-13 20:00:00',1,'oพsLๆ๓\0%','dfwฌ9ไ\0%'),('2014-04-13 20:00:00',1,'oพsLๆ๓\0%','dfwฌ9ไ\0%'),('2015-12-31 21:00:00',1,'{KsLๆ๓\0%','ๆ^iณๆ๓\0%'),('2015-12-31 21:00:00',1,'{MsLๆ๓\0%','ๆ^iณๆ๓\0%'),('2015-12-31 21:00:00',1,'{OsLๆ๓\0%','ๆ^iณๆ๓\0%'),('2015-12-31 21:00:00',1,'{QsLๆ๓\0%','ๆ^iณๆ๓\0%'),('2015-12-31 21:00:00',1,'{SsLๆ๓\0%','ๆ^iณๆ๓\0%'),('2015-12-31 21:00:00',1,'{UsLๆ๓\0%','ๆ^iณๆ๓\0%'),('2015-12-31 21:00:00',1,'{WsLๆ๓\0%','ๆ^iณๆ๓\0%'),('2015-12-31 21:00:00',1,'{YsLๆ๓\0%','ๆ^iณๆ๓\0%'),('2015-12-31 21:00:00',1,'{[sLๆ๓\0%','ๆ^iณๆ๓\0%'),('2015-12-31 21:00:00',1,'{]sLๆ๓\0%','ๆ^iณๆ๓\0%'),('2015-12-31 21:00:00',1,'{_sLๆ๓\0%','ๆ^iณๆ๓\0%'),('2015-12-31 21:00:00',1,'{asLๆ๓\0%','ๆ^iณๆ๓\0%'),('2015-12-31 21:00:00',1,'{csLๆ๓\0%','ๆ^iณๆ๓\0%'),('2015-12-31 21:00:00',1,'{esLๆ๓\0%','ๆ^iณๆ๓\0%'),('2015-12-31 21:00:00',1,'{gsLๆ๓\0%','ๆ^iณๆ๓\0%'),('2015-12-31 21:00:00',1,'{isLๆ๓\0%','ๆ^iณๆ๓\0%'),('2015-12-31 21:00:00',1,'{ksLๆ๓\0%','ๆ^iณๆ๓\0%'),('2015-12-31 21:00:00',1,'{msLๆ๓\0%','ๆ^iณๆ๓\0%'),('2015-12-31 21:00:00',1,'{osLๆ๓\0%','ๆ^iณๆ๓\0%'),('2015-12-31 21:00:00',1,'{qsLๆ๓\0%','ๆ^iณๆ๓\0%'),('2015-12-31 21:00:00',1,'{ssLๆ๓\0%','ๆ^iณๆ๓\0%'),('2015-12-31 21:00:00',1,'{๙sLๆ๓\0%','ๆ{iณๆ๓\0%'),('2015-12-31 21:00:00',1,'{๛sLๆ๓\0%','ๆ{iณๆ๓\0%'),('2015-12-31 21:00:00',1,'{sLๆ๓\0%','ๆ{iณๆ๓\0%'),('2015-12-31 21:00:00',1,'{sLๆ๓\0%','ๆ{iณๆ๓\0%'),('2015-12-31 21:00:00',1,'{sLๆ๓\0%','ๆ{iณๆ๓\0%'),('2015-12-31 21:00:00',1,'{sLๆ๓\0%','ๆ{iณๆ๓\0%'),('2015-12-31 21:00:00',1,'{sLๆ๓\0%','ๆ{iณๆ๓\0%'),('2015-12-31 21:00:00',1,'{sLๆ๓\0%','ๆ{iณๆ๓\0%'),('2015-12-31 21:00:00',1,'{	sLๆ๓\0%','ๆ{iณๆ๓\0%'),('2015-12-31 21:00:00',1,'{sLๆ๓\0%','ๆ{iณๆ๓\0%'),('2015-12-31 21:00:00',1,'{\rsLๆ๓\0%','ๆ{iณๆ๓\0%'),('2015-12-31 21:00:00',1,'{sLๆ๓\0%','ๆ{iณๆ๓\0%'),('2015-12-31 21:00:00',1,'{sLๆ๓\0%','ๆ{iณๆ๓\0%'),('2015-12-31 21:00:00',1,'{sLๆ๓\0%','ๆ{iณๆ๓\0%'),('2015-12-31 21:00:00',1,'{sLๆ๓\0%','ๆ{iณๆ๓\0%'),('2015-12-31 21:00:00',1,'{sLๆ๓\0%','ๆ{iณๆ๓\0%'),('2015-12-31 21:00:00',1,'{sLๆ๓\0%','ๆ{iณๆ๓\0%'),('2015-12-31 21:00:00',1,'{sLๆ๓\0%','ๆ{iณๆ๓\0%'),('2015-12-31 21:00:00',1,'{sLๆ๓\0%','ๆ{iณๆ๓\0%'),('2015-12-31 21:00:00',1,'{sLๆ๓\0%','ๆ{iณๆ๓\0%'),('2015-12-31 21:00:00',1,'{!sLๆ๓\0%','ๆ{iณๆ๓\0%'),('2015-12-31 21:00:00',1,'{#sLๆ๓\0%','ๆ{iณๆ๓\0%'),('2015-12-31 21:00:00',1,'{%sLๆ๓\0%','ๆ{iณๆ๓\0%'),('2015-12-31 21:00:00',1,'{\'sLๆ๓\0%','ๆ{iณๆ๓\0%'),('2015-12-31 21:00:00',1,'{)sLๆ๓\0%','ๆ{iณๆ๓\0%'),('2015-12-31 21:00:00',1,'{+sLๆ๓\0%','ๆ{iณๆ๓\0%'),('2015-12-31 21:00:00',1,'{-sLๆ๓\0%','ๆ{iณๆ๓\0%'),('2015-12-31 21:00:00',1,'{/sLๆ๓\0%','ๆ{iณๆ๓\0%'),('2015-12-31 21:00:00',1,'{1sLๆ๓\0%','ๆ{iณๆ๓\0%'),('2015-12-31 21:00:00',1,'{3sLๆ๓\0%','ๆ{iณๆ๓\0%'),('2015-12-31 21:00:00',1,'{5sLๆ๓\0%','ๆ{iณๆ๓\0%'),('2015-12-31 21:00:00',1,'{7sLๆ๓\0%','ๆ{iณๆ๓\0%'),('2015-12-31 21:00:00',1,'{9sLๆ๓\0%','ๆ{iณๆ๓\0%'),('2015-12-31 21:00:00',1,'{;sLๆ๓\0%','ๆ{iณๆ๓\0%'),('2015-12-31 21:00:00',1,'{=sLๆ๓\0%','ๆ{iณๆ๓\0%'),('2015-12-31 21:00:00',1,'{?sLๆ๓\0%','ๆ{iณๆ๓\0%'),('2015-12-31 21:00:00',1,'{AsLๆ๓\0%','ๆ{iณๆ๓\0%'),('2015-12-31 21:00:00',1,'{CsLๆ๓\0%','ๆ{iณๆ๓\0%'),('2015-12-31 21:00:00',1,'{EsLๆ๓\0%','ๆ{iณๆ๓\0%'),('2015-12-31 21:00:00',1,'{GsLๆ๓\0%','ๆ{iณๆ๓\0%'),('2015-12-31 21:00:00',1,'{IsLๆ๓\0%','ๆ{iณๆ๓\0%'),('2015-12-31 21:00:00',1,'{KsLๆ๓\0%','ๆ{iณๆ๓\0%'),('2015-12-31 21:00:00',1,'{MsLๆ๓\0%','ๆ{iณๆ๓\0%'),('2015-12-31 21:00:00',1,'{OsLๆ๓\0%','ๆ{iณๆ๓\0%'),('2015-12-31 21:00:00',1,'{QsLๆ๓\0%','ๆ{iณๆ๓\0%'),('2015-12-31 21:00:00',1,'{SsLๆ๓\0%','ๆ{iณๆ๓\0%'),('2015-12-31 21:00:00',1,'{UsLๆ๓\0%','ๆ{iณๆ๓\0%'),('2014-04-13 20:00:00',1,'oผ๙sLๆ๓\0%','gฌQไ\0%'),('2014-04-13 20:00:00',1,'oผ๛sLๆ๓\0%','gฌQไ\0%'),('2014-04-13 20:00:00',1,'oผsLๆ๓\0%','gฌQไ\0%'),('2014-04-13 20:00:00',1,'oผsLๆ๓\0%','gฌQไ\0%'),('2014-04-13 20:00:00',1,'oฝsLๆ๓\0%','gฌQไ\0%'),('2014-04-13 20:00:00',1,'oฝsLๆ๓\0%','gฌQไ\0%'),('2014-04-13 20:00:00',1,'oฝsLๆ๓\0%','gฌQไ\0%'),('2014-04-13 20:00:00',1,'oฝsLๆ๓\0%','gฌQไ\0%'),('2014-04-13 20:00:00',1,'oฝ	sLๆ๓\0%','gฌQไ\0%'),('2014-04-13 20:00:00',1,'oฝsLๆ๓\0%','gฌQไ\0%'),('2014-04-13 20:00:00',1,'oพsLๆ๓\0%','gฌQไ\0%'),('2014-04-13 20:00:00',1,'oพsLๆ๓\0%','gฌQไ\0%'),('2014-04-13 20:00:00',1,'oพsLๆ๓\0%','gฌQไ\0%'),('2014-04-13 20:00:00',1,'oพsLๆ๓\0%','gฌQไ\0%'),('2014-04-13 20:00:00',1,'oพsLๆ๓\0%','gฌQไ\0%'),('2014-04-13 20:00:00',1,'oพsLๆ๓\0%','gฌQไ\0%'),('2014-04-13 20:00:00',1,'oพsLๆ๓\0%','gฌQไ\0%'),('2014-04-13 20:00:00',1,'oพsLๆ๓\0%','gฌQไ\0%'),('2014-04-13 20:00:00',1,'oพ!sLๆ๓\0%','gฌQไ\0%'),('2014-04-13 20:00:00',1,'oพ#sLๆ๓\0%','gฌQไ\0%'),('2014-04-13 20:00:00',1,'oพ%sLๆ๓\0%','gฌQไ\0%'),('2014-04-13 20:00:00',1,'oพ\'sLๆ๓\0%','gฌQไ\0%'),('2014-04-13 20:00:00',1,'oพ)sLๆ๓\0%','gฌQไ\0%'),('2014-04-13 20:00:00',1,'oพ+sLๆ๓\0%','gฌQไ\0%'),('2014-04-13 20:00:00',1,'oพ-sLๆ๓\0%','gฌQไ\0%'),('2014-04-13 20:00:00',1,'oพ/sLๆ๓\0%','gฌQไ\0%'),('2014-04-13 20:00:00',1,'oฝรsLๆ๓\0%','gฌQไ\0%'),('2014-04-13 20:00:00',1,'oฝasLๆ๓\0%','gฌQไ\0%'),('2014-04-13 20:00:00',1,'oฝcsLๆ๓\0%','gฌQไ\0%'),('2014-04-13 20:00:00',1,'oฝesLๆ๓\0%','gฌQไ\0%'),('2014-04-13 20:00:00',1,'oฝgsLๆ๓\0%','gฌQไ\0%'),('2014-04-13 20:00:00',1,'oฝisLๆ๓\0%','gฌQไ\0%'),('2014-04-13 20:00:00',1,'oฝksLๆ๓\0%','gฌQไ\0%'),('2014-04-13 20:00:00',1,'oฝmsLๆ๓\0%','gฌQไ\0%'),('2014-04-13 20:00:00',1,'oฝosLๆ๓\0%','gฌQไ\0%'),('2014-04-13 20:00:00',1,'oฝqsLๆ๓\0%','gฌQไ\0%'),('2014-04-13 20:00:00',1,'oฝssLๆ๓\0%','gฌQไ\0%'),('2014-04-13 20:00:00',1,'oฝusLๆ๓\0%','gฌQไ\0%'),('2014-04-13 20:00:00',1,'oฝwsLๆ๓\0%','gฌQไ\0%'),('2014-04-13 20:00:00',1,'oฝysLๆ๓\0%','gฌQไ\0%'),('2014-04-13 20:00:00',1,'oฝ{sLๆ๓\0%','gฌQไ\0%'),('2014-04-13 20:00:00',1,'oฝ}sLๆ๓\0%','gฌQไ\0%'),('2014-04-13 20:00:00',1,'oพksLๆ๓\0%','gคฌQไ\0%'),('2014-04-13 20:00:00',1,'oพmsLๆ๓\0%','gคฌQไ\0%'),('2014-04-13 20:00:00',1,'oพosLๆ๓\0%','gคฌQไ\0%'),('2014-04-13 20:00:00',1,'oพqsLๆ๓\0%','gคฌQไ\0%'),('2014-04-13 20:00:00',1,'oพssLๆ๓\0%','gคฌQไ\0%'),('2014-04-13 20:00:00',1,'oพusLๆ๓\0%','gคฌQไ\0%'),('2014-04-13 20:00:00',1,'oพwsLๆ๓\0%','gคฌQไ\0%'),('2014-04-13 20:00:00',1,'oพysLๆ๓\0%','gคฌQไ\0%'),('2014-04-13 20:00:00',1,'oพsLๆ๓\0%','gคฌQไ\0%'),('2014-04-13 20:00:00',1,'oพsLๆ๓\0%','gคฌQไ\0%'),('2014-04-13 20:00:00',1,'oพsLๆ๓\0%','gคฌQไ\0%'),('2014-04-13 20:00:00',1,'oพsLๆ๓\0%','gคฌQไ\0%'),('2014-04-13 20:00:00',1,'oพsLๆ๓\0%','gคฌQไ\0%'),('2014-04-13 20:00:00',1,'oพsLๆ๓\0%','gคฌQไ\0%'),('2014-04-13 20:00:00',1,'oฝsLๆ๓\0%','gฑฌQไ\0%'),('2014-04-13 20:00:00',1,'oฝsLๆ๓\0%','gฑฌQไ\0%'),('2014-04-13 20:00:00',1,'oฝsLๆ๓\0%','gฑฌQไ\0%'),('2014-04-13 20:00:00',1,'oฝsLๆ๓\0%','gฑฌQไ\0%'),('2014-04-13 20:00:00',1,'oฝsLๆ๓\0%','gฑฌQไ\0%'),('2014-04-13 20:00:00',1,'oฝsLๆ๓\0%','gฑฌQไ\0%'),('2014-04-13 20:00:00',1,'oฝsLๆ๓\0%','gฑฌQไ\0%'),('2014-04-13 20:00:00',1,'oฝsLๆ๓\0%','gฑฌQไ\0%'),('2014-04-13 20:00:00',1,'oฝ!sLๆ๓\0%','gฑฌQไ\0%'),('2014-04-13 20:00:00',1,'oฝ#sLๆ๓\0%','gฑฌQไ\0%'),('2014-04-13 20:00:00',1,'oฝ%sLๆ๓\0%','gฑฌQไ\0%'),('2014-04-13 20:00:00',1,'oฝ\'sLๆ๓\0%','gฑฌQไ\0%'),('2014-04-13 20:00:00',1,'oฝ)sLๆ๓\0%','gฑฌQไ\0%'),('2014-04-13 20:00:00',1,'oฝ+sLๆ๓\0%','gฑฌQไ\0%'),('2014-04-13 20:00:00',1,'oฝ-sLๆ๓\0%','gฑฌQไ\0%'),('2015-12-31 21:00:00',1,'{sLๆ๓\0%','&R.ๆญj\0%'),('2015-12-31 21:00:00',1,'{sLๆ๓\0%','&R.ๆญj\0%'),('2015-12-31 21:00:00',1,'{sLๆ๓\0%','&R.ๆญj\0%'),('2015-12-31 21:00:00',1,'{sLๆ๓\0%','&R.ๆญj\0%'),('2015-12-31 21:00:00',1,'{sLๆ๓\0%','&R.ๆญj\0%'),('2015-12-31 21:00:00',1,'{sLๆ๓\0%','&R.ๆญj\0%'),('2015-12-31 21:00:00',1,'{sLๆ๓\0%','&R.ๆญj\0%'),('2015-12-31 21:00:00',1,'{sLๆ๓\0%','&R.ๆญj\0%'),('2015-12-31 21:00:00',1,'{sLๆ๓\0%','&R.ๆญj\0%'),('2015-12-31 21:00:00',1,'{sLๆ๓\0%','&R.ๆญj\0%'),('2015-12-31 21:00:00',1,'{sLๆ๓\0%','&R.ๆญj\0%'),('2015-12-31 21:00:00',1,'{sLๆ๓\0%','&R.ๆญj\0%'),('2015-12-31 21:00:00',1,'{sLๆ๓\0%','&R.ๆญj\0%'),('2015-12-31 21:00:00',1,'{กsLๆ๓\0%','&R.ๆญj\0%'),('2015-12-31 21:00:00',1,'{ฃsLๆ๓\0%','&R.ๆญj\0%'),('2014-04-13 20:00:00',1,'oพฝsLๆ๓\0%','คFฌnทrไ\0%'),('2014-04-13 20:00:00',1,'oพฟsLๆ๓\0%','คFฌnทrไ\0%'),('2014-04-13 20:00:00',1,'oพมsLๆ๓\0%','คFฌnทrไ\0%'),('2014-04-13 20:00:00',1,'oพรsLๆ๓\0%','คFฌnทrไ\0%'),('2014-04-13 20:00:00',1,'oพลsLๆ๓\0%','คFฌnทrไ\0%'),('2014-04-13 20:00:00',1,'oพวsLๆ๓\0%','คFฌnทrไ\0%'),('2014-04-13 20:00:00',1,'oพษsLๆ๓\0%','คFฌnทrไ\0%'),('2014-04-13 20:00:00',1,'oพหsLๆ๓\0%','คFฌnทrไ\0%'),('2014-04-13 20:00:00',1,'oพอsLๆ๓\0%','คFฌnทrไ\0%'),('2014-04-13 20:00:00',1,'oพฯsLๆ๓\0%','คFฌnทrไ\0%'),('2014-04-13 20:00:00',1,'oพัsLๆ๓\0%','คFฌnทrไ\0%'),('2015-12-31 21:00:00',1,'oพ๗sLๆ๓\0%','ต~ฦ:ๆ\0%'),('2015-12-31 21:00:00',1,'oพ๙sLๆ๓\0%','ต~ฦ:ๆ\0%'),('2015-12-31 21:00:00',1,'oพ๛sLๆ๓\0%','ต~ฦ:ๆ\0%'),('2015-12-31 21:00:00',1,'oพsLๆ๓\0%','ต~ฦ:ๆ\0%'),('2015-12-31 21:00:00',1,'oพsLๆ๓\0%','ต~ฦ:ๆ\0%'),('2015-12-31 21:00:00',1,'oฟsLๆ๓\0%','ต~ฦ:ๆ\0%'),('2015-12-31 21:00:00',1,'oฟsLๆ๓\0%','ต~ฦ:ๆ\0%'),('2015-12-31 21:00:00',1,'oฟsLๆ๓\0%','ต~ฦ:ๆ\0%'),('2015-12-31 21:00:00',1,'oฟsLๆ๓\0%','ต~ฦ:ๆ\0%'),('2015-12-31 21:00:00',1,'oฟ	sLๆ๓\0%','ต~ฦ:ๆ\0%'),('2015-12-31 21:00:00',1,'oฟsLๆ๓\0%','ต~ฦ:ๆ\0%'),('2015-12-31 21:00:00',1,'oฟ\rsLๆ๓\0%','ต~ฦ:ๆ\0%'),('2015-12-31 21:00:00',1,'oฟsLๆ๓\0%','ต~ฦ:ๆ\0%'),('2015-12-31 21:00:00',1,'oฟsLๆ๓\0%','ต~ฦ:ๆ\0%'),('2015-12-31 21:00:00',1,'oฟsLๆ๓\0%','ต~ฦ:ๆ\0%'),('2015-12-31 21:00:00',1,'oฟsLๆ๓\0%','ต~ฦ:ๆ\0%'),('2015-12-31 21:00:00',1,'oฟsLๆ๓\0%','ต~ฦ:ๆ\0%'),('2015-12-31 21:00:00',1,'oฟsLๆ๓\0%','ต~ฦ:ๆ\0%'),('2015-12-31 21:00:00',1,'oฟsLๆ๓\0%','ต~ฦ:ๆ\0%'),('2015-12-31 21:00:00',1,'oฟsLๆ๓\0%','ต~ฦ:ๆ\0%'),('2015-12-31 21:00:00',1,'oฟsLๆ๓\0%','ต~ฦ:ๆ\0%'),('2015-12-31 21:00:00',1,'oฟ!sLๆ๓\0%','ต~ฦ:ๆ\0%'),('2015-12-31 21:00:00',1,'oฟ#sLๆ๓\0%','ต~ฦ:ๆ\0%'),('2015-12-31 21:00:00',1,'oฟ%sLๆ๓\0%','ต~ฦ:ๆ\0%'),('2015-12-31 21:00:00',1,'oฟ\'sLๆ๓\0%','ต~ฦ:ๆ\0%'),('2015-12-31 21:00:00',1,'oฟ)sLๆ๓\0%','ต~ฦ:ๆ\0%'),('2015-12-31 21:00:00',1,'oฟ+sLๆ๓\0%','ต~ฦ:ๆ\0%'),('2015-12-31 21:00:00',1,'oฟ-sLๆ๓\0%','ต~ฦ:ๆ\0%'),('2015-12-31 21:00:00',1,'oฟ/sLๆ๓\0%','ต~ฦ:ๆ\0%'),('2015-12-31 21:00:00',1,'oฟ1sLๆ๓\0%','ต~ฦ:ๆ\0%'),('2015-12-31 21:00:00',1,'oฟ3sLๆ๓\0%','ต~ฦ:ๆ\0%'),('2015-12-31 21:00:00',1,'oฟ5sLๆ๓\0%','ต~ฦ:ๆ\0%'),('2015-12-31 21:00:00',1,'oฟ7sLๆ๓\0%','ต~ฦ:ๆ\0%'),('2015-12-31 21:00:00',1,'oฟ9sLๆ๓\0%','ต~ฦ:ๆ\0%'),('2015-12-31 21:00:00',1,'oฟ;sLๆ๓\0%','ต~ฦ:ๆ\0%'),('2015-12-31 21:00:00',1,'oฟ=sLๆ๓\0%','ต~ฦ:ๆ\0%'),('2015-12-31 21:00:00',1,'oฟ?sLๆ๓\0%','ต~ฦ:ๆ\0%'),('2015-12-31 21:00:00',1,'oฟAsLๆ๓\0%','ต~ฦ:ๆ\0%'),('2015-12-31 21:00:00',1,'oฟCsLๆ๓\0%','ต~ฦ:ๆ\0%'),('2015-12-31 21:00:00',1,'oฟEsLๆ๓\0%','ต~ฦ:ๆ\0%'),('2015-12-31 21:00:00',1,'oฟGsLๆ๓\0%','ต~ฦ:ๆ\0%'),('2015-12-31 21:00:00',1,'oฟIsLๆ๓\0%','ต~ฦ:ๆ\0%'),('2015-12-31 21:00:00',1,'oฟKsLๆ๓\0%','ต~ฦ:ๆ\0%'),('2015-12-31 21:00:00',1,'oฟMsLๆ๓\0%','ต~ฦ:ๆ\0%'),('2015-12-31 21:00:00',1,'oฟOsLๆ๓\0%','ต~ฦ:ๆ\0%'),('2015-12-31 21:00:00',1,'oฟQsLๆ๓\0%','ต~ฦ:ๆ\0%'),('2015-12-31 21:00:00',1,'oฟSsLๆ๓\0%','ต~ฦ:ๆ\0%'),('2015-12-31 21:00:00',1,'oฟUsLๆ๓\0%','ต~ฦ:ๆ\0%'),('2015-12-31 21:00:00',1,'oฟWsLๆ๓\0%','ต~ฦ:ๆ\0%'),('2015-12-31 21:00:00',1,'oฟYsLๆ๓\0%','ต~ฦ:ๆ\0%'),('2014-04-13 20:00:00',1,'oพกsLๆ๓\0%','อI#ฉๅ๕\0%'),('2014-04-13 20:00:00',1,'oพฃsLๆ๓\0%','อI#ฉๅ๕\0%'),('2014-04-13 20:00:00',1,'oพฅsLๆ๓\0%','อI#ฉๅ๕\0%'),('2014-04-13 20:00:00',1,'oพงsLๆ๓\0%','อI#ฉๅ๕\0%'),('2014-04-13 20:00:00',1,'oพฉsLๆ๓\0%','อI#ฉๅ๕\0%'),('2014-04-13 20:00:00',1,'oพซsLๆ๓\0%','อI#ฉๅ๕\0%'),('2014-04-13 20:00:00',1,'oพญsLๆ๓\0%','อI#ฉๅ๕\0%'),('2014-04-13 20:00:00',1,'oพฏsLๆ๓\0%','อI#ฉๅ๕\0%'),('2014-04-13 20:00:00',1,'oพฑsLๆ๓\0%','อI#ฉๅ๕\0%'),('2014-04-13 20:00:00',1,'oพณsLๆ๓\0%','อI#ฉๅ๕\0%'),('2014-04-13 20:00:00',1,'oพตsLๆ๓\0%','อI#ฉๅ๕\0%'),('2014-04-13 20:00:00',1,'oพทsLๆ๓\0%','อI#ฉๅ๕\0%'),('2014-04-13 20:00:00',1,'oพนsLๆ๓\0%','อI#ฉๅ๕\0%'),('2014-04-13 20:00:00',1,'oพปsLๆ๓\0%','อI#ฉๅ๕\0%'),('2015-12-31 21:00:00',1,'{sLๆ๓\0%','ู)ูiตๆ๓\0%'),('2015-12-31 21:00:00',1,'{sLๆ๓\0%','ู)ูiตๆ๓\0%'),('2015-12-31 21:00:00',1,'{sLๆ๓\0%','ู)ูiตๆ๓\0%'),('2015-12-31 21:00:00',1,'{sLๆ๓\0%','ู)ูiตๆ๓\0%'),('2015-12-31 21:00:00',1,'{sLๆ๓\0%','ู)ูiตๆ๓\0%'),('2015-12-31 21:00:00',1,'{sLๆ๓\0%','ู)ูiตๆ๓\0%'),('2015-12-31 21:00:00',1,'{!sLๆ๓\0%','ู)ูiตๆ๓\0%'),('2015-12-31 21:00:00',1,'{#sLๆ๓\0%','ู)ูiตๆ๓\0%'),('2015-12-31 21:00:00',1,'{%sLๆ๓\0%','ู)ูiตๆ๓\0%'),('2015-12-31 21:00:00',1,'{\'sLๆ๓\0%','ู)ูiตๆ๓\0%'),('2015-12-31 21:00:00',1,'{)sLๆ๓\0%','ู)ูiตๆ๓\0%'),('2015-12-31 21:00:00',1,'{+sLๆ๓\0%','ู)ูiตๆ๓\0%'),('2015-12-31 21:00:00',1,'{-sLๆ๓\0%','ู)ูiตๆ๓\0%'),('2015-12-31 21:00:00',1,'{/sLๆ๓\0%','ู)ูiตๆ๓\0%'),('2015-12-31 21:00:00',1,'{1sLๆ๓\0%','ู)ูiตๆ๓\0%'),('2015-12-31 21:00:00',1,'{3sLๆ๓\0%','ู)ูiตๆ๓\0%'),('2015-12-31 21:00:00',1,'{5sLๆ๓\0%','ู)ูiตๆ๓\0%'),('2015-12-31 21:00:00',1,'{7sLๆ๓\0%','ู)ูiตๆ๓\0%'),('2015-12-31 21:00:00',1,'{9sLๆ๓\0%','ู)ูiตๆ๓\0%'),('2015-12-31 21:00:00',1,'{;sLๆ๓\0%','ู)ูiตๆ๓\0%'),('2015-12-31 21:00:00',1,'{=sLๆ๓\0%','ู)ูiตๆ๓\0%'),('2015-12-31 21:00:00',1,'{?sLๆ๓\0%','ู)ูiตๆ๓\0%'),('2015-12-31 21:00:00',1,'{AsLๆ๓\0%','ู)ูiตๆ๓\0%'),('2015-12-31 21:00:00',1,'{CsLๆ๓\0%','ู)ูiตๆ๓\0%'),('2015-12-31 21:00:00',1,'{EsLๆ๓\0%','ู)ูiตๆ๓\0%'),('2015-12-31 21:00:00',1,'{GsLๆ๓\0%','ู)ูiตๆ๓\0%'),('2015-12-31 21:00:00',1,'{IsLๆ๓\0%','ู)ูiตๆ๓\0%');
/*!40000 ALTER TABLE `equipmentOnServiceLog` ENABLE KEYS */;
UNLOCK TABLES;

--
-- Table structure for table `equipmentSubTypes`
--

DROP TABLE IF EXISTS `equipmentSubTypes`;
/*!40101 SET @saved_cs_client     = @@character_set_client */;
/*!40101 SET character_set_client = utf8 */;
CREATE TABLE `equipmentSubTypes` (
  `guid` binary(16) NOT NULL,
  `name` varchar(255) DEFAULT NULL,
  `equipmentType_guid` binary(16) NOT NULL,
  PRIMARY KEY (`guid`),
  UNIQUE KEY `name_UNIQ` (`name`,`equipmentType_guid`),
  KEY `fk_eqSubTypes_eqType_IDX` (`equipmentType_guid`),
  CONSTRAINT `fk_eqSubTypes_equipmentType` FOREIGN KEY (`equipmentType_guid`) REFERENCES `equipmentTypes` (`guid`)
) ENGINE=InnoDB DEFAULT CHARSET=utf8 COMMENT='ะะพะดัะธะฟั ะพะฑะพััะดะพะฒะฐะฝะธั (ะฒัะพัะพะน ััะพะฒะตะฝั)';
/*!40101 SET character_set_client = @saved_cs_client */;

--
-- Dumping data for table `equipmentSubTypes`
--

LOCK TABLES `equipmentSubTypes` WRITE;
/*!40000 ALTER TABLE `equipmentSubTypes` DISABLE KEYS */;
INSERT INTO `equipmentSubTypes` VALUES ('ใฎ๋mไๆ๓\0%','01.01 ะะฐัััััะธะทะฐัะพั','ใฎใmไๆ๓\0%'),('ใฎํmไๆ๓\0%','01.03 ะะขะก','ใฎใmไๆ๓\0%'),('ใฎ๏mไๆ๓\0%','01.04 ะะพะปะพัะพะฒะพะน ัะปัะท','ใฎใmไๆ๓\0%'),('ใฎ๑mไๆ๓\0%','01.10 ะะฝะตัะฝะธะน ะผะพะดะตะผ','ใฎใmไๆ๓\0%'),('ใฎ๓mไๆ๓\0%','02.01 ะกะตัะฒะตั','ใฎๅmไๆ๓\0%'),('ใฎ๕mไๆ๓\0%','02.02 ะกะธััะตะผะฐ ััะฐะฝะตะฝะธั ะดะฐะฝะฝัั','ใฎๅmไๆ๓\0%'),('ใฎ๗mไๆ๓\0%','02.03 ะะธะดะตะพัะตะณะธัััะฐัะพั','ใฎๅmไๆ๓\0%'),('ใฎ๙mไๆ๓\0%','02.05 ะะพะฝะธัะพั','ใฎๅmไๆ๓\0%'),('ใฎ๛mไๆ๓\0%','02.06 ะะฐะฑะพัะฐั ััะฐะฝัะธั','ใฎๅmไๆ๓\0%'),('ใฎmไๆ๓\0%','02.07 ะะพััะฑัะบ','ใฎๅmไๆ๓\0%'),('ใฎmไๆ๓\0%','02.08 ะัะธะฝัะตั ะปะฐะทะตัะฝัะน (ะขะธะฟ 1)','ใฎๅmไๆ๓\0%'),('ใฏmไๆ๓\0%','02.10 ะัะธะฝัะตั ะปะฐะทะตัะฝัะน ะฒััะพะบะพะน ะฟัะพะธะทะฒะพะดะธัะตะปัะฝะพััะธ (ะขะธะฟ3)','ใฎๅmไๆ๓\0%'),('ใฏmไๆ๓\0%','02.12 ะะฝะพะณะพััะฝะบัะธะพะฝะฐะปัะฝะพะต ััััะพะนััะฒะพ ั ะฒะพะทะผะพะถะฝะพัััั ะฟะตัะฐัะธ (ะะคะฃ)','ใฎๅmไๆ๓\0%'),('ใฏmไๆ๓\0%','02.13 ะัะธะฝัะตั ััััะนะฝัะน','ใฎๅmไๆ๓\0%'),('ใฏmไๆ๓\0%','02.19 ะคะฐะบั','ใฎๅmไๆ๓\0%'),('ใฏ	mไๆ๓\0%','02.20 ะกะบะฐะฝะตั ะพัะธัะฝัะน (ะฑะตะท ะฐะฒัะพะผะฐัะธัะตัะบะพะน ะฟะพะดะฐัะธ)','ใฎๅmไๆ๓\0%'),('ใฏmไๆ๓\0%','02.23 ะััะพัะฝะธะบ ะฑะตัะฟะตัะตะฑะพะนะฝะพะณะพ ะฟะธัะฐะฝะธั (ะขะธะฟ 1)','ใฎๅmไๆ๓\0%'),('ใฏ\rmไๆ๓\0%','03.01 ะะพะผะผััะฐัะพั','ใฎ็mไๆ๓\0%'),('ใฏmไๆ๓\0%','ะะพะฟะธัะพะฒะฐะปัะฝะพ-ะผะฝะพะถะธัะตะปัะฝัะน ะฐะฟะฟะฐัะฐั (ะขะธะฟ 1)','ใฎ้mไๆ๓\0%');
/*!40000 ALTER TABLE `equipmentSubTypes` ENABLE KEYS */;
UNLOCK TABLES;

--
-- Table structure for table `equipmentTypes`
--

DROP TABLE IF EXISTS `equipmentTypes`;
/*!40101 SET @saved_cs_client     = @@character_set_client */;
/*!40101 SET character_set_client = utf8 */;
CREATE TABLE `equipmentTypes` (
  `guid` binary(16) NOT NULL,
  `name` varchar(255) DEFAULT NULL,
  PRIMARY KEY (`guid`),
  UNIQUE KEY `name_UNIQUE` (`name`)
) ENGINE=InnoDB DEFAULT CHARSET=utf8 COMMENT='ะขะธะฟั ะพะฑะพััะดะพะฒะฐะฝะธั (ะฒะตััะฝะธะน ััะพะฒะตะฝั)';
/*!40101 SET character_set_client = @saved_cs_client */;

--
-- Dumping data for table `equipmentTypes`
--

LOCK TABLES `equipmentTypes` WRITE;
/*!40000 ALTER TABLE `equipmentTypes` DISABLE KEYS */;
INSERT INTO `equipmentTypes` VALUES ('ใฎใmไๆ๓\0%','01. ะกะขะ'),('ใฎๅmไๆ๓\0%','02. ะกะะข'),('ใฎ็mไๆ๓\0%','03. ะะะก'),('ใฎ้mไๆ๓\0%','04. ะะะข');
/*!40000 ALTER TABLE `equipmentTypes` ENABLE KEYS */;
UNLOCK TABLES;

--
-- Table structure for table `equipmentWorkplaceLog`
--

DROP TABLE IF EXISTS `equipmentWorkplaceLog`;
/*!40101 SET @saved_cs_client     = @@character_set_client */;
/*!40101 SET character_set_client = utf8 */;
CREATE TABLE `equipmentWorkplaceLog` (
  `equipment_guid` binary(16) NOT NULL,
  `workplace_guid` binary(16) DEFAULT NULL,
  `timestamp` timestamp NOT NULL DEFAULT CURRENT_TIMESTAMP,
  PRIMARY KEY (`equipment_guid`,`timestamp`),
  KEY `fk_equipment_IDX` (`equipment_guid`),
  KEY `fk_workplace_IDX` (`workplace_guid`),
  CONSTRAINT `fk_equipmentWorkplaceLog_equipment` FOREIGN KEY (`equipment_guid`) REFERENCES `equipment` (`guid`) ON DELETE NO ACTION ON UPDATE CASCADE,
  CONSTRAINT `fk_equipmentWorkplaceLog_workplace` FOREIGN KEY (`workplace_guid`) REFERENCES `divisionWorkplaces` (`guid`) ON DELETE NO ACTION ON UPDATE NO ACTION
) ENGINE=InnoDB DEFAULT CHARSET=utf8;
/*!40101 SET character_set_client = @saved_cs_client */;

--
-- Dumping data for table `equipmentWorkplaceLog`
--

LOCK TABLES `equipmentWorkplaceLog` WRITE;
/*!40000 ALTER TABLE `equipmentWorkplaceLog` DISABLE KEYS */;
INSERT INTO `equipmentWorkplaceLog` VALUES ('่s(ๆ๓\0%',NULL,'2015-12-31 21:00:00'),('่s(ๆ๓\0%',NULL,'2015-12-31 21:00:00'),('่s(ๆ๓\0%',NULL,'2015-12-31 21:00:00'),('่!s(ๆ๓\0%',NULL,'2015-12-31 21:00:00'),('่#s(ๆ๓\0%',NULL,'2015-12-31 21:00:00'),('่%s(ๆ๓\0%',NULL,'2015-12-31 21:00:00'),('่\'s(ๆ๓\0%',NULL,'2015-12-31 21:00:00'),('่)s(ๆ๓\0%',NULL,'2015-12-31 21:00:00'),('่+s(ๆ๓\0%',NULL,'2015-12-31 21:00:00'),('่-s(ๆ๓\0%',NULL,'2015-12-31 21:00:00'),('่/s(ๆ๓\0%',NULL,'2015-12-31 21:00:00'),('่1s(ๆ๓\0%',NULL,'2015-12-31 21:00:00'),('่3s(ๆ๓\0%',NULL,'2015-12-31 21:00:00'),('่5s(ๆ๓\0%',NULL,'2015-12-31 21:00:00'),('่7s(ๆ๓\0%',NULL,'2015-12-31 21:00:00'),('่9s(ๆ๓\0%',NULL,'2015-12-31 21:00:00'),('่;s(ๆ๓\0%',NULL,'2015-12-31 21:00:00'),('oผssLๆ๓\0%',NULL,'2015-12-31 21:00:00'),('oผusLๆ๓\0%',NULL,'2015-12-31 21:00:00'),('oผwsLๆ๓\0%',NULL,'2015-12-31 21:00:00'),('oผysLๆ๓\0%',NULL,'2015-12-31 21:00:00'),('oผ{sLๆ๓\0%',NULL,'2015-12-31 21:00:00'),('oผ}sLๆ๓\0%',NULL,'2015-12-31 21:00:00'),('oผsLๆ๓\0%',NULL,'2015-12-31 21:00:00'),('oผsLๆ๓\0%',NULL,'2015-12-31 21:00:00'),('oผsLๆ๓\0%',NULL,'2015-12-31 21:00:00'),('oผsLๆ๓\0%',NULL,'2015-12-31 21:00:00'),('oผsLๆ๓\0%',NULL,'2015-12-31 21:00:00'),('oผsLๆ๓\0%',NULL,'2015-12-31 21:00:00'),('oผsLๆ๓\0%',NULL,'2015-12-31 21:00:00'),('oผsLๆ๓\0%',NULL,'2015-12-31 21:00:00'),('oผsLๆ๓\0%',NULL,'2015-12-31 21:00:00'),('oผsLๆ๓\0%',NULL,'2015-12-31 21:00:00'),('oผsLๆ๓\0%',NULL,'2015-12-31 21:00:00'),('oผsLๆ๓\0%',NULL,'2015-12-31 21:00:00'),('oผsLๆ๓\0%',NULL,'2015-12-31 21:00:00'),('oผsLๆ๓\0%',NULL,'2015-12-31 21:00:00'),('oผsLๆ๓\0%',NULL,'2015-12-31 21:00:00'),('oผsLๆ๓\0%',NULL,'2015-12-31 21:00:00'),('oผsLๆ๓\0%',NULL,'2015-12-31 21:00:00'),('oผกsLๆ๓\0%',NULL,'2015-12-31 21:00:00'),('oผฃsLๆ๓\0%',NULL,'2015-12-31 21:00:00'),('oผฅsLๆ๓\0%',NULL,'2015-12-31 21:00:00'),('oผงsLๆ๓\0%',NULL,'2015-12-31 21:00:00'),('oผฉsLๆ๓\0%',NULL,'2015-12-31 21:00:00'),('oผซsLๆ๓\0%',NULL,'2015-12-31 21:00:00'),('oผญsLๆ๓\0%',NULL,'2015-12-31 21:00:00'),('oผฏsLๆ๓\0%',NULL,'2014-04-13 20:00:00'),('oผฑsLๆ๓\0%',NULL,'2014-04-13 20:00:00'),('oผณsLๆ๓\0%',NULL,'2014-04-13 20:00:00'),('oผตsLๆ๓\0%',NULL,'2014-04-13 20:00:00'),('oผทsLๆ๓\0%',NULL,'2014-04-13 20:00:00'),('oผนsLๆ๓\0%',NULL,'2014-04-13 20:00:00'),('oผปsLๆ๓\0%',NULL,'2014-04-13 20:00:00'),('oผฝsLๆ๓\0%',NULL,'2014-04-13 20:00:00'),('oผฟsLๆ๓\0%',NULL,'2014-04-13 20:00:00'),('oผมsLๆ๓\0%',NULL,'2014-04-13 20:00:00'),('oผรsLๆ๓\0%',NULL,'2014-04-13 20:00:00'),('oผลsLๆ๓\0%',NULL,'2014-04-13 20:00:00'),('oผวsLๆ๓\0%',NULL,'2014-04-13 20:00:00'),('oผษsLๆ๓\0%',NULL,'2014-04-13 20:00:00'),('oผหsLๆ๓\0%',NULL,'2014-04-13 20:00:00'),('oผอsLๆ๓\0%',NULL,'2014-04-13 20:00:00'),('oผฯsLๆ๓\0%',NULL,'2014-04-13 20:00:00'),('oผัsLๆ๓\0%',NULL,'2014-04-13 20:00:00'),('oผำsLๆ๓\0%',NULL,'2014-04-13 20:00:00'),('oผีsLๆ๓\0%',NULL,'2014-04-13 20:00:00'),('oผืsLๆ๓\0%',NULL,'2014-04-13 20:00:00'),('oผูsLๆ๓\0%',NULL,'2014-04-13 20:00:00'),('oผsLๆ๓\0%',NULL,'2014-04-13 20:00:00'),('oผsLๆ๓\0%',NULL,'2014-04-13 20:00:00'),('oผ฿sLๆ๓\0%',NULL,'2014-04-13 20:00:00'),('oผแsLๆ๓\0%',NULL,'2014-04-13 20:00:00'),('oผใsLๆ๓\0%',NULL,'2014-04-13 20:00:00'),('oผๅsLๆ๓\0%',NULL,'2014-04-13 20:00:00'),('oผ็sLๆ๓\0%',NULL,'2014-04-13 20:00:00'),('oผ้sLๆ๓\0%',NULL,'2014-04-13 20:00:00'),('oผ๋sLๆ๓\0%',NULL,'2014-04-13 20:00:00'),('oผํsLๆ๓\0%',NULL,'2014-04-13 20:00:00'),('oผ๏sLๆ๓\0%',NULL,'2014-04-13 20:00:00'),('oผ๑sLๆ๓\0%',NULL,'2014-04-13 20:00:00'),('oผ๓sLๆ๓\0%',NULL,'2014-04-13 20:00:00'),('oผ๕sLๆ๓\0%',NULL,'2014-04-13 20:00:00'),('oผ๗sLๆ๓\0%',NULL,'2014-04-13 20:00:00'),('oผ๙sLๆ๓\0%',NULL,'2014-04-13 20:00:00'),('oผ๛sLๆ๓\0%',NULL,'2014-04-13 20:00:00'),('oผsLๆ๓\0%',NULL,'2014-04-13 20:00:00'),('oผsLๆ๓\0%',NULL,'2014-04-13 20:00:00'),('oฝsLๆ๓\0%',NULL,'2014-04-13 20:00:00'),('oฝsLๆ๓\0%',NULL,'2014-04-13 20:00:00'),('oฝsLๆ๓\0%',NULL,'2014-04-13 20:00:00'),('oฝsLๆ๓\0%',NULL,'2014-04-13 20:00:00'),('oฝ	sLๆ๓\0%',NULL,'2014-04-13 20:00:00'),('oฝsLๆ๓\0%',NULL,'2014-04-13 20:00:00'),('oฝ\rsLๆ๓\0%',NULL,'2014-04-13 20:00:00'),('oฝsLๆ๓\0%',NULL,'2014-04-13 20:00:00'),('oฝsLๆ๓\0%',NULL,'2014-04-13 20:00:00'),('oฝsLๆ๓\0%',NULL,'2014-04-13 20:00:00'),('oฝsLๆ๓\0%',NULL,'2014-04-13 20:00:00'),('oฝsLๆ๓\0%',NULL,'2014-04-13 20:00:00'),('oฝsLๆ๓\0%',NULL,'2014-04-13 20:00:00'),('oฝsLๆ๓\0%',NULL,'2014-04-13 20:00:00'),('oฝsLๆ๓\0%',NULL,'2014-04-13 20:00:00'),('oฝsLๆ๓\0%',NULL,'2014-04-13 20:00:00'),('oฝ!sLๆ๓\0%',NULL,'2014-04-13 20:00:00'),('oฝ#sLๆ๓\0%',NULL,'2014-04-13 20:00:00'),('oฝ%sLๆ๓\0%',NULL,'2014-04-13 20:00:00'),('oฝ\'sLๆ๓\0%',NULL,'2014-04-13 20:00:00'),('oฝ)sLๆ๓\0%',NULL,'2014-04-13 20:00:00'),('oฝ+sLๆ๓\0%',NULL,'2014-04-13 20:00:00'),('oฝ-sLๆ๓\0%',NULL,'2014-04-13 20:00:00'),('oฝ/sLๆ๓\0%',NULL,'2014-04-13 20:00:00'),('oฝ1sLๆ๓\0%',NULL,'2014-04-13 20:00:00'),('oฝ3sLๆ๓\0%',NULL,'2014-04-13 20:00:00'),('oฝ5sLๆ๓\0%',NULL,'2014-04-13 20:00:00'),('oฝ7sLๆ๓\0%',NULL,'2014-04-13 20:00:00'),('oฝ9sLๆ๓\0%',NULL,'2014-04-13 20:00:00'),('oฝ;sLๆ๓\0%',NULL,'2014-04-13 20:00:00'),('oฝ=sLๆ๓\0%',NULL,'2014-04-13 20:00:00'),('oฝ?sLๆ๓\0%',NULL,'2014-04-13 20:00:00'),('oฝAsLๆ๓\0%',NULL,'2014-04-13 20:00:00'),('oฝCsLๆ๓\0%',NULL,'2014-04-13 20:00:00'),('oฝEsLๆ๓\0%',NULL,'2014-04-13 20:00:00'),('oฝGsLๆ๓\0%',NULL,'2014-04-13 20:00:00'),('oฝIsLๆ๓\0%',NULL,'2014-04-13 20:00:00'),('oฝKsLๆ๓\0%',NULL,'2014-04-13 20:00:00'),('oฝMsLๆ๓\0%',NULL,'2014-04-13 20:00:00'),('oฝOsLๆ๓\0%',NULL,'2014-04-13 20:00:00'),('oฝQsLๆ๓\0%',NULL,'2014-04-13 20:00:00'),('oฝSsLๆ๓\0%',NULL,'2014-04-13 20:00:00'),('oฝUsLๆ๓\0%',NULL,'2014-04-13 20:00:00'),('oฝWsLๆ๓\0%',NULL,'2014-04-13 20:00:00'),('oฝYsLๆ๓\0%',NULL,'2014-04-13 20:00:00'),('oฝ[sLๆ๓\0%',NULL,'2014-04-13 20:00:00'),('oฝ]sLๆ๓\0%',NULL,'2014-04-13 20:00:00'),('oฝ_sLๆ๓\0%',NULL,'2014-04-13 20:00:00'),('oฝasLๆ๓\0%',NULL,'2014-04-13 20:00:00'),('oฝcsLๆ๓\0%',NULL,'2014-04-13 20:00:00'),('oฝesLๆ๓\0%',NULL,'2014-04-13 20:00:00'),('oฝgsLๆ๓\0%',NULL,'2014-04-13 20:00:00'),('oฝisLๆ๓\0%',NULL,'2014-04-13 20:00:00'),('oฝksLๆ๓\0%',NULL,'2014-04-13 20:00:00'),('oฝmsLๆ๓\0%',NULL,'2014-04-13 20:00:00'),('oฝosLๆ๓\0%',NULL,'2014-04-13 20:00:00'),('oฝqsLๆ๓\0%',NULL,'2014-04-13 20:00:00'),('oฝssLๆ๓\0%',NULL,'2014-04-13 20:00:00'),('oฝusLๆ๓\0%',NULL,'2014-04-13 20:00:00'),('oฝwsLๆ๓\0%',NULL,'2014-04-13 20:00:00'),('oฝysLๆ๓\0%',NULL,'2014-04-13 20:00:00'),('oฝ{sLๆ๓\0%',NULL,'2014-04-13 20:00:00'),('oฝ}sLๆ๓\0%',NULL,'2014-04-13 20:00:00'),('oฝsLๆ๓\0%',NULL,'2014-04-13 20:00:00'),('oฝsLๆ๓\0%',NULL,'2014-04-13 20:00:00'),('oฝsLๆ๓\0%',NULL,'2014-04-13 20:00:00'),('oฝsLๆ๓\0%',NULL,'2014-04-13 20:00:00'),('oฝsLๆ๓\0%',NULL,'2014-04-13 20:00:00'),('oฝsLๆ๓\0%',NULL,'2014-04-13 20:00:00'),('oฝsLๆ๓\0%',NULL,'2014-04-13 20:00:00'),('oฝsLๆ๓\0%',NULL,'2014-04-13 20:00:00'),('oฝsLๆ๓\0%',NULL,'2014-04-13 20:00:00'),('oฝsLๆ๓\0%',NULL,'2014-04-13 20:00:00'),('oฝsLๆ๓\0%',NULL,'2014-04-13 20:00:00'),('oฝsLๆ๓\0%',NULL,'2014-04-13 20:00:00'),('oฝsLๆ๓\0%',NULL,'2014-04-13 20:00:00'),('oฝsLๆ๓\0%',NULL,'2014-04-13 20:00:00'),('oฝsLๆ๓\0%',NULL,'2014-04-13 20:00:00'),('oฝsLๆ๓\0%',NULL,'2014-04-13 20:00:00'),('oฝsLๆ๓\0%',NULL,'2014-04-13 20:00:00'),('oฝกsLๆ๓\0%',NULL,'2014-04-13 20:00:00'),('oฝฃsLๆ๓\0%',NULL,'2014-04-13 20:00:00'),('oฝฅsLๆ๓\0%',NULL,'2014-04-13 20:00:00'),('oฝงsLๆ๓\0%',NULL,'2014-04-13 20:00:00'),('oฝฉsLๆ๓\0%',NULL,'2014-04-13 20:00:00'),('oฝซsLๆ๓\0%',NULL,'2014-04-13 20:00:00'),('oฝญsLๆ๓\0%',NULL,'2014-04-13 20:00:00'),('oฝฏsLๆ๓\0%',NULL,'2014-04-13 20:00:00'),('oฝฑsLๆ๓\0%',NULL,'2014-04-13 20:00:00'),('oฝณsLๆ๓\0%',NULL,'2014-04-13 20:00:00'),('oฝตsLๆ๓\0%',NULL,'2014-04-13 20:00:00'),('oฝทsLๆ๓\0%',NULL,'2014-04-13 20:00:00'),('oฝนsLๆ๓\0%',NULL,'2014-04-13 20:00:00'),('oฝปsLๆ๓\0%',NULL,'2014-04-13 20:00:00'),('oฝฝsLๆ๓\0%',NULL,'2014-04-13 20:00:00'),('oฝฟsLๆ๓\0%',NULL,'2014-04-13 20:00:00'),('oฝมsLๆ๓\0%',NULL,'2014-04-13 20:00:00'),('oฝรsLๆ๓\0%',NULL,'2014-04-13 20:00:00'),('oฝลsLๆ๓\0%',NULL,'2014-04-13 20:00:00'),('oฝวsLๆ๓\0%',NULL,'2014-04-13 20:00:00'),('oฝษsLๆ๓\0%',NULL,'2014-04-13 20:00:00'),('oฝหsLๆ๓\0%',NULL,'2014-04-13 20:00:00'),('oฝอsLๆ๓\0%',NULL,'2014-04-13 20:00:00'),('oฝฯsLๆ๓\0%',NULL,'2014-04-13 20:00:00'),('oฝัsLๆ๓\0%',NULL,'2014-04-13 20:00:00'),('oฝำsLๆ๓\0%',NULL,'2014-04-13 20:00:00'),('oฝีsLๆ๓\0%',NULL,'2014-04-13 20:00:00'),('oฝืsLๆ๓\0%',NULL,'2014-04-13 20:00:00'),('oฝูsLๆ๓\0%',NULL,'2014-04-13 20:00:00'),('oฝsLๆ๓\0%',NULL,'2014-04-13 20:00:00'),('oฝsLๆ๓\0%',NULL,'2014-04-13 20:00:00'),('oฝ฿sLๆ๓\0%',NULL,'2014-04-13 20:00:00'),('oฝแsLๆ๓\0%',NULL,'2014-04-13 20:00:00'),('oฝใsLๆ๓\0%',NULL,'2014-04-13 20:00:00'),('oฝๅsLๆ๓\0%',NULL,'2014-04-13 20:00:00'),('oฝ็sLๆ๓\0%',NULL,'2014-04-13 20:00:00'),('oฝ้sLๆ๓\0%',NULL,'2014-04-13 20:00:00'),('oฝ๋sLๆ๓\0%',NULL,'2014-04-13 20:00:00'),('oฝํsLๆ๓\0%',NULL,'2014-04-13 20:00:00'),('oฝ๏sLๆ๓\0%',NULL,'2014-04-13 20:00:00'),('oฝ๑sLๆ๓\0%',NULL,'2014-04-13 20:00:00'),('oฝ๓sLๆ๓\0%',NULL,'2014-04-13 20:00:00'),('oฝ๕sLๆ๓\0%',NULL,'2015-12-31 21:00:00'),('oฝ๗sLๆ๓\0%',NULL,'2015-12-31 21:00:00'),('oฝ๙sLๆ๓\0%',NULL,'2015-12-31 21:00:00'),('oฝ๛sLๆ๓\0%',NULL,'2015-12-31 21:00:00'),('oฝsLๆ๓\0%',NULL,'2015-12-31 21:00:00'),('oฝsLๆ๓\0%',NULL,'2014-04-13 20:00:00'),('oพsLๆ๓\0%',NULL,'2014-04-13 20:00:00'),('oพsLๆ๓\0%',NULL,'2014-04-13 20:00:00'),('oพsLๆ๓\0%',NULL,'2014-04-13 20:00:00'),('oพsLๆ๓\0%',NULL,'2014-04-13 20:00:00'),('oพ	sLๆ๓\0%',NULL,'2014-04-13 20:00:00'),('oพsLๆ๓\0%',NULL,'2014-04-13 20:00:00'),('oพ\rsLๆ๓\0%',NULL,'2014-04-13 20:00:00'),('oพsLๆ๓\0%',NULL,'2014-04-13 20:00:00'),('oพsLๆ๓\0%',NULL,'2014-04-13 20:00:00'),('oพsLๆ๓\0%',NULL,'2014-04-13 20:00:00'),('oพsLๆ๓\0%',NULL,'2014-04-13 20:00:00'),('oพsLๆ๓\0%',NULL,'2014-04-13 20:00:00'),('oพsLๆ๓\0%',NULL,'2014-04-13 20:00:00'),('oพsLๆ๓\0%',NULL,'2014-04-13 20:00:00'),('oพsLๆ๓\0%',NULL,'2014-04-13 20:00:00'),('oพsLๆ๓\0%',NULL,'2014-04-13 20:00:00'),('oพ!sLๆ๓\0%',NULL,'2014-04-13 20:00:00'),('oพ#sLๆ๓\0%',NULL,'2014-04-13 20:00:00'),('oพ%sLๆ๓\0%',NULL,'2014-04-13 20:00:00'),('oพ\'sLๆ๓\0%',NULL,'2014-04-13 20:00:00'),('oพ)sLๆ๓\0%',NULL,'2014-04-13 20:00:00'),('oพ+sLๆ๓\0%',NULL,'2014-04-13 20:00:00'),('oพ-sLๆ๓\0%',NULL,'2014-04-13 20:00:00'),('oพ/sLๆ๓\0%',NULL,'2014-04-13 20:00:00'),('oพ1sLๆ๓\0%',NULL,'2014-04-13 20:00:00'),('oพ3sLๆ๓\0%',NULL,'2014-04-13 20:00:00'),('oพ5sLๆ๓\0%',NULL,'2014-04-13 20:00:00'),('oพ7sLๆ๓\0%',NULL,'2014-04-13 20:00:00'),('oพ9sLๆ๓\0%',NULL,'2014-04-13 20:00:00'),('oพ;sLๆ๓\0%',NULL,'2014-04-13 20:00:00'),('oพ=sLๆ๓\0%',NULL,'2014-04-13 20:00:00'),('oพ?sLๆ๓\0%',NULL,'2014-04-13 20:00:00'),('oพAsLๆ๓\0%',NULL,'2014-04-13 20:00:00'),('oพCsLๆ๓\0%',NULL,'2014-04-13 20:00:00'),('oพEsLๆ๓\0%',NULL,'2014-04-13 20:00:00'),('oพGsLๆ๓\0%',NULL,'2014-04-13 20:00:00'),('oพIsLๆ๓\0%',NULL,'2014-04-13 20:00:00'),('oพKsLๆ๓\0%',NULL,'2014-04-13 20:00:00'),('oพMsLๆ๓\0%',NULL,'2014-04-13 20:00:00'),('oพOsLๆ๓\0%',NULL,'2014-04-13 20:00:00'),('oพQsLๆ๓\0%',NULL,'2014-04-13 20:00:00'),('oพSsLๆ๓\0%',NULL,'2014-04-13 20:00:00'),('oพUsLๆ๓\0%',NULL,'2014-04-13 20:00:00'),('oพWsLๆ๓\0%',NULL,'2014-04-13 20:00:00'),('oพYsLๆ๓\0%',NULL,'2014-04-13 20:00:00'),('oพ[sLๆ๓\0%',NULL,'2014-04-13 20:00:00'),('oพ]sLๆ๓\0%',NULL,'2014-04-13 20:00:00'),('oพ_sLๆ๓\0%',NULL,'2014-04-13 20:00:00'),('oพasLๆ๓\0%',NULL,'2014-04-13 20:00:00'),('oพcsLๆ๓\0%',NULL,'2014-04-13 20:00:00'),('oพesLๆ๓\0%',NULL,'2014-04-13 20:00:00'),('oพgsLๆ๓\0%',NULL,'2014-04-13 20:00:00'),('oพisLๆ๓\0%',NULL,'2014-04-13 20:00:00'),('oพksLๆ๓\0%',NULL,'2014-04-13 20:00:00'),('oพmsLๆ๓\0%',NULL,'2014-04-13 20:00:00'),('oพosLๆ๓\0%',NULL,'2014-04-13 20:00:00'),('oพqsLๆ๓\0%',NULL,'2014-04-13 20:00:00'),('oพssLๆ๓\0%',NULL,'2014-04-13 20:00:00'),('oพusLๆ๓\0%',NULL,'2014-04-13 20:00:00'),('oพwsLๆ๓\0%',NULL,'2014-04-13 20:00:00'),('oพysLๆ๓\0%',NULL,'2014-04-13 20:00:00'),('oพ{sLๆ๓\0%',NULL,'2014-04-13 20:00:00'),('oพ}sLๆ๓\0%',NULL,'2014-04-13 20:00:00'),('oพsLๆ๓\0%',NULL,'2014-04-13 20:00:00'),('oพsLๆ๓\0%',NULL,'2014-04-13 20:00:00'),('oพsLๆ๓\0%',NULL,'2014-04-13 20:00:00'),('oพsLๆ๓\0%',NULL,'2014-04-13 20:00:00'),('oพsLๆ๓\0%',NULL,'2014-04-13 20:00:00'),('oพsLๆ๓\0%',NULL,'2014-04-13 20:00:00'),('oพsLๆ๓\0%',NULL,'2014-04-13 20:00:00'),('oพsLๆ๓\0%',NULL,'2014-04-13 20:00:00'),('oพsLๆ๓\0%',NULL,'2014-04-13 20:00:00'),('oพsLๆ๓\0%',NULL,'2014-04-13 20:00:00'),('oพsLๆ๓\0%',NULL,'2014-04-13 20:00:00'),('oพsLๆ๓\0%',NULL,'2014-04-13 20:00:00'),('oพsLๆ๓\0%',NULL,'2014-04-13 20:00:00'),('oพsLๆ๓\0%',NULL,'2014-04-13 20:00:00'),('oพsLๆ๓\0%',NULL,'2014-04-13 20:00:00'),('oพsLๆ๓\0%',NULL,'2014-04-13 20:00:00'),('oพsLๆ๓\0%',NULL,'2014-04-13 20:00:00'),('oพหsLๆ๓\0%',NULL,'2014-04-13 20:00:00'),('oพอsLๆ๓\0%',NULL,'2014-04-13 20:00:00'),('oพsLๆ๓\0%',NULL,'2014-04-13 20:00:00'),('oพ฿sLๆ๓\0%',NULL,'2014-04-13 20:00:00'),('oพ๋sLๆ๓\0%',NULL,'2014-04-13 20:00:00'),('oพํsLๆ๓\0%',NULL,'2014-04-13 20:00:00'),('oพ๏sLๆ๓\0%',NULL,'2014-04-13 20:00:00'),('oพ๑sLๆ๓\0%',NULL,'2014-04-13 20:00:00'),('oพ๓sLๆ๓\0%',NULL,'2014-04-13 20:00:00'),('oพ๕sLๆ๓\0%',NULL,'2014-04-13 20:00:00'),('{sLๆ๓\0%',NULL,'2015-12-31 21:00:00'),('{ฅsLๆ๓\0%',NULL,'2016-01-17 21:00:00'),('{งsLๆ๓\0%',NULL,'2016-01-17 21:00:00'),('{ฉsLๆ๓\0%',NULL,'2016-01-17 21:00:00'),('{ซsLๆ๓\0%',NULL,'2016-01-17 21:00:00'),('{ญsLๆ๓\0%',NULL,'2016-01-17 21:00:00'),('{ฏsLๆ๓\0%',NULL,'2016-01-17 21:00:00'),('{ฑsLๆ๓\0%',NULL,'2016-01-17 21:00:00'),('{ณsLๆ๓\0%',NULL,'2016-01-17 21:00:00'),('{ตsLๆ๓\0%',NULL,'2016-01-17 21:00:00'),('{ทsLๆ๓\0%',NULL,'2016-01-17 21:00:00'),('{นsLๆ๓\0%',NULL,'2016-01-17 21:00:00'),('{ปsLๆ๓\0%',NULL,'2016-01-17 21:00:00'),('{ฝsLๆ๓\0%',NULL,'2016-01-17 21:00:00'),('{ฟsLๆ๓\0%',NULL,'2016-01-17 21:00:00'),('{มsLๆ๓\0%',NULL,'2016-01-17 21:00:00'),('{รsLๆ๓\0%',NULL,'2016-01-17 21:00:00'),('{ลsLๆ๓\0%',NULL,'2016-01-17 21:00:00'),('{วsLๆ๓\0%',NULL,'2016-01-17 21:00:00'),('{ษsLๆ๓\0%',NULL,'2016-01-17 21:00:00'),('{หsLๆ๓\0%',NULL,'2016-01-17 21:00:00'),('{อsLๆ๓\0%',NULL,'2016-01-17 21:00:00'),('{ฯsLๆ๓\0%',NULL,'2016-01-17 21:00:00'),('{ัsLๆ๓\0%',NULL,'2016-01-17 21:00:00'),('{ำsLๆ๓\0%',NULL,'2016-01-17 21:00:00'),('{ีsLๆ๓\0%',NULL,'2016-01-17 21:00:00'),('{ืsLๆ๓\0%',NULL,'2016-01-17 21:00:00'),('{ูsLๆ๓\0%',NULL,'2016-01-17 21:00:00'),('{sLๆ๓\0%',NULL,'2016-01-17 21:00:00'),('{sLๆ๓\0%',NULL,'2016-01-17 21:00:00'),('{฿sLๆ๓\0%',NULL,'2016-01-17 21:00:00'),('{แsLๆ๓\0%',NULL,'2016-01-17 21:00:00'),('{ใsLๆ๓\0%',NULL,'2016-01-17 21:00:00'),('{ๅsLๆ๓\0%',NULL,'2016-01-17 21:00:00'),('{็sLๆ๓\0%',NULL,'2016-01-17 21:00:00'),('{้sLๆ๓\0%',NULL,'2016-01-17 21:00:00'),('{๋sLๆ๓\0%',NULL,'2016-01-17 21:00:00'),('{ํsLๆ๓\0%',NULL,'2016-01-17 21:00:00'),('{๏sLๆ๓\0%',NULL,'2016-01-17 21:00:00'),('{๑sLๆ๓\0%',NULL,'2016-01-17 21:00:00'),('{๓sLๆ๓\0%',NULL,'2016-01-17 21:00:00'),('{๕sLๆ๓\0%',NULL,'2016-01-17 21:00:00'),('{๗sLๆ๓\0%',NULL,'2016-01-17 21:00:00'),('{๙sLๆ๓\0%',NULL,'2016-01-17 21:00:00'),('{๛sLๆ๓\0%',NULL,'2016-01-17 21:00:00'),('{sLๆ๓\0%',NULL,'2016-01-17 21:00:00'),('{sLๆ๓\0%',NULL,'2016-01-17 21:00:00'),('{sLๆ๓\0%',NULL,'2016-01-17 21:00:00'),('{sLๆ๓\0%',NULL,'2016-01-17 21:00:00'),('{sLๆ๓\0%',NULL,'2016-01-17 21:00:00'),('{sLๆ๓\0%',NULL,'2016-01-17 21:00:00'),('{	sLๆ๓\0%',NULL,'2016-01-17 21:00:00'),('{sLๆ๓\0%',NULL,'2016-01-17 21:00:00'),('{\rsLๆ๓\0%',NULL,'2016-01-17 21:00:00'),('{sLๆ๓\0%',NULL,'2016-01-17 21:00:00'),('{sLๆ๓\0%',NULL,'2016-01-17 21:00:00'),('{sLๆ๓\0%',NULL,'2016-01-17 21:00:00'),('{sLๆ๓\0%',NULL,'2015-12-31 21:00:00'),('{sLๆ๓\0%',NULL,'2015-12-31 21:00:00'),('{sLๆ๓\0%',NULL,'2015-12-31 21:00:00'),('{sLๆ๓\0%',NULL,'2015-12-31 21:00:00'),('{sLๆ๓\0%',NULL,'2015-12-31 21:00:00'),('{sLๆ๓\0%',NULL,'2015-12-31 21:00:00'),('{!sLๆ๓\0%',NULL,'2015-12-31 21:00:00'),('{#sLๆ๓\0%',NULL,'2015-12-31 21:00:00'),('{%sLๆ๓\0%',NULL,'2015-12-31 21:00:00'),('{\'sLๆ๓\0%',NULL,'2015-12-31 21:00:00'),('{)sLๆ๓\0%',NULL,'2015-12-31 21:00:00'),('{+sLๆ๓\0%',NULL,'2015-12-31 21:00:00'),('{-sLๆ๓\0%',NULL,'2015-12-31 21:00:00'),('{/sLๆ๓\0%',NULL,'2015-12-31 21:00:00'),('{1sLๆ๓\0%',NULL,'2015-12-31 21:00:00'),('{3sLๆ๓\0%',NULL,'2015-12-31 21:00:00'),('{5sLๆ๓\0%',NULL,'2015-12-31 21:00:00'),('{7sLๆ๓\0%',NULL,'2015-12-31 21:00:00'),('{9sLๆ๓\0%',NULL,'2015-12-31 21:00:00'),('{;sLๆ๓\0%',NULL,'2015-12-31 21:00:00'),('{=sLๆ๓\0%',NULL,'2015-12-31 21:00:00'),('{?sLๆ๓\0%',NULL,'2015-12-31 21:00:00'),('{AsLๆ๓\0%',NULL,'2015-12-31 21:00:00'),('{CsLๆ๓\0%',NULL,'2015-12-31 21:00:00'),('{EsLๆ๓\0%',NULL,'2015-12-31 21:00:00'),('{GsLๆ๓\0%',NULL,'2015-12-31 21:00:00'),('{IsLๆ๓\0%',NULL,'2015-12-31 21:00:00'),('{KsLๆ๓\0%',NULL,'2015-12-31 21:00:00'),('{MsLๆ๓\0%',NULL,'2015-12-31 21:00:00'),('{OsLๆ๓\0%',NULL,'2015-12-31 21:00:00'),('{QsLๆ๓\0%',NULL,'2015-12-31 21:00:00'),('{SsLๆ๓\0%',NULL,'2015-12-31 21:00:00'),('{UsLๆ๓\0%',NULL,'2015-12-31 21:00:00'),('{WsLๆ๓\0%',NULL,'2015-12-31 21:00:00'),('{YsLๆ๓\0%',NULL,'2015-12-31 21:00:00'),('{[sLๆ๓\0%',NULL,'2015-12-31 21:00:00'),('{]sLๆ๓\0%',NULL,'2015-12-31 21:00:00'),('{_sLๆ๓\0%',NULL,'2015-12-31 21:00:00'),('{asLๆ๓\0%',NULL,'2015-12-31 21:00:00'),('{csLๆ๓\0%',NULL,'2015-12-31 21:00:00'),('{esLๆ๓\0%',NULL,'2015-12-31 21:00:00'),('{gsLๆ๓\0%',NULL,'2015-12-31 21:00:00'),('{isLๆ๓\0%',NULL,'2015-12-31 21:00:00'),('{ksLๆ๓\0%',NULL,'2015-12-31 21:00:00'),('{msLๆ๓\0%',NULL,'2015-12-31 21:00:00'),('{osLๆ๓\0%',NULL,'2015-12-31 21:00:00'),('{qsLๆ๓\0%',NULL,'2015-12-31 21:00:00'),('{ssLๆ๓\0%',NULL,'2015-12-31 21:00:00'),('{usLๆ๓\0%',NULL,'2015-12-31 21:00:00'),('{wsLๆ๓\0%',NULL,'2015-12-31 21:00:00'),('{ysLๆ๓\0%',NULL,'2015-12-31 21:00:00'),('{{sLๆ๓\0%',NULL,'2015-12-31 21:00:00'),('{}sLๆ๓\0%',NULL,'2015-12-31 21:00:00'),('{sLๆ๓\0%',NULL,'2015-12-31 21:00:00'),('{sLๆ๓\0%',NULL,'2015-12-31 21:00:00'),('{sLๆ๓\0%',NULL,'2015-12-31 21:00:00'),('{sLๆ๓\0%',NULL,'2015-12-31 21:00:00'),('{sLๆ๓\0%',NULL,'2015-12-31 21:00:00'),('{sLๆ๓\0%',NULL,'2015-12-31 21:00:00'),('{sLๆ๓\0%',NULL,'2015-12-31 21:00:00'),('{sLๆ๓\0%',NULL,'2015-12-31 21:00:00'),('{sLๆ๓\0%',NULL,'2015-12-31 21:00:00'),('{sLๆ๓\0%',NULL,'2015-12-31 21:00:00'),('{sLๆ๓\0%',NULL,'2015-12-31 21:00:00'),('{sLๆ๓\0%',NULL,'2015-12-31 21:00:00'),('{sLๆ๓\0%',NULL,'2015-12-31 21:00:00'),('{sLๆ๓\0%',NULL,'2015-12-31 21:00:00'),('{sLๆ๓\0%',NULL,'2015-12-31 21:00:00'),('{sLๆ๓\0%',NULL,'2015-12-31 21:00:00'),('{sLๆ๓\0%',NULL,'2015-12-31 21:00:00'),('{กsLๆ๓\0%',NULL,'2015-12-31 21:00:00'),('{ฃsLๆ๓\0%',NULL,'2015-12-31 21:00:00'),('{ฅsLๆ๓\0%',NULL,'2015-12-31 21:00:00'),('{งsLๆ๓\0%',NULL,'2015-12-31 21:00:00'),('{ฉsLๆ๓\0%',NULL,'2015-12-31 21:00:00'),('{ซsLๆ๓\0%',NULL,'2015-12-31 21:00:00'),('{ญsLๆ๓\0%',NULL,'2015-12-31 21:00:00'),('{ฏsLๆ๓\0%',NULL,'2015-12-31 21:00:00'),('{ฑsLๆ๓\0%',NULL,'2015-12-31 21:00:00'),('{ณsLๆ๓\0%',NULL,'2015-12-31 21:00:00'),('{ตsLๆ๓\0%',NULL,'2015-12-31 21:00:00'),('{ทsLๆ๓\0%',NULL,'2015-12-31 21:00:00'),('{นsLๆ๓\0%',NULL,'2015-12-31 21:00:00'),('{ปsLๆ๓\0%',NULL,'2015-12-31 21:00:00'),('{ฝsLๆ๓\0%',NULL,'2015-12-31 21:00:00'),('{ฟsLๆ๓\0%',NULL,'2015-12-31 21:00:00'),('{มsLๆ๓\0%',NULL,'2015-12-31 21:00:00'),('{รsLๆ๓\0%',NULL,'2015-12-31 21:00:00'),('{ลsLๆ๓\0%',NULL,'2015-12-31 21:00:00'),('{วsLๆ๓\0%',NULL,'2015-12-31 21:00:00'),('{ษsLๆ๓\0%',NULL,'2015-12-31 21:00:00'),('{หsLๆ๓\0%',NULL,'2015-12-31 21:00:00'),('{อsLๆ๓\0%',NULL,'2015-12-31 21:00:00'),('{ฯsLๆ๓\0%',NULL,'2015-12-31 21:00:00'),('{ัsLๆ๓\0%',NULL,'2015-12-31 21:00:00'),('{ำsLๆ๓\0%',NULL,'2015-12-31 21:00:00'),('{ีsLๆ๓\0%',NULL,'2015-12-31 21:00:00'),('{ืsLๆ๓\0%',NULL,'2015-12-31 21:00:00'),('{ูsLๆ๓\0%',NULL,'2015-12-31 21:00:00'),('{sLๆ๓\0%',NULL,'2015-12-31 21:00:00'),('{sLๆ๓\0%',NULL,'2015-12-31 21:00:00'),('{฿sLๆ๓\0%',NULL,'2015-12-31 21:00:00'),('{แsLๆ๓\0%',NULL,'2015-12-31 21:00:00'),('{ใsLๆ๓\0%',NULL,'2015-12-31 21:00:00'),('{ๅsLๆ๓\0%',NULL,'2015-12-31 21:00:00'),('{็sLๆ๓\0%',NULL,'2015-12-31 21:00:00'),('{้sLๆ๓\0%',NULL,'2015-12-31 21:00:00'),('{๋sLๆ๓\0%',NULL,'2015-12-31 21:00:00'),('{ํsLๆ๓\0%',NULL,'2015-12-31 21:00:00'),('{๏sLๆ๓\0%',NULL,'2015-12-31 21:00:00'),('{๑sLๆ๓\0%',NULL,'2015-12-31 21:00:00'),('{๓sLๆ๓\0%',NULL,'2015-12-31 21:00:00'),('{๕sLๆ๓\0%',NULL,'2015-12-31 21:00:00'),('{๗sLๆ๓\0%',NULL,'2015-12-31 21:00:00'),('{๙sLๆ๓\0%',NULL,'2015-12-31 21:00:00'),('{๛sLๆ๓\0%',NULL,'2015-12-31 21:00:00'),('{sLๆ๓\0%',NULL,'2015-12-31 21:00:00'),('{sLๆ๓\0%',NULL,'2015-12-31 21:00:00'),('{sLๆ๓\0%',NULL,'2015-12-31 21:00:00'),('{sLๆ๓\0%',NULL,'2015-12-31 21:00:00'),('{sLๆ๓\0%',NULL,'2015-12-31 21:00:00'),('{sLๆ๓\0%',NULL,'2015-12-31 21:00:00'),('{	sLๆ๓\0%',NULL,'2014-04-13 20:00:00'),('{sLๆ๓\0%',NULL,'2014-04-13 20:00:00'),('{\rsLๆ๓\0%',NULL,'2014-04-13 20:00:00'),('{sLๆ๓\0%',NULL,'2014-04-13 20:00:00'),('{sLๆ๓\0%',NULL,'2014-04-13 20:00:00'),('{sLๆ๓\0%',NULL,'2014-04-13 20:00:00'),('{sLๆ๓\0%',NULL,'2014-04-13 20:00:00'),('{sLๆ๓\0%',NULL,'2014-04-13 20:00:00'),('{sLๆ๓\0%',NULL,'2014-04-13 20:00:00'),('{sLๆ๓\0%',NULL,'2014-04-13 20:00:00'),('{sLๆ๓\0%',NULL,'2014-04-13 20:00:00'),('{sLๆ๓\0%',NULL,'2014-04-13 20:00:00'),('{!sLๆ๓\0%',NULL,'2014-04-13 20:00:00'),('{#sLๆ๓\0%',NULL,'2014-04-13 20:00:00'),('oฟisLๆ๓\0%','c@รqๆ๓\0%','2015-12-31 21:00:00'),('oฟksLๆ๓\0%','c@รqๆ๓\0%','2015-12-31 21:00:00'),('oฟmsLๆ๓\0%','c@รqๆ๓\0%','2015-12-31 21:00:00'),('{osLๆ๓\0%','c@ลqๆ๓\0%','2015-12-31 21:00:00'),('{ysLๆ๓\0%','c@ลqๆ๓\0%','2015-12-31 21:00:00'),('{{sLๆ๓\0%','c@ลqๆ๓\0%','2015-12-31 21:00:00'),('{usLๆ๓\0%','c@วqๆ๓\0%','2015-12-31 21:00:00'),('{wsLๆ๓\0%','c@วqๆ๓\0%','2015-12-31 21:00:00'),('{qsLๆ๓\0%','c@ษqๆ๓\0%','2015-12-31 21:00:00'),('{ssLๆ๓\0%','c@ษqๆ๓\0%','2015-12-31 21:00:00'),('{msLๆ๓\0%','c@หqๆ๓\0%','2015-12-31 21:00:00'),('{gsLๆ๓\0%','c@อqๆ๓\0%','2015-12-31 21:00:00'),('{isLๆ๓\0%','c@อqๆ๓\0%','2015-12-31 21:00:00'),('{_sLๆ๓\0%','c@ฯqๆ๓\0%','2015-12-31 21:00:00'),('{asLๆ๓\0%','c@ฯqๆ๓\0%','2015-12-31 21:00:00'),('{csLๆ๓\0%','c@ฯqๆ๓\0%','2015-12-31 21:00:00'),('{esLๆ๓\0%','c@ฯqๆ๓\0%','2015-12-31 21:00:00'),('{YsLๆ๓\0%','c@ัqๆ๓\0%','2015-12-31 21:00:00'),('{[sLๆ๓\0%','c@ัqๆ๓\0%','2015-12-31 21:00:00'),('{]sLๆ๓\0%','c@ัqๆ๓\0%','2015-12-31 21:00:00'),('{WsLๆ๓\0%','c@ำqๆ๓\0%','2015-12-31 21:00:00'),('{ksLๆ๓\0%','c@ีqๆ๓\0%','2015-12-31 21:00:00'),('{}sLๆ๓\0%','c@ีqๆ๓\0%','2015-12-31 21:00:00'),('{sLๆ๓\0%','c@ีqๆ๓\0%','2015-12-31 21:00:00'),('{sLๆ๓\0%','c@ีqๆ๓\0%','2015-12-31 21:00:00'),('{sLๆ๓\0%','c@ีqๆ๓\0%','2015-12-31 21:00:00'),('{sLๆ๓\0%','c@ีqๆ๓\0%','2015-12-31 21:00:00'),('{ูsLๆ๓\0%','c@ืqๆ๓\0%','2015-12-31 21:00:00'),('{sLๆ๓\0%','c@ืqๆ๓\0%','2015-12-31 21:00:00'),('{฿sLๆ๓\0%','c@ืqๆ๓\0%','2015-12-31 21:00:00'),('{แsLๆ๓\0%','c@ืqๆ๓\0%','2015-12-31 21:00:00'),('{ใsLๆ๓\0%','c@ืqๆ๓\0%','2015-12-31 21:00:00'),('{ฉsLๆ๓\0%','c@ูqๆ๓\0%','2015-12-31 21:00:00'),('{ซsLๆ๓\0%','c@ูqๆ๓\0%','2015-12-31 21:00:00'),('{ญsLๆ๓\0%','c@ูqๆ๓\0%','2015-12-31 21:00:00'),('{ฏsLๆ๓\0%','c@ูqๆ๓\0%','2015-12-31 21:00:00'),('oฟqsLๆ๓\0%','c@qๆ๓\0%','2015-12-31 21:00:00'),('{กsLๆ๓\0%','c@qๆ๓\0%','2015-12-31 21:00:00'),('{ฃsLๆ๓\0%','c@qๆ๓\0%','2015-12-31 21:00:00'),('{ฅsLๆ๓\0%','c@qๆ๓\0%','2015-12-31 21:00:00'),('{งsLๆ๓\0%','c@qๆ๓\0%','2015-12-31 21:00:00'),('oฟosLๆ๓\0%','c@qๆ๓\0%','2015-12-31 21:00:00'),('{sLๆ๓\0%','c@qๆ๓\0%','2015-12-31 21:00:00'),('{sLๆ๓\0%','c@qๆ๓\0%','2015-12-31 21:00:00'),('oฟesLๆ๓\0%','c@฿qๆ๓\0%','2015-12-31 21:00:00'),('oฟgsLๆ๓\0%','c@฿qๆ๓\0%','2015-12-31 21:00:00'),('oฟ]sLๆ๓\0%','c@แqๆ๓\0%','2015-12-31 21:00:00'),('oฟ_sLๆ๓\0%','c@แqๆ๓\0%','2015-12-31 21:00:00'),('oฟasLๆ๓\0%','c@แqๆ๓\0%','2015-12-31 21:00:00'),('oฟcsLๆ๓\0%','c@แqๆ๓\0%','2015-12-31 21:00:00'),('{๋sLๆ๓\0%','c@ใqๆ๓\0%','2015-12-31 21:00:00'),('{ํsLๆ๓\0%','c@ใqๆ๓\0%','2015-12-31 21:00:00'),('{๏sLๆ๓\0%','c@ใqๆ๓\0%','2015-12-31 21:00:00'),('{ๅsLๆ๓\0%','c@ๅqๆ๓\0%','2015-12-31 21:00:00'),('{็sLๆ๓\0%','c@ๅqๆ๓\0%','2015-12-31 21:00:00'),('{้sLๆ๓\0%','c@ๅqๆ๓\0%','2015-12-31 21:00:00'),('{ำsLๆ๓\0%','c@็qๆ๓\0%','2015-12-31 21:00:00'),('{ีsLๆ๓\0%','c@็qๆ๓\0%','2015-12-31 21:00:00'),('{ืsLๆ๓\0%','c@็qๆ๓\0%','2015-12-31 21:00:00'),('oฟ[sLๆ๓\0%','ฯ}\nqๆ๓\0%','2015-12-31 21:00:00'),('{ัsLๆ๓\0%','ฯ}\nqๆ๓\0%','2015-12-31 21:00:00'),('{ษsLๆ๓\0%','ฯ}\nqๆ๓\0%','2015-12-31 21:00:00'),('{หsLๆ๓\0%','ฯ}\nqๆ๓\0%','2015-12-31 21:00:00'),('{อsLๆ๓\0%','ฯ}\nqๆ๓\0%','2015-12-31 21:00:00'),('{ฯsLๆ๓\0%','ฯ}\nqๆ๓\0%','2015-12-31 21:00:00'),('{รsLๆ๓\0%','ฯ}\n฿qๆ๓\0%','2015-12-31 21:00:00'),('{ลsLๆ๓\0%','ฯ}\n฿qๆ๓\0%','2015-12-31 21:00:00'),('{วsLๆ๓\0%','ฯ}\n฿qๆ๓\0%','2015-12-31 21:00:00'),('{ฝsLๆ๓\0%','ฯ}\nแqๆ๓\0%','2015-12-31 21:00:00'),('{ฟsLๆ๓\0%','ฯ}\nแqๆ๓\0%','2015-12-31 21:00:00'),('{มsLๆ๓\0%','ฯ}\nแqๆ๓\0%','2015-12-31 21:00:00'),('{ทsLๆ๓\0%','ฯ}\nใqๆ๓\0%','2015-12-31 21:00:00'),('{นsLๆ๓\0%','ฯ}\nใqๆ๓\0%','2015-12-31 21:00:00'),('{ปsLๆ๓\0%','ฯ}\nใqๆ๓\0%','2015-12-31 21:00:00'),('{ฑsLๆ๓\0%','ฯ}\nๅqๆ๓\0%','2015-12-31 21:00:00'),('{ณsLๆ๓\0%','ฯ}\nๅqๆ๓\0%','2015-12-31 21:00:00'),('{ตsLๆ๓\0%','ฯ}\nๅqๆ๓\0%','2015-12-31 21:00:00'),('{๑sLๆ๓\0%','ฯ}\n็qๆ๓\0%','2015-12-31 21:00:00'),('{๓sLๆ๓\0%','ฯ}\n็qๆ๓\0%','2015-12-31 21:00:00'),('{๕sLๆ๓\0%','ฯ}\n็qๆ๓\0%','2015-12-31 21:00:00'),('{๗sLๆ๓\0%','ฯ}\n็qๆ๓\0%','2015-12-31 21:00:00'),('{๙sLๆ๓\0%','ฯ}\n้qๆ๓\0%','2015-12-31 21:00:00'),('{!sLๆ๓\0%','ฯ}\n้qๆ๓\0%','2015-12-31 21:00:00'),('{1sLๆ๓\0%','ฯ}\n้qๆ๓\0%','2015-12-31 21:00:00'),('{QsLๆ๓\0%','ฯ}\n้qๆ๓\0%','2015-12-31 21:00:00'),('{SsLๆ๓\0%','ฯ}\n้qๆ๓\0%','2015-12-31 21:00:00'),('{UsLๆ๓\0%','ฯ}\n้qๆ๓\0%','2015-12-31 21:00:00'),('{GsLๆ๓\0%','ฯ}\n๋qๆ๓\0%','2015-12-31 21:00:00'),('{IsLๆ๓\0%','ฯ}\n๋qๆ๓\0%','2015-12-31 21:00:00'),('{KsLๆ๓\0%','ฯ}\n๋qๆ๓\0%','2015-12-31 21:00:00'),('{MsLๆ๓\0%','ฯ}\n๋qๆ๓\0%','2015-12-31 21:00:00'),('{OsLๆ๓\0%','ฯ}\n๋qๆ๓\0%','2015-12-31 21:00:00'),('{3sLๆ๓\0%','ฯ}\nํqๆ๓\0%','2015-12-31 21:00:00'),('{EsLๆ๓\0%','ฯ}\nํqๆ๓\0%','2015-12-31 21:00:00'),('{?sLๆ๓\0%','ฯ}\n๏qๆ๓\0%','2015-12-31 21:00:00'),('{AsLๆ๓\0%','ฯ}\n๏qๆ๓\0%','2015-12-31 21:00:00'),('{CsLๆ๓\0%','ฯ}\n๏qๆ๓\0%','2015-12-31 21:00:00'),('{5sLๆ๓\0%','ฯ}\n๑qๆ๓\0%','2015-12-31 21:00:00'),('{7sLๆ๓\0%','ฯ}\n๑qๆ๓\0%','2015-12-31 21:00:00'),('{9sLๆ๓\0%','ฯ}\n๑qๆ๓\0%','2015-12-31 21:00:00'),('{;sLๆ๓\0%','ฯ}\n๑qๆ๓\0%','2015-12-31 21:00:00'),('{=sLๆ๓\0%','ฯ}\n๑qๆ๓\0%','2015-12-31 21:00:00'),('{)sLๆ๓\0%','ฯ}\n๓qๆ๓\0%','2015-12-31 21:00:00'),('{+sLๆ๓\0%','ฯ}\n๓qๆ๓\0%','2015-12-31 21:00:00'),('{-sLๆ๓\0%','ฯ}\n๓qๆ๓\0%','2015-12-31 21:00:00'),('{/sLๆ๓\0%','ฯ}\n๓qๆ๓\0%','2015-12-31 21:00:00'),('{#sLๆ๓\0%','ฯ}\n๕qๆ๓\0%','2015-12-31 21:00:00'),('{%sLๆ๓\0%','ฯ}\n๕qๆ๓\0%','2015-12-31 21:00:00'),('{\'sLๆ๓\0%','ฯ}\n๕qๆ๓\0%','2015-12-31 21:00:00'),('{sLๆ๓\0%','ฯ}\n๗qๆ๓\0%','2015-12-31 21:00:00'),('{sLๆ๓\0%','ฯ}\n๗qๆ๓\0%','2015-12-31 21:00:00'),('{sLๆ๓\0%','ฯ}\n๗qๆ๓\0%','2015-12-31 21:00:00'),('{sLๆ๓\0%','ฯ}\n๙qๆ๓\0%','2015-12-31 21:00:00'),('{sLๆ๓\0%','ฯ}\n๙qๆ๓\0%','2015-12-31 21:00:00'),('{sLๆ๓\0%','ฯ}\n๙qๆ๓\0%','2015-12-31 21:00:00'),('{sLๆ๓\0%','ฯ}\n๛qๆ๓\0%','2015-12-31 21:00:00'),('{sLๆ๓\0%','ฯ}\n๛qๆ๓\0%','2015-12-31 21:00:00'),('{sLๆ๓\0%','ฯ}\n๛qๆ๓\0%','2015-12-31 21:00:00'),('{	sLๆ๓\0%','ฯ}\nqๆ๓\0%','2015-12-31 21:00:00'),('{sLๆ๓\0%','ฯ}\nqๆ๓\0%','2015-12-31 21:00:00'),('{\rsLๆ๓\0%','ฯ}\nqๆ๓\0%','2015-12-31 21:00:00'),('{sLๆ๓\0%','ฯ}\nqๆ๓\0%','2015-12-31 21:00:00'),('{sLๆ๓\0%','ฯ}\nqๆ๓\0%','2015-12-31 21:00:00'),('{sLๆ๓\0%','ฯ}\nqๆ๓\0%','2015-12-31 21:00:00'),('{sLๆ๓\0%','ฯ}\nqๆ๓\0%','2015-12-31 21:00:00'),('{๛sLๆ๓\0%','ฯ}qๆ๓\0%','2015-12-31 21:00:00'),('{sLๆ๓\0%','ฯ}qๆ๓\0%','2015-12-31 21:00:00'),('{sLๆ๓\0%','ฯ}qๆ๓\0%','2015-12-31 21:00:00'),('{sLๆ๓\0%','ฯ}qๆ๓\0%','2015-12-31 21:00:00'),('{sLๆ๓\0%','ฯ}qๆ๓\0%','2015-12-31 21:00:00'),('{กsLๆ๓\0%','ฯ}qๆ๓\0%','2015-12-31 21:00:00'),('{ฃsLๆ๓\0%','ฯ}qๆ๓\0%','2015-12-31 21:00:00'),('{sLๆ๓\0%','ฯ}qๆ๓\0%','2015-12-31 21:00:00'),('{sLๆ๓\0%','ฯ}qๆ๓\0%','2015-12-31 21:00:00'),('{sLๆ๓\0%','ฯ}qๆ๓\0%','2015-12-31 21:00:00'),('{sLๆ๓\0%','ฯ}qๆ๓\0%','2015-12-31 21:00:00'),('{sLๆ๓\0%','ฯ}qๆ๓\0%','2015-12-31 21:00:00'),('{sLๆ๓\0%','ฯ}qๆ๓\0%','2015-12-31 21:00:00'),('{sLๆ๓\0%','ฯ}	qๆ๓\0%','2015-12-31 21:00:00'),('{sLๆ๓\0%','ฯ}	qๆ๓\0%','2015-12-31 21:00:00'),('{sLๆ๓\0%','ฯ}	qๆ๓\0%','2015-12-31 21:00:00'),('{sLๆ๓\0%','ฯ}	qๆ๓\0%','2015-12-31 21:00:00'),('{sLๆ๓\0%','ฯ}qๆ๓\0%','2015-12-31 21:00:00'),('oฟSsLๆ๓\0%','ฯ}\rqๆ๓\0%','2015-12-31 21:00:00'),('oฟUsLๆ๓\0%','ฯ}\rqๆ๓\0%','2015-12-31 21:00:00'),('oฟWsLๆ๓\0%','ฯ}\rqๆ๓\0%','2015-12-31 21:00:00'),('oฟYsLๆ๓\0%','ฯ}\rqๆ๓\0%','2015-12-31 21:00:00'),('oฟKsLๆ๓\0%','ฯ}qๆ๓\0%','2015-12-31 21:00:00'),('oฟMsLๆ๓\0%','ฯ}qๆ๓\0%','2015-12-31 21:00:00'),('oฟOsLๆ๓\0%','ฯ}qๆ๓\0%','2015-12-31 21:00:00'),('oฟQsLๆ๓\0%','ฯ}qๆ๓\0%','2015-12-31 21:00:00'),('oฟGsLๆ๓\0%','ฯ}qๆ๓\0%','2015-12-31 21:00:00'),('oฟIsLๆ๓\0%','ฯ}qๆ๓\0%','2015-12-31 21:00:00'),('oฟCsLๆ๓\0%','ฯ}qๆ๓\0%','2015-12-31 21:00:00'),('oฟEsLๆ๓\0%','ฯ}qๆ๓\0%','2015-12-31 21:00:00'),('oฟ=sLๆ๓\0%','ฯ}qๆ๓\0%','2015-12-31 21:00:00'),('oฟ?sLๆ๓\0%','ฯ}qๆ๓\0%','2015-12-31 21:00:00'),('oฟAsLๆ๓\0%','ฯ}qๆ๓\0%','2015-12-31 21:00:00'),('oฟ7sLๆ๓\0%','ฯ}qๆ๓\0%','2015-12-31 21:00:00'),('oฟ9sLๆ๓\0%','ฯ}qๆ๓\0%','2015-12-31 21:00:00'),('oฟ;sLๆ๓\0%','ฯ}qๆ๓\0%','2015-12-31 21:00:00'),('oฟ1sLๆ๓\0%','ฯ}qๆ๓\0%','2015-12-31 21:00:00'),('oฟ3sLๆ๓\0%','ฯ}qๆ๓\0%','2015-12-31 21:00:00'),('oฟ5sLๆ๓\0%','ฯ}qๆ๓\0%','2015-12-31 21:00:00'),('oฟ+sLๆ๓\0%','ฯ}qๆ๓\0%','2015-12-31 21:00:00'),('oฟ-sLๆ๓\0%','ฯ}qๆ๓\0%','2015-12-31 21:00:00'),('oฟ/sLๆ๓\0%','ฯ}qๆ๓\0%','2015-12-31 21:00:00'),('oฟ%sLๆ๓\0%','ฯ}qๆ๓\0%','2015-12-31 21:00:00'),('oฟ\'sLๆ๓\0%','ฯ}qๆ๓\0%','2015-12-31 21:00:00'),('oฟ)sLๆ๓\0%','ฯ}qๆ๓\0%','2015-12-31 21:00:00'),('oฟ!sLๆ๓\0%','ฯ}qๆ๓\0%','2015-12-31 21:00:00'),('oฟ#sLๆ๓\0%','ฯ}qๆ๓\0%','2015-12-31 21:00:00'),('oฟsLๆ๓\0%','ฯ}!qๆ๓\0%','2015-12-31 21:00:00'),('oฟsLๆ๓\0%','ฯ}!qๆ๓\0%','2015-12-31 21:00:00'),('oฟsLๆ๓\0%','ฯ}!qๆ๓\0%','2015-12-31 21:00:00'),('oฟsLๆ๓\0%','ฯ}!qๆ๓\0%','2015-12-31 21:00:00'),('oฟsLๆ๓\0%','ฯ}!qๆ๓\0%','2015-12-31 21:00:00'),('oฟsLๆ๓\0%','ฯ}#qๆ๓\0%','2015-12-31 21:00:00'),('oฟsLๆ๓\0%','ฯ}#qๆ๓\0%','2015-12-31 21:00:00'),('oฟsLๆ๓\0%','ฯ}#qๆ๓\0%','2015-12-31 21:00:00'),('oฟ	sLๆ๓\0%','ฯ}%qๆ๓\0%','2015-12-31 21:00:00'),('oฟsLๆ๓\0%','ฯ}%qๆ๓\0%','2015-12-31 21:00:00'),('oฟ\rsLๆ๓\0%','ฯ}%qๆ๓\0%','2015-12-31 21:00:00'),('oฟsLๆ๓\0%','ฯ}%qๆ๓\0%','2015-12-31 21:00:00'),('oฟsLๆ๓\0%','ฯ}\'qๆ๓\0%','2015-12-31 21:00:00'),('oฟsLๆ๓\0%','ฯ}\'qๆ๓\0%','2015-12-31 21:00:00'),('oฟsLๆ๓\0%','ฯ}\'qๆ๓\0%','2015-12-31 21:00:00'),('oฟsLๆ๓\0%','ฯ})qๆ๓\0%','2015-12-31 21:00:00'),('oพsLๆ๓\0%','ฯ}+qๆ๓\0%','2015-12-31 21:00:00'),('oพsLๆ๓\0%','ฯ}+qๆ๓\0%','2015-12-31 21:00:00'),('oพ๗sLๆ๓\0%','ฯ}-qๆ๓\0%','2015-12-31 21:00:00'),('oพ๙sLๆ๓\0%','ฯ}-qๆ๓\0%','2015-12-31 21:00:00'),('oพ๛sLๆ๓\0%','ฯ}-qๆ๓\0%','2015-12-31 21:00:00'),('oพกsLๆ๓\0%','ฯ}/qๆ๓\0%','2014-04-13 20:00:00'),('oพฃsLๆ๓\0%','ฯ}/qๆ๓\0%','2014-04-13 20:00:00'),('oพฅsLๆ๓\0%','ฯ}/qๆ๓\0%','2014-04-13 20:00:00'),('oพญsLๆ๓\0%','ฯ}/qๆ๓\0%','2014-04-13 20:00:00'),('oพงsLๆ๓\0%','ฯ}1qๆ๓\0%','2014-04-13 20:00:00'),('oพฉsLๆ๓\0%','ฯ}1qๆ๓\0%','2014-04-13 20:00:00'),('oพซsLๆ๓\0%','ฯ}1qๆ๓\0%','2014-04-13 20:00:00'),('oพฏsLๆ๓\0%','ฯ}1qๆ๓\0%','2014-04-13 20:00:00'),('oพฑsLๆ๓\0%','ฯ}3qๆ๓\0%','2014-04-13 20:00:00'),('oพณsLๆ๓\0%','ฯ}3qๆ๓\0%','2014-04-13 20:00:00'),('oพตsLๆ๓\0%','ฯ}3qๆ๓\0%','2014-04-13 20:00:00'),('oพทsLๆ๓\0%','ฯ}5qๆ๓\0%','2014-04-13 20:00:00'),('oพนsLๆ๓\0%','ฯ}5qๆ๓\0%','2014-04-13 20:00:00'),('oพปsLๆ๓\0%','ฯ}5qๆ๓\0%','2014-04-13 20:00:00'),('oพำsLๆ๓\0%','ฯ}7qๆ๓\0%','2014-04-13 20:00:00'),('oพแsLๆ๓\0%','ฯ}7qๆ๓\0%','2014-04-13 20:00:00'),('oพใsLๆ๓\0%','ฯ}7qๆ๓\0%','2014-04-13 20:00:00'),('oพๅsLๆ๓\0%','ฯ}7qๆ๓\0%','2014-04-13 20:00:00'),('oพ็sLๆ๓\0%','ฯ}9qๆ๓\0%','2014-04-13 20:00:00'),('oพ้sLๆ๓\0%','ฯ}9qๆ๓\0%','2014-04-13 20:00:00'),('oพูsLๆ๓\0%','ฯ};qๆ๓\0%','2014-04-13 20:00:00'),('oพsLๆ๓\0%','ฯ};qๆ๓\0%','2014-04-13 20:00:00'),('oพีsLๆ๓\0%','ฯ}=qๆ๓\0%','2014-04-13 20:00:00'),('oพืsLๆ๓\0%','ฯ}=qๆ๓\0%','2014-04-13 20:00:00'),('oพฝsLๆ๓\0%','ฯ}?qๆ๓\0%','2014-04-13 20:00:00'),('oพฟsLๆ๓\0%','ฯ}?qๆ๓\0%','2014-04-13 20:00:00'),('oพมsLๆ๓\0%','ฯ}?qๆ๓\0%','2014-04-13 20:00:00'),('oพฯsLๆ๓\0%','ฯ}Aqๆ๓\0%','2014-04-13 20:00:00'),('oพัsLๆ๓\0%','ฯ}Aqๆ๓\0%','2014-04-13 20:00:00'),('oพรsLๆ๓\0%','ฯ}Cqๆ๓\0%','2014-04-13 20:00:00'),('oพลsLๆ๓\0%','ฯ}Cqๆ๓\0%','2014-04-13 20:00:00'),('oพวsLๆ๓\0%','ฯ}Cqๆ๓\0%','2014-04-13 20:00:00'),('oพษsLๆ๓\0%','ฯ}Cqๆ๓\0%','2014-04-13 20:00:00');
/*!40000 ALTER TABLE `equipmentWorkplaceLog` ENABLE KEYS */;
UNLOCK TABLES;

--
-- Table structure for table `partnerDivisions`
--

DROP TABLE IF EXISTS `partnerDivisions`;
/*!40101 SET @saved_cs_client     = @@character_set_client */;
/*!40101 SET character_set_client = utf8 */;
CREATE TABLE `partnerDivisions` (
  `contractDivision_guid` binary(16) NOT NULL,
  `partner_guid` binary(16) NOT NULL,
  PRIMARY KEY (`contractDivision_guid`,`partner_guid`),
  KEY `fk_partnerDivisions_contractDivision_IDX` (`contractDivision_guid`),
  KEY `fk_partnerDivisions_partner_IDX` (`partner_guid`),
  CONSTRAINT `fk_partnerDivisions_contractDivision` FOREIGN KEY (`contractDivision_guid`) REFERENCES `contractDivisions` (`guid`) ON DELETE NO ACTION ON UPDATE NO ACTION,
  CONSTRAINT `fk_partnerDivisions_partner` FOREIGN KEY (`partner_guid`) REFERENCES `partners` (`guid`) ON DELETE NO ACTION ON UPDATE NO ACTION
) ENGINE=InnoDB DEFAULT CHARSET=utf8;
/*!40101 SET character_set_client = @saved_cs_client */;

--
-- Dumping data for table `partnerDivisions`
--

LOCK TABLES `partnerDivisions` WRITE;
/*!40000 ALTER TABLE `partnerDivisions` DISABLE KEYS */;
/*!40000 ALTER TABLE `partnerDivisions` ENABLE KEYS */;
UNLOCK TABLES;

--
-- Table structure for table `partners`
--

DROP TABLE IF EXISTS `partners`;
/*!40101 SET @saved_cs_client     = @@character_set_client */;
/*!40101 SET character_set_client = utf8 */;
CREATE TABLE `partners` (
  `guid` binary(16) NOT NULL,
  `name` varchar(255) DEFAULT NULL,
  `address` text,
  PRIMARY KEY (`guid`),
  UNIQUE KEY `name` (`name`)
) ENGINE=InnoDB DEFAULT CHARSET=utf8 COMMENT='ะะพะดััะดัะธะบะธ';
/*!40101 SET character_set_client = @saved_cs_client */;

--
-- Dumping data for table `partners`
--

LOCK TABLES `partners` WRITE;
/*!40000 ALTER TABLE `partners` DISABLE KEYS */;
INSERT INTO `partners` VALUES (')N๙nๆ๓\0%','ะะฑัะฐะผะตะฝะบะพ ะะปะตะบัะตะน ะะณะพัะตะฒะธั','ะณ. ะะตัะพัะฐ'),('ศ๔nๆ๓\0%','ะะตะปะพะฒ ะะพะฝััะฐะฝัะธะฝ ะะปะตะบัะฐะฝะดัะพะฒะธั',''),('ศ๖nๆ๓\0%','ะะะ \"ะะธะฐะป\"','');
/*!40000 ALTER TABLE `partners` ENABLE KEYS */;
UNLOCK TABLES;

--
-- Table structure for table `plannedRequests`
--

DROP TABLE IF EXISTS `plannedRequests`;
/*!40101 SET @saved_cs_client     = @@character_set_client */;
/*!40101 SET character_set_client = utf8 */;
CREATE TABLE `plannedRequests` (
  `id` bigint(20) NOT NULL AUTO_INCREMENT,
  `contractDivision_guid` binary(16) NOT NULL,
  `service_guid` binary(16) DEFAULT NULL,
  `slaLevel` enum('critical','high','medium','low') DEFAULT 'medium',
  `intervalYears` int(11) NOT NULL DEFAULT '0',
  `intervalMonths` int(11) NOT NULL DEFAULT '0',
  `intervalWeeks` int(11) NOT NULL DEFAULT '0',
  `intervalDays` int(11) NOT NULL DEFAULT '0',
  `nextDate` date DEFAULT NULL,
  `preStart` int(10) unsigned DEFAULT NULL,
  `problem` text,
  PRIMARY KEY (`id`),
  KEY `fk_service_idx` (`service_guid`),
  KEY `fk_division_idx` (`contractDivision_guid`),
  CONSTRAINT `fk_contractDivisions` FOREIGN KEY (`contractDivision_guid`) REFERENCES `contractDivisions` (`guid`) ON DELETE NO ACTION ON UPDATE NO ACTION,
  CONSTRAINT `fk_service` FOREIGN KEY (`service_guid`) REFERENCES `services` (`guid`) ON DELETE NO ACTION ON UPDATE NO ACTION
) ENGINE=InnoDB AUTO_INCREMENT=3 DEFAULT CHARSET=utf8;
/*!40101 SET character_set_client = @saved_cs_client */;

--
-- Dumping data for table `plannedRequests`
--

LOCK TABLES `plannedRequests` WRITE;
/*!40000 ALTER TABLE `plannedRequests` DISABLE KEYS */;
INSERT INTO `plannedRequests` VALUES (2,'งืkมnไO\0%','ใฎmไๆ๓\0%','medium',0,1,2,0,'2016-11-17',5,'ะขะตัั 1');
/*!40000 ALTER TABLE `plannedRequests` ENABLE KEYS */;
UNLOCK TABLES;

--
-- Table structure for table `requestEvents`
--

DROP TABLE IF EXISTS `requestEvents`;
/*!40101 SET @saved_cs_client     = @@character_set_client */;
/*!40101 SET character_set_client = utf8 */;
CREATE TABLE `requestEvents` (
  `id` bigint(20) NOT NULL AUTO_INCREMENT,
  `timestamp` timestamp NULL DEFAULT CURRENT_TIMESTAMP,
  `event` set('open','changeState','changeDate','comment','addDocument','onWait','offWait','unClose','unCancel','eqChange') DEFAULT NULL,
  `text` text,
  `newState` set('received','accepted','fixed','repaired','closed','canceled','planned') DEFAULT NULL,
  `request_guid` binary(16) NOT NULL,
  `user_guid` binary(16) DEFAULT NULL,
  `mailed` tinyint(1) unsigned DEFAULT '0',
  PRIMARY KEY (`id`),
  UNIQUE KEY `byRequest_time_name` (`request_guid`,`timestamp`,`event`),
  KEY `fk_requestEvents_request_IDX` (`request_guid`),
  KEY `fk_requestEvents_user_IDX` (`user_guid`),
  KEY `byMailed` (`mailed`),
  KEY `byTimestamp` (`timestamp`),
  CONSTRAINT `fk_requestEvents_request` FOREIGN KEY (`request_guid`) REFERENCES `requests` (`guid`) ON DELETE NO ACTION ON UPDATE NO ACTION,
  CONSTRAINT `fk_requestEvents_user` FOREIGN KEY (`user_guid`) REFERENCES `users` (`guid`) ON DELETE NO ACTION ON UPDATE NO ACTION
) ENGINE=InnoDB AUTO_INCREMENT=947 DEFAULT CHARSET=utf8 COMMENT='ะะพะผะผะตะฝัะฐัะธะธ ะบ ะทะฐัะฒะบะฐะผ';
/*!40101 SET character_set_client = @saved_cs_client */;

--
-- Dumping data for table `requestEvents`
--

LOCK TABLES `requestEvents` WRITE;
/*!40000 ALTER TABLE `requestEvents` DISABLE KEYS */;
INSERT INTO `requestEvents` VALUES (797,'2016-09-23 11:25:56','open',NULL,'received','ฒ	Sๆ๓\0%',',-ีs๗ๆ๓\0%',0),(798,'2016-09-23 12:08:02','open',NULL,'received','rพ|ๆ๓\0%',',-ีฒs๗ๆ๓\0%',0),(800,'2016-09-23 12:12:02','open',NULL,'received','rพๆ๓\0%',',-ีธs๗ๆ๓\0%',0),(801,'2016-09-23 12:23:40','open',NULL,'received','rพๆ๓\0%',',-ีธs๗ๆ๓\0%',0),(802,'2016-09-23 11:25:57','changeState',NULL,'received','ฒ	Sๆ๓\0%','ZึPtๆ๓\0%',0),(803,'2016-09-23 11:26:06','changeState',NULL,'accepted','ฒ	Sๆ๓\0%','ZึPtๆ๓\0%',0),(804,'2016-09-23 11:26:08','comment','ัะฒัะฐัะฒัะฐ','accepted','ฒ	Sๆ๓\0%','Zึ4tๆ๓\0%',0),(805,'2016-09-23 11:26:28','changeState',NULL,'received','ฒ	Sๆ๓\0%','ZึPtๆ๓\0%',0),(806,'2016-09-23 11:26:56','changeState',NULL,'fixed','ฒ	Sๆ๓\0%','ZึPtๆ๓\0%',0),(807,'2016-09-23 11:27:05','changeState',NULL,'accepted','ฒ	Sๆ๓\0%','ZึPtๆ๓\0%',0),(808,'2016-09-23 11:27:37','changeState',NULL,'received','ฒ	Sๆ๓\0%','ZึPtๆ๓\0%',0),(809,'2016-09-23 12:05:18','changeState',NULL,'accepted','ฒ	Sๆ๓\0%','ZึPtๆ๓\0%',0),(810,'2016-09-23 12:06:45','changeState',NULL,'fixed','ฒ	Sๆ๓\0%','ZึPtๆ๓\0%',0),(811,'2016-09-23 12:07:01','comment','cevtttt','fixed','ฒ	Sๆ๓\0%',',-ีs๗ๆ๓\0%',0),(812,'2016-09-23 12:07:32','changeState',NULL,'closed','ฒ	Sๆ๓\0%','ZึPtๆ๓\0%',0),(813,'2016-09-23 12:08:55','eqChange','ะกัะฐัะพะต ะพะฑะพััะดะพะฒะฐะฝะธะต: ะฝะต ัะบะฐะทะฐะฝะพ\nะะพะฒะพะต ะพะฑะพััะดะพะฒะฐะฝะธะต: 1001089 - LG L1742SE (0)','','rพ|ๆ๓\0%','ZึPtๆ๓\0%',0),(814,'2016-09-23 12:09:03','changeState',NULL,'accepted','rพ|ๆ๓\0%','ZึPtๆ๓\0%',0),(815,'2016-09-23 12:10:12','changeState',NULL,'closed','rพ|ๆ๓\0%','ZึPtๆ๓\0%',0),(818,'2016-09-23 12:12:11','eqChange','ะกัะฐัะพะต ะพะฑะพััะดะพะฒะฐะฝะธะต: ะฝะต ัะบะฐะทะฐะฝะพ\nะะพะฒะพะต ะพะฑะพััะดะพะฒะฐะฝะธะต: 1001471 - Ippon BackPower Pro 600 (0)','','rพๆ๓\0%','ZึPtๆ๓\0%',0),(819,'2016-09-23 12:12:34','changeState',NULL,'accepted','rพๆ๓\0%',NULL,0),(820,'2016-09-23 12:22:37','onWait',NULL,'accepted','rพๆ๓\0%','ZึPtๆ๓\0%',0),(821,'2016-09-23 12:22:55','offWait',NULL,'accepted','rพๆ๓\0%','ZึPtๆ๓\0%',0),(822,'2016-09-23 12:22:55','changeState',NULL,'accepted','rพๆ๓\0%','ZึPtๆ๓\0%',0),(823,'2016-09-23 12:34:48','comment','1231231111','accepted','rพๆ๓\0%',',-ีธs๗ๆ๓\0%',0),(824,'2016-09-23 12:23:57','changeState',NULL,'received','rพๆ๓\0%','ZึPtๆ๓\0%',0),(825,'2016-09-23 12:23:58','eqChange','ะกัะฐัะพะต ะพะฑะพััะดะพะฒะฐะฝะธะต: ะฝะต ัะบะฐะทะฐะฝะพ\nะะพะฒะพะต ะพะฑะพััะดะพะฒะฐะฝะธะต: 1001489 - NoName ะกะตัะฒะตั (0)','received','rพๆ๓\0%','ZึPtๆ๓\0%',0),(826,'2016-09-23 12:24:10','changeState',NULL,'accepted','rพๆ๓\0%','ZึPtๆ๓\0%',0),(827,'2016-09-23 12:29:32','onWait','ะฟะตัะตะฝะตัะตะฝะฐ ะฟะพ ัะพะณะปะฐัะพะฒะฐะฝะธั ั ะบะปะธะตะฝัะพะผ','accepted','rพๆ๓\0%','ZึPtๆ๓\0%',0),(828,'2016-09-23 12:32:30','offWait',NULL,'accepted','rพๆ๓\0%','ZึPtๆ๓\0%',0),(829,'2016-09-23 12:32:30','changeState',NULL,'received','rพๆ๓\0%','ZึPtๆ๓\0%',0),(830,'2016-09-23 12:32:33','changeState',NULL,'accepted','rพๆ๓\0%','ZึPtๆ๓\0%',0),(831,'2016-09-28 12:21:00','onWait','ะฟัะพะดะปะตะฝะพ','accepted','rพๆ๓\0%','ZึPtๆ๓\0%',0),(832,'2016-09-23 11:26:45','addDocument',NULL,NULL,'ฒ	Sๆ๓\0%','ZึPtๆ๓\0%',0),(833,'2016-09-23 12:35:09','addDocument',NULL,NULL,'rพๆ๓\0%','ZึPtๆ๓\0%',0),(834,'2016-09-23 12:35:25','addDocument',NULL,NULL,'rพๆ๓\0%','ZึPtๆ๓\0%',0),(835,'2016-09-23 12:35:31','addDocument',NULL,NULL,'rพๆ๓\0%','ZึPtๆ๓\0%',0),(914,'2016-11-01 08:50:43','open',NULL,'received','UะRๆ๓\0%',',-ีฐs๗ๆ๓\0%',0),(915,'2016-11-01 09:07:13','open',NULL,'received','UะRๆ๓\0%',',-ีฐs๗ๆ๓\0%',0),(916,'2016-10-31 23:10:48','changeState',NULL,'accepted','UะRๆ๓\0%',',-ีs๗ๆ๓\0%',0),(917,'2016-11-02 14:35:29','changeState',NULL,'accepted','UะRๆ๓\0%',',-ีs๗ๆ๓\0%',0),(918,'2016-11-02 14:36:41','changeState',NULL,'accepted','UะRๆ๓\0%',',-ีs๗ๆ๓\0%',0),(919,'2016-11-03 07:45:14','changeState','ะขะตัั','canceled','UะRๆ๓\0%',',-ีs๗ๆ๓\0%',0),(920,'2016-11-03 08:07:33','changeState','ะขะตัั','canceled','UะRๆ๓\0%',',-ีs๗ๆ๓\0%',0),(921,'2016-11-03 09:22:54','changeState',NULL,'fixed','UะRๆ๓\0%',',-ีs๗ๆ๓\0%',0),(922,'2016-11-03 09:28:45','changeState',NULL,'fixed','UะRๆ๓\0%',',-ีs๗ๆ๓\0%',0),(923,'2016-11-03 09:28:45','changeState',NULL,'fixed','UะRๆ๓\0%',',-ีs๗ๆ๓\0%',0),(924,'2016-11-03 11:46:51','changeState',NULL,'repaired','UะRๆ๓\0%',',-ีs๗ๆ๓\0%',0),(925,'2016-11-03 12:53:42','unClose','ะขะตัั','fixed','UะRๆ๓\0%',',-ีs๗ๆ๓\0%',0),(926,'2016-11-03 13:04:29','changeState',NULL,'repaired','UะRๆ๓\0%',',-ีs๗ๆ๓\0%',0),(927,'2016-11-03 13:21:22','changeState',NULL,'closed','UะRๆ๓\0%',',-ีs๗ๆ๓\0%',0),(928,'2016-11-03 13:47:18','changeState','ะขะตัั','received','UะRๆ๓\0%',',-ีs๗ๆ๓\0%',0),(929,'2016-11-03 13:48:41','changeState','ะขะตัั','received','UะRๆ๓\0%',',-ีs๗ๆ๓\0%',0),(930,'2016-11-09 12:19:00','onWait','ะขะตัั',NULL,'UะRๆ๓\0%',',-ีs๗ๆ๓\0%',0),(931,'2016-11-09 12:19:24','offWait','ะะบ',NULL,'UะRๆ๓\0%',',-ีs๗ๆ๓\0%',0),(932,'2016-11-09 12:45:19','onWait','ะัะพะฒะตัะบะฐ ะฒัะตะผะตะฝะธ',NULL,'UะRๆ๓\0%',',-ีs๗ๆ๓\0%',0),(933,'2016-11-09 12:55:09','offWait','ะขะตัั',NULL,'UะRๆ๓\0%',',-ีs๗ๆ๓\0%',0),(934,'2016-11-09 12:57:21','offWait','ะขะตัั',NULL,'UะRๆ๓\0%',',-ีs๗ๆ๓\0%',0),(935,'2016-11-10 08:24:43','eqChange','ะัะปะพ: ',NULL,'UะRๆ๓\0%',',-ีs๗ๆ๓\0%',0),(936,'2016-11-10 09:14:17','eqChange','ะัะปะพ: 1001848 - MikroTik RouterBOARD 750UP (SN:ะฑะฝ)\nะกัะฐะปะพ: ',NULL,'UะRๆ๓\0%',',-ีs๗ๆ๓\0%',0),(942,'2016-11-10 13:18:11','addDocument',NULL,NULL,'UะRๆ๓\0%',',-ีs๗ๆ๓\0%',0),(943,'2016-11-10 13:23:46','addDocument',NULL,NULL,'UะRๆ๓\0%',',-ีs๗ๆ๓\0%',0),(944,'2016-11-14 08:02:45','open',NULL,'received','ฏ๚ช@ๆ๓\0%',',-ีฒs๗ๆ๓\0%',0),(945,'2016-11-14 08:04:10','changeState',NULL,'accepted','ฏ๚ช@ๆ๓\0%',',-ีs๗ๆ๓\0%',0),(946,'2016-11-14 12:13:06','open',NULL,'received','Oตชcๆ๓\0%',',-ีฒs๗ๆ๓\0%',0);
/*!40000 ALTER TABLE `requestEvents` ENABLE KEYS */;
UNLOCK TABLES;

--
-- Table structure for table `requests`
--

DROP TABLE IF EXISTS `requests`;
/*!40101 SET @saved_cs_client     = @@character_set_client */;
/*!40101 SET character_set_client = utf8 */;
CREATE TABLE `requests` (
  `id` bigint(20) NOT NULL AUTO_INCREMENT,
  `guid` binary(16) DEFAULT NULL,
  `problem` text,
  `createdAt` datetime DEFAULT NULL,
  `reactBefore` datetime DEFAULT NULL,
  `reactedAt` datetime DEFAULT NULL,
  `fixBefore` datetime DEFAULT NULL,
  `fixedAt` datetime DEFAULT NULL,
  `repairBefore` datetime DEFAULT NULL,
  `repairedAt` datetime DEFAULT NULL,
  `currentState` enum('received','accepted','fixed','repaired','closed','canceled','planned','preReceived') DEFAULT NULL,
  `stateChangedAt` datetime DEFAULT NULL,
  `contactPerson_guid` binary(16) DEFAULT NULL,
  `contractDivision_guid` binary(16) NOT NULL,
  `slaLevel` enum('critical','high','medium','low') DEFAULT NULL,
  `engineer_guid` binary(16) DEFAULT NULL,
  `equipment_guid` binary(16) DEFAULT NULL,
  `service_guid` binary(16) DEFAULT NULL,
  `onWait` tinyint(1) unsigned NOT NULL DEFAULT '0',
  `alarm` tinyint(1) unsigned DEFAULT '0',
  `solutionProblem` text,
  `solution` text,
  `solutionRecomendation` text,
  `toReact` int(10) unsigned DEFAULT '30',
  `toFix` int(10) unsigned DEFAULT '300',
  `toRepair` int(10) unsigned DEFAULT '3000',
  `reactRate` double DEFAULT NULL,
  `fixRate` double DEFAULT NULL,
  `repairRate` double DEFAULT NULL,
  `num1c` varchar(16) DEFAULT '',
  `syncId` tinyint(1) NOT NULL DEFAULT '1',
  `totalWait` bigint(20) unsigned NOT NULL DEFAULT '0',
  PRIMARY KEY (`id`),
  UNIQUE KEY `guid` (`guid`),
  KEY `fk_request_contactPerson_IDX` (`contactPerson_guid`),
  KEY `fk_request_contractDivision_IDX` (`contractDivision_guid`),
  KEY `fk_request_slaLevel_IDX` (`slaLevel`),
  KEY `fk_request_engineer_IDX` (`engineer_guid`),
  KEY `fk_requiest_equipment_IDX` (`equipment_guid`),
  KEY `fk_request_service_IDX` (`service_guid`),
  KEY `byState` (`currentState`),
  KEY `byAlarm` (`alarm`),
  CONSTRAINT `fk_request_contactPerson` FOREIGN KEY (`contactPerson_guid`) REFERENCES `users` (`guid`) ON DELETE NO ACTION ON UPDATE NO ACTION,
  CONSTRAINT `fk_request_contractDivision` FOREIGN KEY (`contractDivision_guid`) REFERENCES `contractDivisions` (`guid`) ON DELETE NO ACTION ON UPDATE NO ACTION,
  CONSTRAINT `fk_request_engineer` FOREIGN KEY (`engineer_guid`) REFERENCES `users` (`guid`) ON DELETE NO ACTION ON UPDATE NO ACTION,
  CONSTRAINT `fk_request_equipment` FOREIGN KEY (`equipment_guid`) REFERENCES `equipment` (`guid`) ON DELETE NO ACTION ON UPDATE CASCADE,
  CONSTRAINT `fk_request_service` FOREIGN KEY (`service_guid`) REFERENCES `services` (`guid`) ON DELETE NO ACTION ON UPDATE NO ACTION
) ENGINE=InnoDB AUTO_INCREMENT=930 DEFAULT CHARSET=utf8 COMMENT='ะะฐัะฒะบะฐ';
/*!40101 SET character_set_client = @saved_cs_client */;

--
-- Dumping data for table `requests`
--

LOCK TABLES `requests` WRITE;
/*!40000 ALTER TABLE `requests` DISABLE KEYS */;
INSERT INTO `requests` VALUES (885,'ฒ	Sๆ๓\0%','ะขะตัั\nะะฐ 3-ะน ะบะฐััะต ะฝะตะบะพััะตะบัะฝะพ ัะฐะฑะพัะฐะตั ัะฐะฑะปะพ ะฟะพะบัะฟะฐัะตะปั. \nะ ะะฟัะธะบะต ะฟะพะดะบะปััะธัั ะฝะพะฒะพะต ัะฐะฑะปะพ ะฟะพะบัะฟะฐัะตะปั.','2016-09-23 14:25:56','2016-09-23 15:25:00','2016-09-23 15:05:18','2016-09-26 17:40:00','2016-09-23 15:06:45','2016-09-28 12:10:00','0000-00-00 00:00:00','closed','2016-09-23 15:07:32',',-ีs๗ๆ๓\0%','df:ฌ9ไ\0%','low','Zึ4tๆ๓\0%',NULL,'P%dmไๆ๓\0%',0,0,'1234','1234444','dsfdgsfdg',60,720,1440,NULL,NULL,NULL,'ะฆะกะ-0002726',1,0),(886,'rพ|ๆ๓\0%','ะะพััะฐะฒะบะฐ ะธ ะฟะพะดะบะปััะตะฝะธะต ะผะพะฝะธัะพัะฐ, ะดะพััะฐะฒะบะฐ ะบะฐััะธะดะถะฐ','2016-09-23 15:08:02','2016-09-23 15:38:00','2016-09-23 15:09:03','2016-09-27 09:38:00','0000-00-00 00:00:00','2016-09-27 09:38:00','0000-00-00 00:00:00','closed','2016-09-23 15:10:12',',-ีฒs๗ๆ๓\0%','O\06ฌนไ\0%','medium','Zึ<tๆ๓\0%','oพ๋sLๆ๓\0%','P%dmไๆ๓\0%',0,0,'ะัะพะฑะปะตะผ ะฝะต ะพะฑะฝะฐัะถัะตะฝะพ','ะะพััะฐะฒะปะตะฝะพ,ัััะฐะฝะพะฒะปะตะฝะพ\n	','ะัะฟะธัั ะทะฐะฟะฐัะฝะพะน ะบะฐัััะธะดะถ',30,720,720,NULL,NULL,NULL,'ะฆะกะ-0002727',1,0),(887,'rพๆ๓\0%','ะดะพััะฐะฒะบะฐ ะธ ะฟะพะดะบะปััะตะฝะธะต ะะะ. ะะพััะฐะฒะบะฐ ะบะฐััะธะดะถะฐ ะธะท ะกะฆ ะธ ะดะพะบัะผะตะฝัะพะฒ ัะตัะฒะธัะฝะพะณะพ ัะตะฝััะฐ','2016-09-23 15:12:02','2016-09-26 12:12:00','2016-09-23 15:22:55','2016-12-09 15:12:00','0000-00-00 00:00:00','2016-12-09 15:12:00','0000-00-00 00:00:00','accepted','2016-09-23 15:22:55',',-ีธs๗ๆ๓\0%','\Zqฌ๔ไ\0%','medium','Zึ@tๆ๓\0%','{ทsLๆ๓\0%','P%dmไๆ๓\0%',0,0,'','','',360,360,360,NULL,NULL,NULL,'ะฆะกะ-0002728',1,0),(888,'rพๆ๓\0%','ะขะะกะข\nะดะพััะฐะฒะบะฐ ะธ ะฟะพะดะบะปััะตะฝะธะต ะะะ. ะะพััะฐะฒะบะฐ ะบะฐััะธะดะถะฐ ะธะท ะกะฆ ะธ ะดะพะบัะผะตะฝัะพะฒ ัะตัะฒะธัะฝะพะณะพ ัะตะฝััะฐ','2016-09-23 15:23:40','2016-09-26 12:23:00','2016-09-23 15:32:33','2016-12-02 12:23:00','0000-00-00 00:00:00','2016-12-02 12:23:00','0000-00-00 00:00:00','accepted','2016-09-28 15:21:00',',-ีธs๗ๆ๓\0%','\Zqฌ๔ไ\0%','medium','Zึ@tๆ๓\0%','{sLๆ๓\0%','P%dmไๆ๓\0%',1,0,'','','',360,360,360,NULL,NULL,NULL,'ะฆะกะ-0002729',1,0),(899,NULL,'ะขะตัั ะพัะบัััะธั ะทะฐัะฒะบะธ ะฒ 1ะก','2016-10-19 09:57:08','2016-10-19 17:57:08',NULL,'2016-10-19 17:57:08',NULL,'2016-10-19 17:57:08',NULL,'preReceived',NULL,',-ีฐs๗ๆ๓\0%','งืkมnไO\0%','medium',NULL,'{ysLๆ๓\0%','P%dกmไๆ๓\0%',0,0,NULL,NULL,NULL,480,480,480,NULL,NULL,NULL,'',1,0),(900,NULL,'ะัั ะพะดะธะฝ ัะตัั...','2016-10-19 10:29:02','2016-10-20 09:29:02',NULL,'2016-10-20 09:29:02',NULL,'2016-10-20 09:29:02',NULL,'preReceived',NULL,',-ีฐs๗ๆ๓\0%','งืiมnไO\0%','medium',NULL,NULL,'P%dกmไๆ๓\0%',0,0,NULL,NULL,NULL,480,480,480,NULL,NULL,NULL,'',1,0),(901,NULL,'ะ ะตัั...','2016-10-19 10:58:59','2016-10-20 09:58:59',NULL,'2016-10-20 09:58:59',NULL,'2016-10-20 09:58:59',NULL,'preReceived',NULL,',-ีดs๗ๆ๓\0%','งืgมnไO\0%','medium',NULL,NULL,'P%dฃmไๆ๓\0%',0,0,NULL,NULL,NULL,480,480,480,NULL,NULL,NULL,'',1,0),(902,NULL,'ะัะพะฒะตัะบะฐ','2016-10-19 17:27:06','2016-10-20 16:27:06',NULL,'2016-10-20 16:27:06',NULL,'2016-10-20 16:27:06',NULL,'preReceived',NULL,',-ีฐs๗ๆ๓\0%','งืkมnไO\0%','medium',NULL,'{sLๆ๓\0%','P%dmไๆ๓\0%',0,0,NULL,NULL,NULL,480,480,480,NULL,NULL,NULL,'',1,0),(903,NULL,'ะกะฝะพะฒะฐ','2016-10-19 17:30:50','2016-10-20 14:30:50',NULL,'2016-10-20 14:30:50',NULL,'2016-10-20 14:30:50',NULL,'preReceived',NULL,',-ีดs๗ๆ๓\0%','งืgมnไO\0%','medium',NULL,'{แsLๆ๓\0%','P%dmไๆ๓\0%',0,0,NULL,NULL,NULL,360,360,360,NULL,NULL,NULL,'',1,0),(904,NULL,'ะขะตัั, ัะตัั, ัะตัั...','2016-10-26 14:55:10','2016-10-27 13:55:10',NULL,'2016-10-27 13:55:10',NULL,'2016-10-27 13:55:10',NULL,'preReceived',NULL,',-ีฐs๗ๆ๓\0%','งืkมnไO\0%','medium',NULL,'{ysLๆ๓\0%','P%dกmไๆ๓\0%',0,0,NULL,NULL,NULL,480,480,480,NULL,NULL,NULL,'',1,0),(905,NULL,'ะขะตัั','2016-10-26 15:09:48','2016-10-27 14:09:48',NULL,'2016-10-27 14:09:48',NULL,'2016-10-27 14:09:48',NULL,'preReceived',NULL,',-ีฐs๗ๆ๓\0%','งืgมnไO\0%','medium',NULL,'{usLๆ๓\0%','P%dกmไๆ๓\0%',0,0,NULL,NULL,NULL,480,480,480,NULL,NULL,NULL,'',1,0),(906,NULL,'ะขะตัั','2016-10-26 15:10:53','2016-10-27 14:10:53',NULL,'2016-10-27 14:10:53',NULL,'2016-10-27 14:10:53',NULL,'preReceived',NULL,',-ีฐs๗ๆ๓\0%','งืkมnไO\0%','medium',NULL,'{ysLๆ๓\0%','P%dกmไๆ๓\0%',0,0,NULL,NULL,NULL,480,480,480,NULL,NULL,NULL,'',1,0),(907,NULL,'ะขะตัั','2016-10-26 15:13:46','2016-10-27 14:13:46',NULL,'2016-10-27 14:13:46',NULL,'2016-10-27 14:13:46',NULL,'preReceived',NULL,',-ีฐs๗ๆ๓\0%','งืkมnไO\0%','medium',NULL,'{ysLๆ๓\0%','P%dกmไๆ๓\0%',0,0,NULL,NULL,NULL,480,480,480,NULL,NULL,NULL,'',1,0),(908,NULL,'ะขะตัั','2016-10-26 15:14:14','2016-10-27 14:14:14',NULL,'2016-10-27 14:14:14',NULL,'2016-10-27 14:14:14',NULL,'preReceived',NULL,',-ีฐs๗ๆ๓\0%','งืkมnไO\0%','medium',NULL,'{ysLๆ๓\0%','P%dกmไๆ๓\0%',0,0,NULL,NULL,NULL,480,480,480,NULL,NULL,NULL,'',1,0),(909,NULL,'ะขะตัั ะพัะฒะตัะฐ','2016-10-31 11:50:03','2016-11-01 10:50:03',NULL,'2016-11-01 10:50:03',NULL,'2016-11-01 10:50:03',NULL,'preReceived',NULL,',-ีฐs๗ๆ๓\0%','งืkมnไO\0%','medium',NULL,'{ysLๆ๓\0%','P%dกmไๆ๓\0%',0,0,NULL,NULL,NULL,480,480,480,NULL,NULL,NULL,'',1,0),(910,NULL,'ะขะตัั ะพัะฒะตัะฐ','2016-10-31 11:52:02','2016-11-01 10:52:02',NULL,'2016-11-01 10:52:02',NULL,'2016-11-01 10:52:02',NULL,'preReceived',NULL,',-ีฐs๗ๆ๓\0%','งืkมnไO\0%','medium',NULL,'{ysLๆ๓\0%','P%dกmไๆ๓\0%',0,0,NULL,NULL,NULL,480,480,480,NULL,NULL,NULL,'',1,0),(911,NULL,'ะขะตัั ะพัะฒะตัะฐ','2016-10-31 11:59:32','2016-11-01 10:59:32',NULL,'2016-11-01 10:59:32',NULL,'2016-11-01 10:59:32',NULL,'preReceived',NULL,',-ีฐs๗ๆ๓\0%','งืkมnไO\0%','medium',NULL,'{ysLๆ๓\0%','P%dกmไๆ๓\0%',0,0,NULL,NULL,NULL,480,480,480,NULL,NULL,NULL,'',1,0),(912,NULL,'ะขะตัั ะพัะฒะตัะฐ','2016-10-31 12:00:07','2016-11-01 11:00:07',NULL,'2016-11-01 11:00:07',NULL,'2016-11-01 11:00:07',NULL,'preReceived',NULL,',-ีฐs๗ๆ๓\0%','งืkมnไO\0%','medium',NULL,'{ysLๆ๓\0%','P%dกmไๆ๓\0%',0,0,NULL,NULL,NULL,480,480,480,NULL,NULL,NULL,'',1,0),(913,NULL,'ะขะตัั ะพัะฒะตัะฐ','2016-10-31 12:00:53','2016-11-01 11:00:53',NULL,'2016-11-01 11:00:53',NULL,'2016-11-01 11:00:53',NULL,'preReceived',NULL,',-ีฐs๗ๆ๓\0%','งืkมnไO\0%','medium',NULL,'{ysLๆ๓\0%','P%dกmไๆ๓\0%',0,0,NULL,NULL,NULL,480,480,480,NULL,NULL,NULL,'',1,0),(914,NULL,'ะขะตัั ะพัะฒะตัะฐ','2016-10-31 12:06:09','2016-11-01 11:06:09',NULL,'2016-11-01 11:06:09',NULL,'2016-11-01 11:06:09',NULL,'preReceived',NULL,',-ีฐs๗ๆ๓\0%','งืkมnไO\0%','medium',NULL,'{ysLๆ๓\0%','P%dกmไๆ๓\0%',0,0,NULL,NULL,NULL,480,480,480,NULL,NULL,NULL,'',1,0),(915,NULL,'ะขะตัั ะฟะตัะตะดะฐัะธ ัะฐะฑะปะธัั','2016-10-31 12:30:54','2016-11-01 11:30:54',NULL,'2016-11-01 11:30:54',NULL,'2016-11-01 11:30:54',NULL,'preReceived',NULL,',-ีฐs๗ๆ๓\0%','งืiมnไO\0%','medium',NULL,NULL,'P%dกmไๆ๓\0%',0,0,NULL,NULL,NULL,480,480,480,NULL,NULL,NULL,'',1,0),(916,'UะRๆ๓\0%','???','2016-11-01 11:22:16','2016-11-02 10:22:16',NULL,'2016-11-02 10:22:16',NULL,'2016-11-02 10:22:16',NULL,'received',NULL,',-ีฒs๗ๆ๓\0%','งืiมnไO\0%','medium',NULL,NULL,'P%dกmไๆ๓\0%',0,0,NULL,NULL,NULL,480,480,480,NULL,NULL,NULL,'',1,0),(917,NULL,'ะะตัั','2016-11-01 11:26:30','2016-11-02 10:26:30',NULL,'2016-11-02 10:26:30',NULL,'2016-11-02 10:26:30',NULL,'preReceived',NULL,',-ีฐs๗ๆ๓\0%','งืgมnไO\0%','medium',NULL,NULL,'P%dกmไๆ๓\0%',0,0,NULL,NULL,NULL,480,480,480,NULL,NULL,NULL,'',1,0),(918,'UะRๆ๓\0%','ะัะบั','2016-11-01 11:44:32','2016-11-02 10:44:32',NULL,'2016-11-02 10:44:32',NULL,'2016-11-02 10:44:32',NULL,'received',NULL,',-ีฐs๗ๆ๓\0%','งืkมnไO\0%','medium',NULL,NULL,'P%dกmไๆ๓\0%',0,0,NULL,NULL,NULL,480,480,480,NULL,NULL,NULL,'',1,0),(919,'UะRๆ๓\0%','ะัะบั','2016-11-03 16:48:41','2016-11-07 15:48:41',NULL,'2016-11-07 15:48:41',NULL,'2016-11-07 15:48:41',NULL,'received','2016-11-03 16:48:41',',-ีฐs๗ๆ๓\0%','งืkมnไO\0%','medium',NULL,NULL,'P%dกmไๆ๓\0%',0,0,NULL,NULL,NULL,480,480,480,NULL,NULL,NULL,'',1,0),(920,'UะRๆ๓\0%','ะัะบั','2016-11-03 16:47:18','2016-11-07 15:47:18',NULL,'2016-11-07 15:47:18',NULL,'2016-11-07 15:47:18',NULL,'received','2016-11-03 16:47:18',',-ีฐs๗ๆ๓\0%','งืkมnไO\0%','medium',NULL,NULL,'P%dกmไๆ๓\0%',0,0,NULL,NULL,NULL,480,480,480,NULL,NULL,NULL,'',1,0),(921,'UะRๆ๓\0%','ะัั ัะตัั','2016-11-01 11:59:25','2016-11-02 10:59:25','2016-11-03 12:28:45','2016-11-02 10:59:25',NULL,'2016-11-02 10:59:25',NULL,'fixed','2016-11-03 12:28:45',',-ีฐs๗ๆ๓\0%','งืiมnไO\0%','medium',',-ีs๗ๆ๓\0%','{{sLๆ๓\0%','P%dกmไๆ๓\0%',0,0,NULL,NULL,NULL,480,480,480,NULL,NULL,NULL,'',1,12),(922,'UะRๆ๓\0%','ะัั ัะตัั','2016-11-01 12:01:07','2016-11-02 11:01:07','2016-11-03 12:28:45','2016-11-02 11:01:07','2016-11-03 16:04:29','2016-11-02 11:01:07','2016-11-03 16:04:29','closed','2016-11-03 16:21:22',',-ีฐs๗ๆ๓\0%','งืiมnไO\0%','medium',',-ีs๗ๆ๓\0%',NULL,'P%dกmไๆ๓\0%',0,0,'ะขะตัั','ะขะตัั','ะขะตัั',480,480,480,NULL,NULL,NULL,'',1,0),(923,'UะRๆ๓\0%','ะัั ัะตัั','2016-11-01 12:07:13','2016-11-02 11:07:13','2016-11-03 12:22:54','2016-11-02 11:07:13','2016-11-03 14:46:51','2016-11-02 11:07:13',NULL,'fixed','2016-11-03 15:53:42',',-ีฐs๗ๆ๓\0%','งืiมnไO\0%','medium',',-ีs๗ๆ๓\0%',NULL,'P%dกmไๆ๓\0%',0,0,'ะัะพะฑะปะตะผะฐ','ะะตัะตะฝะธะต','ะะตะบะพะผะตะฝะดะฐัะธะธ',480,480,480,NULL,NULL,NULL,'',1,0),(924,'ฏ๚ช@ๆ๓\0%','ะขะตัั ัะพะทะดะฐะฝะธั ะทะฐัะฒะพะบ','2016-11-14 11:02:45','2016-11-15 10:02:45','2016-11-14 11:04:10','2016-11-15 10:02:45',NULL,'2016-11-15 10:02:45',NULL,'accepted','2016-11-14 11:04:10',',-ีฒs๗ๆ๓\0%','งืkมnไO\0%','medium',',-ีs๗ๆ๓\0%','{sLๆ๓\0%','P%dกmไๆ๓\0%',0,0,NULL,NULL,NULL,480,480,480,NULL,NULL,NULL,'',1,0),(925,'Oตชcๆ๓\0%','123123123','2016-11-14 15:13:06','2016-11-15 14:13:06',NULL,'2016-11-15 14:13:06',NULL,'2016-11-15 14:13:06',NULL,'received',NULL,',-ีฒs๗ๆ๓\0%','งืkมnไO\0%','medium',NULL,'{sLๆ๓\0%','P%dกmไๆ๓\0%',0,0,NULL,NULL,NULL,480,480,480,NULL,NULL,NULL,'',1,0),(926,NULL,'ะฝะต ะฟะตัะฐัะฐะตั ะะคะฃ','2016-11-22 17:20:00','2016-11-23 16:20:00',NULL,'2016-11-23 16:20:00',NULL,'2016-11-23 16:20:00',NULL,'preReceived',NULL,',-ีฐs๗ๆ๓\0%','งืgมnไO\0%','medium',NULL,NULL,'P%dmไๆ๓\0%',0,0,NULL,NULL,NULL,480,480,480,NULL,NULL,NULL,'',1,0),(927,NULL,'ะฝะต ะฟะตัะฐัะฐะตั ะะคะฃ','2016-11-22 17:25:23','2016-11-23 16:25:23',NULL,'2016-11-23 16:25:23',NULL,'2016-11-23 16:25:23',NULL,'preReceived',NULL,',-ีฐs๗ๆ๓\0%','งืgมnไO\0%','medium',NULL,NULL,'P%dmไๆ๓\0%',0,0,NULL,NULL,NULL,480,480,480,NULL,NULL,NULL,'',1,0),(928,NULL,'ะขะตัั 123456789','2016-11-23 08:35:52','2016-11-23 17:00:00',NULL,'2016-11-23 17:00:00',NULL,'2016-11-23 17:00:00',NULL,'preReceived',NULL,',-ีฒs๗ๆ๓\0%','งืgมnไO\0%','medium',NULL,NULL,'P%dกmไๆ๓\0%',0,0,NULL,NULL,NULL,480,480,480,NULL,NULL,NULL,'',1,0),(929,NULL,'ะขะตัั','2016-12-14 10:43:29','2016-12-15 09:43:29',NULL,'2016-12-15 09:43:29',NULL,'2016-12-15 09:43:29',NULL,'preReceived',NULL,',-ีฐs๗ๆ๓\0%','งืkมnไO\0%','medium',NULL,NULL,'P%dกmไๆ๓\0%',0,0,NULL,NULL,NULL,480,480,480,NULL,NULL,NULL,'',1,0);
/*!40000 ALTER TABLE `requests` ENABLE KEYS */;
UNLOCK TABLES;

--
-- Table structure for table `services`
--

DROP TABLE IF EXISTS `services`;
/*!40101 SET @saved_cs_client     = @@character_set_client */;
/*!40101 SET character_set_client = utf8 */;
CREATE TABLE `services` (
  `guid` binary(16) NOT NULL,
  `name` varchar(255) NOT NULL,
  `shortName` varchar(10) NOT NULL,
  `utility` tinyint(1) NOT NULL DEFAULT '0',
  PRIMARY KEY (`guid`),
  UNIQUE KEY `name_UNIQ` (`name`),
  UNIQUE KEY `shortname_UNIQ` (`shortName`),
  KEY `byUtility` (`utility`)
) ENGINE=InnoDB DEFAULT CHARSET=utf8;
/*!40101 SET character_set_client = @saved_cs_client */;

--
-- Dumping data for table `services`
--

LOCK TABLES `services` WRITE;
/*!40000 ALTER TABLE `services` DISABLE KEYS */;
INSERT INTO `services` VALUES ('P%dmไๆ๓\0%','ะะธะฐะณะฝะพััะธะบะฐ','ะะะะะ',0),('P%dmไๆ๓\0%','ะะตะผะพะฝั ะพะฑะพััะดะพะฒะฐะฝะธั','ะะะะะะข',0),('P%dmไๆ๓\0%','ะะดะผะธะฝะธัััะธัะพะฒะฐะฝะธะต ะพะฑะพััะดะพะฒะฐะฝะธั ะธ ะะ','ะะะ',0),('P%dmไๆ๓\0%','ะะพัััะฐะฝะพะฒะปะตะฝะธะต ััะฝะบัะธะพะฝะธัะพะฒะฐะฝะธั ัะตัะฒะธัะพะฒ','ะะะกะกะข',0),('P%dmไๆ๓\0%','ะะฐััะฐ - ะะพะผะฟัััะตัะฝะพะต ะพะฑะพััะดะพะฒะฐะฝะธะต','ะะะกะกะ',0),('P%dmไๆ๓\0%','ะะฝัะตัะฝะตั (ัะฐะฑะพัะฐ ัะปะตะบััะพะฝะฝะพะน ะฟะพััั, ะะพะผะผัะฝะธะบะฐัะพัะฐ,  IP-ัะตะปะตัะพะฝะธะธ, ะะฝัะตัะฝะตั-ัััะฐะฝะธั ะฝะฐ ะะ ะดะธัะตะบัะพัะฐ)','ะะะขะะะะะข',0),('P%dmไๆ๓\0%','ะะพะผะฟัััะตัะฝะพะต ะพะฑะพััะดะพะฒะฐะฝะธะต','ะะะะ',0),('P%dmไๆ๓\0%','ะขะตะปะตัะพะฝะธั','ะขะะ',0),('P%dmไๆ๓\0%','ะัะพัะตะต ะะ','ะะะง',0),('P%dmไๆ๓\0%','ะัะธะฝัะตั','ะะะะะขะะ',0),('P%dmไๆ๓\0%','ะญะปะตะบััะพะฝะฝะฐั ะฟะพััะฐ','ะะะงะขะ',0),('P%dmไๆ๓\0%','ะะฐัััะธะดะถะธ','ะะะะขะะะะะ',0),('P%dmไๆ๓\0%','ะะฐะฑะพัะตะต ะผะตััะพ ะฟะพะปัะทะพะฒะฐัะตะปั','ะะะ',0),('P%dmไๆ๓\0%','ะะตัะฐัั, ัะบะฐะฝะธัะพะฒะฐะฝะธะต, ะบะพะฟะธัะพะฒะฐะฝะธะต','ะะะงะะขะฌ',0),('P%dmไๆ๓\0%','ะกะตัะตะฒะพะต ะพะฑะพััะดะพะฒะฐะฝะธะต','ะกะะขะฌ',0),('P%dกmไๆ๓\0%','ะะตัะฟัะพะฒะพะดะฝะพะน ะดะพัััะฟ','ะะะะก',0),('P%dฃmไๆ๓\0%','ะะฝัะตัะฝะตั','ะะะะข',0),('ใฎmไๆ๓\0%','ะฃะดะฐะปะตะฝะฝัะน ะดะพัััะฟ','ะฃะะะะะะะ',0),('ใฎmไๆ๓\0%','ะะตะณะปะฐะผะตะฝัะฝัะต ัะฐะฑะพัั','ะะะ',1),('ใฎ฿mไๆ๓\0%','ะะตัะฐัะฝะฐั ะธ ะพัะณ. ัะตัะฝะธะบะฐ','ะะงะขะะะะ',0),('ใฎแmไๆ๓\0%','ะะตะธะทะฒะตััะฝะพ','ะะะะะ',0);
/*!40000 ALTER TABLE `services` ENABLE KEYS */;
UNLOCK TABLES;

--
-- Table structure for table `userContractDivisions`
--

DROP TABLE IF EXISTS `userContractDivisions`;
/*!40101 SET @saved_cs_client     = @@character_set_client */;
/*!40101 SET character_set_client = utf8 */;
CREATE TABLE `userContractDivisions` (
  `user_guid` binary(16) NOT NULL,
  `contractDivision_guid` binary(16) NOT NULL,
  `update` tinyint(1) NOT NULL DEFAULT '1',
  PRIMARY KEY (`user_guid`,`contractDivision_guid`),
  KEY `fk_userContractDivision_IDX` (`contractDivision_guid`),
  CONSTRAINT `fk_userContractDivisions_division` FOREIGN KEY (`contractDivision_guid`) REFERENCES `contractDivisions` (`guid`) ON DELETE NO ACTION ON UPDATE NO ACTION,
  CONSTRAINT `fk_userContractDivisions_user` FOREIGN KEY (`user_guid`) REFERENCES `users` (`guid`) ON DELETE NO ACTION ON UPDATE NO ACTION
) ENGINE=InnoDB DEFAULT CHARSET=utf8;
/*!40101 SET character_set_client = @saved_cs_client */;

--
-- Dumping data for table `userContractDivisions`
--

LOCK TABLES `userContractDivisions` WRITE;
/*!40000 ALTER TABLE `userContractDivisions` DISABLE KEYS */;
INSERT INTO `userContractDivisions` VALUES (',-ีจs๗ๆ๓\0%','งืgมnไO\0%',1),(',-ีชs๗ๆ๓\0%','งืiมnไO\0%',1),(',-ีฌs๗ๆ๓\0%','งืkมnไO\0%',1),(',-ีฎs๗ๆ๓\0%','งืgมnไO\0%',1),(',-ีธs๗ๆ๓\0%','\Zqฌ๔ไ\0%',1),('ZึDtๆ๓\0%','คFฌrทrไ\0%',1);
/*!40000 ALTER TABLE `userContractDivisions` ENABLE KEYS */;
UNLOCK TABLES;

--
-- Table structure for table `userContracts`
--

DROP TABLE IF EXISTS `userContracts`;
/*!40101 SET @saved_cs_client     = @@character_set_client */;
/*!40101 SET character_set_client = utf8 */;
CREATE TABLE `userContracts` (
  `user_guid` binary(16) NOT NULL,
  `contract_guid` binary(16) NOT NULL,
  `update` tinyint(1) NOT NULL DEFAULT '1',
  PRIMARY KEY (`user_guid`,`contract_guid`),
  KEY `fk_userContract_IDX` (`contract_guid`),
  CONSTRAINT `fk_userContracts_contract` FOREIGN KEY (`contract_guid`) REFERENCES `contracts` (`guid`) ON DELETE NO ACTION ON UPDATE NO ACTION,
  CONSTRAINT `fk_userContracts_user` FOREIGN KEY (`user_guid`) REFERENCES `users` (`guid`) ON DELETE NO ACTION ON UPDATE NO ACTION
) ENGINE=InnoDB DEFAULT CHARSET=utf8;
/*!40101 SET character_set_client = @saved_cs_client */;

--
-- Dumping data for table `userContracts`
--

LOCK TABLES `userContracts` WRITE;
/*!40000 ALTER TABLE `userContracts` DISABLE KEYS */;
INSERT INTO `userContracts` VALUES (',-ีฐs๗ๆ๓\0%','อ\"ฝำๅงช\0%',1),(',-ีฒs๗ๆ๓\0%','อ\"ฝำๅงช\0%',1),(',-ีดs๗ๆ๓\0%','อ\"ฝำๅงช\0%',1),(',-ีธs๗ๆ๓\0%','!yบๅงช\0%',1),(',-ีบs๗ๆ๓\0%','!yบๅงช\0%',1),(',-ีผs๗ๆ๓\0%','!yบๅงช\0%',1),(',-ีพs๗ๆ๓\0%','!yบๅงช\0%',1),('Zึ2tๆ๓\0%','๚ดฝฑๅงช\0%',1);
/*!40000 ALTER TABLE `userContracts` ENABLE KEYS */;
UNLOCK TABLES;

--
-- Table structure for table `users`
--

DROP TABLE IF EXISTS `users`;
/*!40101 SET @saved_cs_client     = @@character_set_client */;
/*!40101 SET character_set_client = utf8 */;
CREATE TABLE `users` (
  `guid` binary(16) NOT NULL,
  `lastName` varchar(32) DEFAULT NULL,
  `firstName` varchar(32) DEFAULT NULL,
  `middleName` varchar(32) DEFAULT NULL,
  `login` varchar(32) DEFAULT NULL,
  `passwordHash` varchar(64) DEFAULT NULL,
  `isDisabled` tinyint(1) DEFAULT NULL,
  `rights` enum('client','operator','engineer','admin','partner') DEFAULT NULL,
  `email` varchar(64) DEFAULT NULL,
  `phone` varchar(64) DEFAULT NULL,
  `address` varchar(255) DEFAULT NULL,
  `partner_guid` binary(16) DEFAULT NULL,
  `loginDB` enum('ldap','mysql') DEFAULT NULL,
  `token` varchar(40) DEFAULT 'new',
  PRIMARY KEY (`guid`),
  UNIQUE KEY `login_UNIQ` (`login`),
  KEY `byPartner` (`partner_guid`),
  KEY `byRights` (`rights`),
  KEY `byActive` (`isDisabled`),
  KEY `byDB` (`loginDB`),
  KEY `byFName` (`firstName`),
  KEY `byLName` (`lastName`),
  KEY `byMName` (`middleName`),
  KEY `byNames` (`lastName`,`firstName`,`middleName`),
  KEY `combo1` (`rights`,`isDisabled`,`loginDB`),
  CONSTRAINT `fk_users_partner` FOREIGN KEY (`partner_guid`) REFERENCES `partners` (`guid`) ON DELETE NO ACTION ON UPDATE NO ACTION
) ENGINE=InnoDB DEFAULT CHARSET=utf8;
/*!40101 SET character_set_client = @saved_cs_client */;

--
-- Dumping data for table `users`
--

LOCK TABLES `users` WRITE;
/*!40000 ALTER TABLE `users` DISABLE KEYS */;
INSERT INTO `users` VALUES (',-ีs๗ๆ๓\0%','','ะะพะฑะพั','','robot','a9863943e2c9c55114b033987a67d3eb',1,NULL,'noreply@sd.sodrk.ru','','',NULL,NULL,'new'),(',-ีs๗ๆ๓\0%','ะะฒะฐะฝะพะฒ','ะะฒะฐะฝ','ะะฒะฐะฝะพะฒะธั','iiivanov','47f0b050d1b1dfb386c4707a7f46c68d',0,'client','r.serge.a@gmail.com','123456789','ะฝะตั',NULL,NULL,'new'),(',-ีs๗ๆ๓\0%','ะััะฐะฒัะตะฒ','ะะปะตะบัะตะน','ะะฝะฐัะพะปัะตะฒะธั','aamuravev',NULL,0,'client','muravyev_a@sodrk.ru','89068797606','ะฝะตั',NULL,NULL,'new'),(',-ีs๗ๆ๓\0%','ะะฐะฝัะบะพะฒะฐ','ะะบะฐัะตัะธะฝะฐ','ะะธะบัะพัะพะฒะฝะฐ','panyukova_e',NULL,0,'client','panyukova_e@sodrk.ru','8(8212)202974, ะดะพะฑ.416','',NULL,NULL,'new'),(',-ีs๗ๆ๓\0%','ะัะทัะผะธะฝ','ะะฐัะธะปะธะน','ะะปะตะบัะฐะฝะดัะพะฒะธั','kuzmin_v',NULL,0,'operator','kuzmin_v@sodrk.ru','8(8212)202974, ะดะพะฑ.719','',NULL,NULL,'new'),(',-ีs๗ๆ๓\0%','ะััะฐะฒััะฒ','ะะปะตะบัะตะน','ะะฝะฐัะพะปัะตะฒะธั','muravyev_a','3a4773016470a8f7542cb905663c0608',0,'admin','muravyev_a@sodrk.ru','8(8212)202974, ะดะพะฑ.711','',NULL,'ldap','new'),(',-ีs๗ๆ๓\0%','ะะตะปะพะณะพะปะพะฒ','ะะฝะดัะตะน','ะััะตัะปะฐะฒะพะฒะธั','belogolov_a',NULL,0,'admin','belogolov_a@sodrk.ru','512','',NULL,NULL,'new'),(',-ีs๗ๆ๓\0%','ะัะปะพะฒ','ะะฝะดัะตะน','ะะธะบะพะปะฐะตะฒะธั','Orlov_A','c91d4df07acbbb440610df81d43771a8',0,'admin','orlov_a@sodrk.ru','8(8212)202974, ะดะพะฑ.516','',NULL,'ldap','new'),(',-ีs๗ๆ๓\0%','ะะฐัะผะฐััะปะธะฝ','ะกะตัะณะตะน','ะะปะตะบัะฐะฝะดัะพะฒะธั','rakhmatulin_s','31aedea478b0be4287f1569d1d95ecc9',0,'admin','rakhmatulin_s@sodrk.ru','8(8212)202974, ะดะพะฑ.715','',NULL,'ldap','new'),(',-ีs๗ๆ๓\0%','ะะฐะฒะปะพะฒะฐ','ะะฐะปะธะฝะฐ','ะะฝะธะบะธะตะฒะฝะฐ','pavlovaga',NULL,0,'client','komimedprof@mail.ru','242583','167000, ะะพะผะธ ะะตัะฟ, ะกัะบััะฒะบะฐั ะณ, ะะฐะฑััะบะธะฝะฐ ัะป, ะดะพะผ โ 4',NULL,NULL,'new'),(',-ีs๗ๆ๓\0%','ะงะฐะฟะฐะตะฒ','ะะธะบัะพั','ะะตััะพะฒะธั','chapaev_v',NULL,0,'engineer','chapaev_v@sodrk.ru','8(8212)202974, ะดะพะฑ.714','',NULL,NULL,'new'),(',-ีs๗ๆ๓\0%','ะะตะปะพะณะพะปะพะฒ','ะะฝะดัะตะน','ะััะตัะปะฐะฒะพะฒะธั','andy',NULL,1,'client','andy@sodrk.ru','214808','ะฝะตั',NULL,NULL,'new'),(',-ีs๗ๆ๓\0%','ะะพะบัะตะฒ','ะะปะตะบัะฐะฝะดั','ะะฝะฐัะพะปัะตะฒะธั','vokuev_a',NULL,0,'admin','vokuev_a@sodrk.ru','8(8212)202974, ะดะพะฑ.717','',NULL,NULL,'new'),(',-ีs๗ๆ๓\0%','ะะธะบะพะปััะบะธะน','ะััะตะผ','ะะปะตะณะพะฒะธั','artem',NULL,0,'client','nikolskiy_a@sodrk.ru','8(8212)202974, ะดะพะฑ. 424','167000, ะะพะผะธ ะะตัะฟ, ะกัะบััะฒะบะฐั ะณ, ะะตัะฒะพะผะฐะนัะบะฐั ัะป, ะดะพะผ โ 149',NULL,NULL,'new'),(',-ีs๗ๆ๓\0%','ะัะดััะธะฝ','ะะพะผะฐะฝ','ะะฒะณะตะฝัะตะฒะธั','dudyrin_r',NULL,0,'engineer','dudyrin_r@sodrk.ru','(717)','',NULL,NULL,'new'),(',-ีขs๗ๆ๓\0%','ะะธะบะพะปััะบะธะน','ะัััะผ','ะะปะตะณะพะฒะธั','nikolskiy_a',NULL,0,'operator','nikolskiy_a@sodrk.ru','8(8212)202974, ะดะพะฑ.424','',NULL,NULL,'new'),(',-ีคs๗ๆ๓\0%','ะกะผะพะปะตะฒะฐ','ะะฐัะธะฝะฐ','ะะธัะฐะนะปะพะฒะฝะฐ','Marina',NULL,0,'client','admin1108@r11.nalog.ru','82149-69976','ะกะพัะฝะพะณะพััะบ, ัะป.ะะพะณะพะปั 1ะ',NULL,NULL,'new'),(',-ีฆs๗ๆ๓\0%','ะะฐะผะตะฝัะบะธะน','ะัััั','ะะณะพัะตะฒะธั','Artur',NULL,0,'client','Ramachel@yandex.ru','82149-69976','ะกะพัะฝะพะณะพััะบ, ัะป.ะะพะณะพะปั 1ะ',NULL,NULL,'new'),(',-ีจs๗ๆ๓\0%','ะะธะบะธัะธะฝ','ะััะปะฐะฝ','ะขัะพัะธะผะพะฒะธั','nikitin_r',NULL,0,'client','558030@stehs.ru','8(8212)558030','ะณ. ะกัะบััะฒะบะฐั, ัะป. ะะตัะพััะบะฐั, ะด. 67',NULL,NULL,'new'),(',-ีชs๗ๆ๓\0%','ะะพัะพะปัะฒ','ะะปัั','ะะธะบะพะปะฐะตะฒะธั','korolev_i',NULL,0,'client','termokub_m51@stehs.ru','8(8212)257244,257245','ะณ. ะกัะบััะฒะบะฐั, ัะป. ะะพัะพะทะพะฒะฐ, ะด. 51',NULL,NULL,'new'),(',-ีฌs๗ๆ๓\0%','ะะพะฟะพัะพะฒ','ะฎัะธะน','ะะปะตะบัะฐะฝะดัะพะฒะธั','koposov_yu',NULL,0,'client','termokub_v4@stehs.ru','8(8212)200800,203399','ะณ. ะกัะบััะฒะบะฐั, ัะป. ะะพะดะพะฟััะฝะพะฒะฐ, ะด. 4',NULL,NULL,'new'),(',-ีฎs๗ๆ๓\0%','ะัะฑะพัะพะฒ','ะะผะธััะธะน','ะะฐะปะตััะตะฒะธั','vyborov_d',NULL,0,'client','termokub_p67@stehs.ru','8(8212)246282','ะณ. ะกัะบััะฒะบะฐั, ัะป. ะะตัะพััะบะฐั, ะด. 67',NULL,NULL,'new'),(',-ีฐs๗ๆ๓\0%','ะัะดะธะฝะฐ','ะะฐัะฐะปัั','ะะปะฐะดะธะผะธัะพะฒะฝะฐ','dudina_n',NULL,0,'client','dunavlad@mail.ru','8(8212)249495','ะณ. ะกัะบััะฒะบะฐั, ัะป. ะะตัะพััะบะฐั, ะด. 67',NULL,NULL,'new'),(',-ีฒs๗ๆ๓\0%','ะฉัะณะพะปะตะฒ','ะะปะตะบัะฐะฝะดั','ะััััะพะฒะธั','shegolev_a',NULL,0,'client','set@stehs.ru','8(8212)249495','ะณ. ะกัะบััะฒะบะฐั, ัะป. ะะตัะพััะบะฐั, ะด. 67',NULL,NULL,'new'),(',-ีดs๗ๆ๓\0%','ะััััะตะฒ','ะะฝัะพะฝ','ะะฝะฐัะพะปัะตะฒะธั','deryshev_a',NULL,0,'client','mtt505@yandex.ru','8(8212)249495','ะณ. ะกัะบััะฒะบะฐั, ัะป. ะะตัะพััะบะฐั, ะด. 67',NULL,NULL,'new'),(',-ีถs๗ๆ๓\0%','ะกะธะผะพะฝะตะฝะบะพ','ะััะตะผ','ะะปะตะบัะฐะฝะดัะพะฒะธั','simonenko_a',NULL,0,'client','ufns.it@yandex.ru','8(8212)241046','ะณ. ะกัะบััะฒะบะฐั, ัะป. ะะตัะฒะพะผะฐะนัะบะฐั, ะด. 53',NULL,NULL,'new'),(',-ีธs๗ๆ๓\0%','ะะตััะบ','ะกะฒะตัะปะฐะฝะฐ','ะะธะบะพะปะฐะตะฒะฝะฐ','geryak_s',NULL,0,'client','faraonma@yandex.ru','8(8212)286130','167000, ะะพะผะธ ะะตัะฟ, ะกัะบััะฒะบะฐั ะณ, 1-ั ะัะพะผััะปะตะฝะฝะฐั ัะป, ะดะพะผ โ 72',NULL,NULL,'new'),(',-ีบs๗ๆ๓\0%','ะฅะฐะปัะทะพะฒะฐ','ะขะฐัััะฝะฐ','ะะธัะฐะนะปะพะฒะฝะฐ','khalzova_t',NULL,0,'client','dionma@yandex.ru','8(8212)286120','167000, ะะพะผะธ ะะตัะฟ, ะกัะบััะฒะบะฐั ะณ, 1-ั ะัะพะผััะปะตะฝะฝะฐั ัะป, ะดะพะผ โ 72',NULL,NULL,'new'),(',-ีผs๗ๆ๓\0%','ะจะผะตะปะตะฒะฐ','ะะฐัะฐะปัั','ะกะตัะณะตะตะฒะฝะฐ','shmeleva_n',NULL,0,'client','delta_k1@mail.ru','8(8212)286134','167000, ะะพะผะธ ะะตัะฟ, ะกัะบััะฒะบะฐั ะณ, 1-ั ะัะพะผััะปะตะฝะฝะฐั ัะป, ะดะพะผ โ 72',NULL,NULL,'new'),(',-ีพs๗ๆ๓\0%','ะะณะฝะตะฒะฐ','ะะปัะณะฐ','ะะฒะฐะฝะพะฒะฝะฐ','ogneva_o',NULL,0,'client','les-invest11@mail.ru','8(8212)286359','167000, ะะพะผะธ ะะตัะฟ, ะกัะบััะฒะบะฐั ะณ, 1-ั ะัะพะผััะปะตะฝะฝะฐั ัะป, ะดะพะผ โ 72',NULL,NULL,'new'),(',-ีภs๗ๆ๓\0%','ะะฝะพะฟัะธะตะฝะบะพ','ะะธะบะพะปะฐะน','ะะตััะพะฒะธั','onoprienko_n',NULL,0,'client','u111001@r11.nalog.ru','8(8212)24-53-97','ะณ. ะกัะบััะฒะบะฐั, ัะป. ะะตัะฒะพะผะฐะนัะบะฐั, ะด. 53',NULL,NULL,'new'),('Zึtๆ๓\0%','ะะพัะตะฟะฐะฝะพะฒ','ะะฒะณะตะฝะธะน','ะะฝะฐัะพะปัะตะฒะธั','korepanov_e',NULL,0,'client','adm1121@r11.nalog.ru','8(8212)66-40-89','167026, ะะพะผะธ ะะตัะฟ, ะณ. ะกัะบััะฒะบะฐั, ะจะบะพะปัะฝัะน ะฟะตั, ะดะพะผ โ 4',NULL,NULL,'new'),('Zึtๆ๓\0%','ะจะตัะพัะบะธะฝ','ะะปะตะบัะตะน','ะะฐัะธะปัะตะฒะธั','shehotkin_a',NULL,0,'client','ifns1121@yandex.ru','8(8212)63-79-61','167026, ะะพะผะธ ะะตัะฟ, ะณ. ะกัะบััะฒะบะฐั, ะจะบะพะปัะฝัะน ะฟะตั, ะดะพะผ โ 4',NULL,NULL,'new'),('Zึtๆ๓\0%','ะะพัััะปะตะฒ','ะะปัั','ะะธััะฐัะธะพะฝะพะฒะธั','kostylev_i',NULL,0,'client','Il86k@mail.ru','8(8212)25-71-22','167981, ะณ. ะกัะบััะฒะบะฐั, ัะป. ะััะบะธะฝะฐ, ะด.5',NULL,NULL,'new'),('Zึtๆ๓\0%','ะะพะถะตะฒะฝะธะบะพะฒ','ะะปะตะบัะฐะฝะดั','ะขะฐะณะธัะพะฒะธั','kozhevnikov_a',NULL,0,'client','i11010702@r11.nalog.ru','8(8212) 25-71-22','167981, ะณ. ะกัะบััะฒะบะฐั, ัะป. ะััะบะธะฝะฐ, ะด.5',NULL,NULL,'new'),('Zึtๆ๓\0%','ะัะทัะผะธะฝัะบะฐั','ะัะธะฝะฐ','ะะฐะปะตััะตะฒะฝะฐ','kuzminskaya_i',NULL,0,'client','kuzmaIra@mail.ru','8(82142)7-17-86','169600,ะณ. ะะตัะพัะฐ, ะะตัะพััะบะธะน ะฟั-ะบั, ะดะพะผ โ 90, ะบะพัะฟัั ะฐ',NULL,NULL,'new'),('Zึtๆ๓\0%','ะัะฑะพัะพะฒ','ะะฒะณะตะฝะธะน','ะััะตัะปะฐะฒะพะฒะธั','vyborov_e',NULL,0,'client','frik_Klass@mail.ru','8(82142)7-17-86','169600,ะณ. ะะตัะพัะฐ, ะะตัะพััะบะธะน ะฟั-ะบั, ะดะพะผ โ 90, ะบะพัะฟัั ะฐ',NULL,NULL,'new'),('Zึ\Ztๆ๓\0%','ะะพะฟะพะฒ','ะะฐัะธะปะธะน','ะััะตัะปะฐะฒะพะฒะธั','popov_v',NULL,0,'client','i11090701@r11.nalog.ru','8(82130)7-14-84','168220, ะะพะผะธ ะะตัะฟ, ะัะปัะณะพัั ั, ะะพะผะฝั ะะฐะปะธะบะพะฒะพะน ัะป, ะดะพะผ โ 43',NULL,NULL,'new'),('Zึtๆ๓\0%','ะะตะฝะธะฝ','ะะปะตะบัะฐะฝะดั','ะะธะบะพะปะฐะตะฒะธั','nenin_a',NULL,0,'client','1109_Alex@mail.ru','8(82130)7-14-84','168220, ะะพะผะธ ะะตัะฟ, ะัะปัะณะพัั ั, ะะพะผะฝั ะะฐะปะธะบะพะฒะพะน ัะป, ะดะพะผ โ 43',NULL,NULL,'new'),('Zึtๆ๓\0%','ะงัะฟัะพะฒะฐ','ะกะฒะตัะปะฐะฝะฐ','ะะตะฝะธะฐะผะธะฝะพะฒะฝะฐ','chuprova_s',NULL,0,'client','i11020702@r11.nalog.ru','8(8216)75-26-82','169300, ะณ. ะฃััะฐ, ะััะบะธะฝะฐ ัะป, ะดะพะผ โ 2',NULL,NULL,'new'),('Zึ tๆ๓\0%','ะะธัััะตะฒ','ะะธัะฐะปะธะน','ะะปะตะบัะฐะฝะดัะพะฒะธั','viryachev_v',NULL,0,'client','exclusioner@mail.ru','8(8216)75-26-82','169300, ะณ. ะฃััะฐ, ะััะบะธะฝะฐ ัะป, ะดะพะผ โ 2',NULL,NULL,'new'),('Zึ\"tๆ๓\0%','ะะฐะนะฑััะพะฒ','ะะปะตะบัะตะน','ะะฝะฐัะพะปัะตะฒะธั','lexus',NULL,0,'client','lexus-22@mail.ru','(8212)20-37-36','167000, ะะพะผะธ ะะตัะฟ, ะณ. ะกัะบััะฒะบะฐั, ะะฝัะตัะฝะฐัะธะพะฝะฐะปัะฝะฐั ัะป, ะดะพะผ โ 131',NULL,NULL,'new'),('Zึ$tๆ๓\0%','ะัะทะตะฒ','ะะธะบะพะปะฐะน','ะะปะตะบัะตะตะฒะธั','zyuzev_n',NULL,0,'client','nnnttpanzer@rambler.ru','(8212)20-37-36','167000, ะะพะผะธ ะะตัะฟ, ะณ. ะกัะบััะฒะบะฐั, ะะฝัะตัะฝะฐัะธะพะฝะฐะปัะฝะฐั ัะป, ะดะพะผ โ 131',NULL,NULL,'new'),('Zึ&tๆ๓\0%','ะะฐะฒะปะพะฒะฐ','ะัะดะผะธะปะฐ','ะะปะฐะดะธะผะธัะพะฒะฝะฐ','pavlova_l',NULL,0,'client','admin1106@r11.nalog.ru','8(82144)27993','169710, ะะพะผะธ ะะตัะฟ, ะณ. ะฃัะธะฝัะบ, ะะตัััะฝะธะบะพะฒ ัะป, ะดะพะผ โ 33',NULL,NULL,'new'),('Zึ(tๆ๓\0%','ะฅะผะฐัะฐ','ะะปะตะบัะฐะฝะดัะฐ','ะะฒะฐะฝะพะฒะฝะฐ','khmara_a',NULL,0,'client','Hmarva@mail.ru','8(82144)27993','169710, ะะพะผะธ ะะตัะฟ, ะณ. ะฃัะธะฝัะบ, ะะตัััะฝะธะบะพะฒ ัะป, ะดะพะผ โ 33',NULL,NULL,'new'),('Zึ*tๆ๓\0%','ะะปััะพะฒ','ะะฐะบัะธะผ','ะะฐะปะตััะตะฒะธั','glukhov_m',NULL,0,'client','admin1103@r11.nalog.ru','8(82151)2-97-27','169900, ะณ. ะะพัะบััะฐ, ะฏะฝะพะฒัะบะพะณะพ ัะป, ะดะพะผ โ 1',NULL,NULL,'new'),('Zึ,tๆ๓\0%','ะจะฐะฑะฐะฝะพะฒะฐ','ะะปะตะฝะฐ','ะะฝะดัะตะตะฒะฝะฐ','shabanova_e',NULL,0,'client','i1103@r11.nalog.ru','8(82151)2-97-27','169900, ะณ. ะะพัะบััะฐ, ะฏะฝะพะฒัะบะพะณะพ ัะป, ะดะพะผ โ 1',NULL,NULL,'new'),('Zึ.tๆ๓\0%','ะฅะฐัะธัะพะฝะพะฒ','ะะพัะธั','ะะตะพัะณะธะตะฒะธั','kharitonov_b',NULL,0,'client','bob_inta@mail.ru','8(82145)6-21-26','169840, ะณ. ะะฝัะฐ, ะััะฐัะพะฒะฐ ัะป, ะดะพะผ โ 13',NULL,NULL,'new'),('Zึ0tๆ๓\0%','ะะพะปะบะพะฒะฝะธะบะพะฒะฐ','ะะบัะฐะฝะฐ','ะะปะตะบัะฐะฝะดัะพะฒะฝะฐ','polkovnikova_o',NULL,0,'client','i11040401@r11.nalog.ru','8(82145)-21-26','169840, ะณ. ะะฝัะฐ, ะััะฐัะพะฒะฐ ัะป, ะดะพะผ โ 13',NULL,NULL,'new'),('Zึ2tๆ๓\0%','ะะพะนะบะพะฒ','ะกะตัะณะตะน','ะะณะพัะพะฒะธั','koikov_s',NULL,0,'client','stoauto@mail.ru','78212629041','ะณ. ะกัะบััะฒะบะฐั, ัะป. ะะฐะปะธะฝะธะฝะฐ 19',NULL,NULL,'new'),('Zึ4tๆ๓\0%','ะะฐะฝะตะฒ','ะะฝัะพะฝ','ะะธะบะพะปะฐะตะฒะธั','kanev_a',NULL,0,'engineer','kanev_a@sodrk.ru','8(8212)202974, ะดะพะฑ.712','',NULL,NULL,'new'),('Zึ6tๆ๓\0%','ะกะธะฝะตะฑะพะบ','ะะฝะดัะตะน','ะะตััะพะฒะธั','sinebok_a',NULL,0,'client','fucult@finnougoria.ru','8(8212) 244613','167000, ะะตัะฟัะฑะปะธะบะฐ ะะพะผะธ, ะณ. ะกัะบััะฒะบะฐั, ัะป. ะะตะฝะธะฝะฐ, ะด. 73',NULL,NULL,'new'),('Zึ8tๆ๓\0%','ะะฐะบะธะฝะฐ','ะะปะตะฝะฐ','ะะฐัะธะปัะตะฒะฝะฐ','rakina_e',NULL,0,'client','fucult@finnougoria.ru','8(8212) 244613','167000, ะะตัะฟัะฑะปะธะบะฐ ะะพะผะธ, ะณ. ะกัะบััะฒะบะฐั, ัะป. ะะตะฝะธะฝะฐ, ะด. 73',NULL,NULL,'new'),('Zึ:tๆ๓\0%','ะัะปัะบะพ','ะกะตัะณะตะน','ะะปะตะบัะฐะฝะดัะพะฒะธั','gulko_s',NULL,0,'client','fucult@finnougoria.ru','8(8212)244937','167000, ะะตัะฟัะฑะปะธะบะฐ ะะพะผะธ, ะณ. ะกัะบััะฒะบะฐั, ัะป. ะะตะฝะธะฝะฐ, ะด. 73',NULL,NULL,'new'),('Zึ<tๆ๓\0%','ะะฐัะฝะฐัะตะฒ','ะฎัะธะน','ะะฒะฐะฝะพะฒะธั','parnachev_yu',NULL,0,'engineer','parnachev_yu@sodrk.ru','','',NULL,NULL,'new'),('Zึ>tๆ๓\0%','ะะพัะผัะฝะธะฝ','ะะพะผะฐะฝ','ะกะตัะณะตะตะฒะธั','vokhmyanin_r',NULL,0,'client','','8(8212)202974, ะดะพะฑ.212','',NULL,NULL,'new'),('Zึ@tๆ๓\0%','ะะฐะทะผะฐะฝะพะฒ','ะะพะฝััะฐะฝัะธะฝ','ะกะตัะณะตะตะฒะธั','razmanov_k',NULL,0,'engineer','razmanov_k@sodrk.ru','8(8212)202974, ะดะพะฑ.713','',NULL,NULL,'new'),('ZึBtๆ๓\0%','ะะตะปะพะฒ','ะะพะฝััะฐะฝัะธะฝ','ะะปะตะบัะฐะฝะดัะพะฒะธั','belov_k',NULL,0,'partner','kultor@mail.ru','89128659356, 89042045959','','ศ๔nๆ๓\0%',NULL,'new'),('ZึDtๆ๓\0%','ะะพะฟะพะฒะฐ','ะขะฐัััะฝะฐ','ะฎััะตะฒะฝะฐ','popova_t',NULL,0,'client','no@address.ru','8(82137)94333','',NULL,NULL,'new'),('ZึFtๆ๓\0%','ะัะตััััะฝะธะฝะพะฒ','ะะปะตะบัะฐะฝะดั','ะะฒะณะตะฝัะตะฒะธั','krestyaninov_a',NULL,0,'partner','gazkomi@yandex.ru','89048624151','','ศ๖nๆ๓\0%',NULL,'new'),('ZึHtๆ๓\0%','ะะดะฐะฝ','ะะปะตะบัะตะน','ะะณะพัะตะฒะธั','zhdan_a',NULL,0,'client','zhdan_a@sodrk.ru','8(8212)202974, ะดะพะฑ.215','',NULL,NULL,'new'),('ZึJtๆ๓\0%','ะะดะฐะฝ','ะะปะตะบัะตะน','ะะณะพัะตะฒะธั','sodrk',NULL,0,'client','sl@sodrk.ru','89121264171, 89129574540','',NULL,NULL,'new'),('ZึLtๆ๓\0%','ะะฐัะฟััะธะฝ','ะะฐะฒะตะป','ะะพะฝััะฐะฝัะธะฝะพะฒะธั','rasputin_p',NULL,0,'operator','rasputin_p@sodrk.ru','8(8212)202974, ะดะพะฑ.424','',NULL,NULL,'new'),('ZึNtๆ๓\0%','ะะฑัะฐะผะตะฝะบะพ','ะะปะตะบัะตะน','ะะณะพัะตะฒะธั','abramenko_a',NULL,1,'partner','aleksey-nyaka@yandex.ru','89121086603','',')N๙nๆ๓\0%',NULL,'new'),('ZึPtๆ๓\0%','ะะฐะปััะตะฒ','ะะฐะดะธะผ','ะะฒะฐะฝะพะฒะธั','maltsev_v',NULL,0,'admin','maltsev_v@sodrk.ru','8(8212)202974, ะดะพะฑ.701','',NULL,NULL,'new');
/*!40000 ALTER TABLE `users` ENABLE KEYS */;
UNLOCK TABLES;

--
-- Table structure for table `variables`
--

DROP TABLE IF EXISTS `variables`;
/*!40101 SET @saved_cs_client     = @@character_set_client */;
/*!40101 SET character_set_client = utf8 */;
CREATE TABLE `variables` (
  `name` varchar(32) NOT NULL,
  `value` varchar(64) DEFAULT NULL,
  PRIMARY KEY (`name`)
) ENGINE=InnoDB DEFAULT CHARSET=utf8;
/*!40101 SET character_set_client = @saved_cs_client */;

--
-- Dumping data for table `variables`
--

LOCK TABLES `variables` WRITE;
/*!40000 ALTER TABLE `variables` DISABLE KEYS */;
/*!40000 ALTER TABLE `variables` ENABLE KEYS */;
UNLOCK TABLES;

--
-- Table structure for table `workCalendar`
--

DROP TABLE IF EXISTS `workCalendar`;
/*!40101 SET @saved_cs_client     = @@character_set_client */;
/*!40101 SET character_set_client = utf8 */;
CREATE TABLE `workCalendar` (
  `date` date NOT NULL,
  `type` enum('work','weekend') DEFAULT NULL,
  PRIMARY KEY (`date`)
) ENGINE=InnoDB DEFAULT CHARSET=utf8;
/*!40101 SET character_set_client = @saved_cs_client */;

--
-- Dumping data for table `workCalendar`
--

LOCK TABLES `workCalendar` WRITE;
/*!40000 ALTER TABLE `workCalendar` DISABLE KEYS */;
INSERT INTO `workCalendar` VALUES ('2012-01-01','weekend'),('2012-01-02','weekend'),('2012-01-03','weekend'),('2012-01-04','weekend'),('2012-01-05','weekend'),('2012-01-06','work'),('2012-01-07','weekend'),('2012-01-08','weekend'),('2012-01-09','work'),('2012-01-10','work'),('2012-01-11','work'),('2012-01-12','work'),('2012-01-13','work'),('2012-01-14','weekend'),('2012-01-15','weekend'),('2012-01-16','work'),('2012-01-17','work'),('2012-01-18','work'),('2012-01-19','work'),('2012-01-20','work'),('2012-01-21','weekend'),('2012-01-22','weekend'),('2012-01-23','work'),('2012-01-24','work'),('2012-01-25','work'),('2012-01-26','work'),('2012-01-27','work'),('2012-01-28','weekend'),('2012-01-29','weekend'),('2012-01-30','work'),('2012-01-31','work'),('2012-02-01','work'),('2012-02-02','work'),('2012-02-03','work'),('2012-02-04','weekend'),('2012-02-05','weekend'),('2012-02-06','work'),('2012-02-07','work'),('2012-02-08','work'),('2012-02-09','work'),('2012-02-10','work'),('2012-02-11','weekend'),('2012-02-12','weekend'),('2012-02-13','work'),('2012-02-14','work'),('2012-02-15','work'),('2012-02-16','work'),('2012-02-17','work'),('2012-02-18','weekend'),('2012-02-19','weekend'),('2012-02-20','work'),('2012-02-21','work'),('2012-02-22','work'),('2012-02-23','weekend'),('2012-02-24','work'),('2012-02-25','weekend'),('2012-02-26','weekend'),('2012-02-27','work'),('2012-02-28','work'),('2012-02-29','work'),('2012-03-01','work'),('2012-03-02','work'),('2012-03-03','weekend'),('2012-03-04','weekend'),('2012-03-05','work'),('2012-03-06','work'),('2012-03-07','work'),('2012-03-08','weekend'),('2012-03-09','work'),('2012-03-10','weekend'),('2012-03-11','weekend'),('2012-03-12','work'),('2012-03-13','work'),('2012-03-14','work'),('2012-03-15','work'),('2012-03-16','work'),('2012-03-17','weekend'),('2012-03-18','weekend'),('2012-03-19','work'),('2012-03-20','work'),('2012-03-21','work'),('2012-03-22','work'),('2012-03-23','work'),('2012-03-24','weekend'),('2012-03-25','weekend'),('2012-03-26','work'),('2012-03-27','work'),('2012-03-28','work'),('2012-03-29','work'),('2012-03-30','work'),('2012-03-31','weekend'),('2012-04-01','weekend'),('2012-04-02','work'),('2012-04-03','work'),('2012-04-04','work'),('2012-04-05','work'),('2012-04-06','work'),('2012-04-07','weekend'),('2012-04-08','weekend'),('2012-04-09','work'),('2012-04-10','work'),('2012-04-11','work'),('2012-04-12','work'),('2012-04-13','work'),('2012-04-14','weekend'),('2012-04-15','weekend'),('2012-04-16','work'),('2012-04-17','work'),('2012-04-18','work'),('2012-04-19','work'),('2012-04-20','work'),('2012-04-21','weekend'),('2012-04-22','weekend'),('2012-04-23','work'),('2012-04-24','work'),('2012-04-25','work'),('2012-04-26','work'),('2012-04-27','work'),('2012-04-28','weekend'),('2012-04-29','weekend'),('2012-04-30','work'),('2012-05-01','weekend'),('2012-05-02','work'),('2012-05-03','work'),('2012-05-04','work'),('2012-05-05','work'),('2012-05-06','weekend'),('2012-05-07','weekend'),('2012-05-08','weekend'),('2012-05-09','weekend'),('2012-05-10','work'),('2012-05-11','work'),('2012-05-12','work'),('2012-05-13','weekend'),('2012-05-14','work'),('2012-05-15','work'),('2012-05-16','work'),('2012-05-17','work'),('2012-05-18','work'),('2012-05-19','weekend'),('2012-05-20','weekend'),('2012-05-21','work'),('2012-05-22','work'),('2012-05-23','work'),('2012-05-24','work'),('2012-05-25','work'),('2012-05-26','weekend'),('2012-05-27','weekend'),('2012-05-28','work'),('2012-05-29','work'),('2012-05-30','work'),('2012-05-31','work'),('2012-06-01','work'),('2012-06-02','weekend'),('2012-06-03','weekend'),('2012-06-04','work'),('2012-06-05','work'),('2012-06-06','work'),('2012-06-07','work'),('2012-06-08','work'),('2012-06-09','weekend'),('2012-06-10','weekend'),('2012-06-11','work'),('2012-06-12','weekend'),('2012-06-13','work'),('2012-06-14','work'),('2012-06-15','work'),('2012-06-16','weekend'),('2012-06-17','weekend'),('2012-06-18','work'),('2012-06-19','work'),('2012-06-20','work'),('2012-06-21','work'),('2012-06-22','work'),('2012-06-23','weekend'),('2012-06-24','weekend'),('2012-06-25','work'),('2012-06-26','work'),('2012-06-27','work'),('2012-06-28','work'),('2012-06-29','work'),('2012-06-30','weekend'),('2012-07-01','weekend'),('2012-07-02','work'),('2012-07-03','work'),('2012-07-04','work'),('2012-07-05','work'),('2012-07-06','work'),('2012-07-07','weekend'),('2012-07-08','weekend'),('2012-07-09','work'),('2012-07-10','work'),('2012-07-11','work'),('2012-07-12','work'),('2012-07-13','work'),('2012-07-14','weekend'),('2012-07-15','weekend'),('2012-07-16','work'),('2012-07-17','work'),('2012-07-18','work'),('2012-07-19','work'),('2012-07-20','work'),('2012-07-21','weekend'),('2012-07-22','weekend'),('2012-07-23','work'),('2012-07-24','work'),('2012-07-25','work'),('2012-07-26','work'),('2012-07-27','work'),('2012-07-28','weekend'),('2012-07-29','weekend'),('2012-07-30','work'),('2012-07-31','work'),('2012-08-01','work'),('2012-08-02','work'),('2012-08-03','work'),('2012-08-04','weekend'),('2012-08-05','weekend'),('2012-08-06','work'),('2012-08-07','work'),('2012-08-08','work'),('2012-08-09','work'),('2012-08-10','work'),('2012-08-11','weekend'),('2012-08-12','weekend'),('2012-08-13','work'),('2012-08-14','work'),('2012-08-15','work'),('2012-08-16','work'),('2012-08-17','work'),('2012-08-18','weekend'),('2012-08-19','weekend'),('2012-08-20','work'),('2012-08-21','work'),('2012-08-22','work'),('2012-08-23','work'),('2012-08-24','work'),('2012-08-25','weekend'),('2012-08-26','weekend'),('2012-08-27','work'),('2012-08-28','work'),('2012-08-29','work'),('2012-08-30','work'),('2012-08-31','work'),('2012-09-01','weekend'),('2012-09-02','weekend'),('2012-09-03','work'),('2012-09-04','work'),('2012-09-05','work'),('2012-09-06','work'),('2012-09-07','work'),('2012-09-08','weekend'),('2012-09-09','weekend'),('2012-09-10','work'),('2012-09-11','work'),('2012-09-12','work'),('2012-09-13','work'),('2012-09-14','work'),('2012-09-15','weekend'),('2012-09-16','weekend'),('2012-09-17','work'),('2012-09-18','work'),('2012-09-19','work'),('2012-09-20','work'),('2012-09-21','work'),('2012-09-22','weekend'),('2012-09-23','weekend'),('2012-09-24','work'),('2012-09-25','work'),('2012-09-26','work'),('2012-09-27','work'),('2012-09-28','work'),('2012-09-29','weekend'),('2012-09-30','weekend'),('2012-10-01','work'),('2012-10-02','work'),('2012-10-03','work'),('2012-10-04','work'),('2012-10-05','work'),('2012-10-06','weekend'),('2012-10-07','weekend'),('2012-10-08','work'),('2012-10-09','work'),('2012-10-10','work'),('2012-10-11','work'),('2012-10-12','work'),('2012-10-13','weekend'),('2012-10-14','weekend'),('2012-10-15','work'),('2012-10-16','work'),('2012-10-17','work'),('2012-10-18','work'),('2012-10-19','work'),('2012-10-20','weekend'),('2012-10-21','weekend'),('2012-10-22','work'),('2012-10-23','work'),('2012-10-24','work'),('2012-10-25','work'),('2012-10-26','work'),('2012-10-27','weekend'),('2012-10-28','weekend'),('2012-10-29','work'),('2012-10-30','work'),('2012-10-31','work'),('2012-11-01','work'),('2012-11-02','work'),('2012-11-03','weekend'),('2012-11-04','weekend'),('2012-11-05','work'),('2012-11-06','work'),('2012-11-07','work'),('2012-11-08','work'),('2012-11-09','work'),('2012-11-10','weekend'),('2012-11-11','weekend'),('2012-11-12','work'),('2012-11-13','work'),('2012-11-14','work'),('2012-11-15','work'),('2012-11-16','work'),('2012-11-17','weekend'),('2012-11-18','weekend'),('2012-11-19','work'),('2012-11-20','work'),('2012-11-21','work'),('2012-11-22','work'),('2012-11-23','work'),('2012-11-24','weekend'),('2012-11-25','weekend'),('2012-11-26','work'),('2012-11-27','work'),('2012-11-28','work'),('2012-11-29','work'),('2012-11-30','work'),('2012-12-01','weekend'),('2012-12-02','weekend'),('2012-12-03','work'),('2012-12-04','work'),('2012-12-05','work'),('2012-12-06','work'),('2012-12-07','work'),('2012-12-08','weekend'),('2012-12-09','weekend'),('2012-12-10','work'),('2012-12-11','work'),('2012-12-12','work'),('2012-12-13','work'),('2012-12-14','work'),('2012-12-15','weekend'),('2012-12-16','weekend'),('2012-12-17','work'),('2012-12-18','work'),('2012-12-19','work'),('2012-12-20','work'),('2012-12-21','work'),('2012-12-22','weekend'),('2012-12-23','weekend'),('2012-12-24','work'),('2012-12-25','work'),('2012-12-26','work'),('2012-12-27','work'),('2012-12-28','work'),('2012-12-29','weekend'),('2012-12-30','weekend'),('2012-12-31','work'),('2013-01-01','weekend'),('2013-01-02','weekend'),('2013-01-03','weekend'),('2013-01-04','weekend'),('2013-01-05','weekend'),('2013-01-06','weekend'),('2013-01-07','weekend'),('2013-01-08','work'),('2013-01-09','work'),('2013-01-10','work'),('2013-01-11','work'),('2013-01-12','weekend'),('2013-01-13','weekend'),('2013-01-14','work'),('2013-01-15','work'),('2013-01-16','work'),('2013-01-17','work'),('2013-01-18','work'),('2013-01-19','weekend'),('2013-01-20','weekend'),('2013-01-21','work'),('2013-01-22','work'),('2013-01-23','work'),('2013-01-24','work'),('2013-01-25','work'),('2013-01-26','weekend'),('2013-01-27','weekend'),('2013-01-28','work'),('2013-01-29','work'),('2013-01-30','work'),('2013-01-31','work'),('2013-02-01','work'),('2013-02-02','weekend'),('2013-02-03','weekend'),('2013-02-04','work'),('2013-02-05','work'),('2013-02-06','work'),('2013-02-07','work'),('2013-02-08','work'),('2013-02-09','weekend'),('2013-02-10','weekend'),('2013-02-11','work'),('2013-02-12','work'),('2013-02-13','work'),('2013-02-14','work'),('2013-02-15','work'),('2013-02-16','weekend'),('2013-02-17','weekend'),('2013-02-18','work'),('2013-02-19','work'),('2013-02-20','work'),('2013-02-21','work'),('2013-02-22','work'),('2013-02-23','weekend'),('2013-02-24','weekend'),('2013-02-25','work'),('2013-02-26','work'),('2013-02-27','work'),('2013-02-28','work'),('2013-03-01','work'),('2013-03-02','weekend'),('2013-03-03','weekend'),('2013-03-04','work'),('2013-03-05','work'),('2013-03-06','work'),('2013-03-07','work'),('2013-03-08','weekend'),('2013-03-09','weekend'),('2013-03-10','weekend'),('2013-03-11','work'),('2013-03-12','work'),('2013-03-13','work'),('2013-03-14','work'),('2013-03-15','work'),('2013-03-16','weekend'),('2013-03-17','weekend'),('2013-03-18','work'),('2013-03-19','work'),('2013-03-20','work'),('2013-03-21','work'),('2013-03-22','work'),('2013-03-23','weekend'),('2013-03-24','weekend'),('2013-03-25','work'),('2013-03-26','work'),('2013-03-27','work'),('2013-03-28','work'),('2013-03-29','work'),('2013-03-30','weekend'),('2013-03-31','weekend'),('2013-04-01','work'),('2013-04-02','work'),('2013-04-03','work'),('2013-04-04','work'),('2013-04-05','work'),('2013-04-06','weekend'),('2013-04-07','weekend'),('2013-04-08','work'),('2013-04-09','work'),('2013-04-10','work'),('2013-04-11','work'),('2013-04-12','work'),('2013-04-13','weekend'),('2013-04-14','weekend'),('2013-04-15','work'),('2013-04-16','work'),('2013-04-17','work'),('2013-04-18','work'),('2013-04-19','work'),('2013-04-20','weekend'),('2013-04-21','weekend'),('2013-04-22','work'),('2013-04-23','work'),('2013-04-24','work'),('2013-04-25','work'),('2013-04-26','work'),('2013-04-27','weekend'),('2013-04-28','weekend'),('2013-04-29','work'),('2013-04-30','work'),('2013-05-01','weekend'),('2013-05-02','weekend'),('2013-05-03','weekend'),('2013-05-04','weekend'),('2013-05-05','weekend'),('2013-05-06','work'),('2013-05-07','work'),('2013-05-08','work'),('2013-05-09','weekend'),('2013-05-10','work'),('2013-05-11','weekend'),('2013-05-12','weekend'),('2013-05-13','work'),('2013-05-14','work'),('2013-05-15','work'),('2013-05-16','work'),('2013-05-17','work'),('2013-05-18','weekend'),('2013-05-19','weekend'),('2013-05-20','work'),('2013-05-21','work'),('2013-05-22','work'),('2013-05-23','work'),('2013-05-24','work'),('2013-05-25','weekend'),('2013-05-26','weekend'),('2013-05-27','work'),('2013-05-28','work'),('2013-05-29','work'),('2013-05-30','work'),('2013-05-31','work'),('2013-06-01','weekend'),('2013-06-02','weekend'),('2013-06-03','work'),('2013-06-04','work'),('2013-06-05','work'),('2013-06-06','work'),('2013-06-07','work'),('2013-06-08','weekend'),('2013-06-09','weekend'),('2013-06-10','work'),('2013-06-11','work'),('2013-06-12','weekend'),('2013-06-13','work'),('2013-06-14','work'),('2013-06-15','weekend'),('2013-06-16','weekend'),('2013-06-17','work'),('2013-06-18','work'),('2013-06-19','work'),('2013-06-20','work'),('2013-06-21','work'),('2013-06-22','weekend'),('2013-06-23','weekend'),('2013-06-24','work'),('2013-06-25','work'),('2013-06-26','work'),('2013-06-27','work'),('2013-06-28','work'),('2013-06-29','weekend'),('2013-06-30','weekend'),('2013-07-01','work'),('2013-07-02','work'),('2013-07-03','work'),('2013-07-04','work'),('2013-07-05','work'),('2013-07-06','weekend'),('2013-07-07','weekend'),('2013-07-08','work'),('2013-07-09','work'),('2013-07-10','work'),('2013-07-11','work'),('2013-07-12','work'),('2013-07-13','weekend'),('2013-07-14','weekend'),('2013-07-15','work'),('2013-07-16','work'),('2013-07-17','work'),('2013-07-18','work'),('2013-07-19','work'),('2013-07-20','weekend'),('2013-07-21','weekend'),('2013-07-22','work'),('2013-07-23','work'),('2013-07-24','work'),('2013-07-25','work'),('2013-07-26','work'),('2013-07-27','weekend'),('2013-07-28','weekend'),('2013-07-29','work'),('2013-07-30','work'),('2013-07-31','work'),('2013-08-01','work'),('2013-08-02','work'),('2013-08-03','weekend'),('2013-08-04','weekend'),('2013-08-05','work'),('2013-08-06','work'),('2013-08-07','work'),('2013-08-08','work'),('2013-08-09','work'),('2013-08-10','weekend'),('2013-08-11','weekend'),('2013-08-12','work'),('2013-08-13','work'),('2013-08-14','work'),('2013-08-15','work'),('2013-08-16','work'),('2013-08-17','weekend'),('2013-08-18','weekend'),('2013-08-19','work'),('2013-08-20','work'),('2013-08-21','work'),('2013-08-22','work'),('2013-08-23','work'),('2013-08-24','weekend'),('2013-08-25','weekend'),('2013-08-26','work'),('2013-08-27','work'),('2013-08-28','work'),('2013-08-29','work'),('2013-08-30','work'),('2013-08-31','weekend'),('2013-09-01','weekend'),('2013-09-02','work'),('2013-09-03','work'),('2013-09-04','work'),('2013-09-05','work'),('2013-09-06','work'),('2013-09-07','weekend'),('2013-09-08','weekend'),('2013-09-09','work'),('2013-09-10','work'),('2013-09-11','work'),('2013-09-12','work'),('2013-09-13','work'),('2013-09-14','weekend'),('2013-09-15','weekend'),('2013-09-16','work'),('2013-09-17','work'),('2013-09-18','work'),('2013-09-19','work'),('2013-09-20','work'),('2013-09-21','weekend'),('2013-09-22','weekend'),('2013-09-23','work'),('2013-09-24','work'),('2013-09-25','work'),('2013-09-26','work'),('2013-09-27','work'),('2013-09-28','weekend'),('2013-09-29','weekend'),('2013-09-30','work'),('2013-10-01','work'),('2013-10-02','work'),('2013-10-03','work'),('2013-10-04','work'),('2013-10-05','weekend'),('2013-10-06','weekend'),('2013-10-07','work'),('2013-10-08','work'),('2013-10-09','work'),('2013-10-10','work'),('2013-10-11','work'),('2013-10-12','weekend'),('2013-10-13','weekend'),('2013-10-14','work'),('2013-10-15','work'),('2013-10-16','work'),('2013-10-17','work'),('2013-10-18','work'),('2013-10-19','weekend'),('2013-10-20','weekend'),('2013-10-21','work'),('2013-10-22','work'),('2013-10-23','work'),('2013-10-24','work'),('2013-10-25','work'),('2013-10-26','weekend'),('2013-10-27','weekend'),('2013-10-28','work'),('2013-10-29','work'),('2013-10-30','work'),('2013-10-31','work'),('2013-11-01','work'),('2013-11-02','weekend'),('2013-11-03','weekend'),('2013-11-04','weekend'),('2013-11-05','work'),('2013-11-06','work'),('2013-11-07','work'),('2013-11-08','work'),('2013-11-09','weekend'),('2013-11-10','weekend'),('2013-11-11','work'),('2013-11-12','work'),('2013-11-13','work'),('2013-11-14','work'),('2013-11-15','work'),('2013-11-16','weekend'),('2013-11-17','weekend'),('2013-11-18','work'),('2013-11-19','work'),('2013-11-20','work'),('2013-11-21','work'),('2013-11-22','work'),('2013-11-23','weekend'),('2013-11-24','weekend'),('2013-11-25','work'),('2013-11-26','work'),('2013-11-27','work'),('2013-11-28','work'),('2013-11-29','work'),('2013-11-30','weekend'),('2013-12-01','weekend'),('2013-12-02','work'),('2013-12-03','work'),('2013-12-04','work'),('2013-12-05','work'),('2013-12-06','work'),('2013-12-07','weekend'),('2013-12-08','weekend'),('2013-12-09','work'),('2013-12-10','work'),('2013-12-11','work'),('2013-12-12','work'),('2013-12-13','work'),('2013-12-14','weekend'),('2013-12-15','weekend'),('2013-12-16','work'),('2013-12-17','work'),('2013-12-18','work'),('2013-12-19','work'),('2013-12-20','work'),('2013-12-21','weekend'),('2013-12-22','weekend'),('2013-12-23','work'),('2013-12-24','work'),('2013-12-25','work'),('2013-12-26','work'),('2013-12-27','work'),('2013-12-28','weekend'),('2013-12-29','weekend'),('2013-12-30','work'),('2013-12-31','work'),('2014-01-01','weekend'),('2014-01-02','weekend'),('2014-01-03','weekend'),('2014-01-04','weekend'),('2014-01-05','weekend'),('2014-01-06','work'),('2014-01-07','weekend'),('2014-01-08','weekend'),('2014-01-09','work'),('2014-01-10','work'),('2014-01-11','weekend'),('2014-01-12','weekend'),('2014-01-13','work'),('2014-01-14','work'),('2014-01-15','work'),('2014-01-16','work'),('2014-01-17','work'),('2014-01-18','weekend'),('2014-01-19','weekend'),('2014-01-20','work'),('2014-01-21','work'),('2014-01-22','work'),('2014-01-23','work'),('2014-01-24','work'),('2014-01-25','weekend'),('2014-01-26','weekend'),('2014-01-27','work'),('2014-01-28','work'),('2014-01-29','work'),('2014-01-30','work'),('2014-01-31','work'),('2014-02-01','weekend'),('2014-02-02','weekend'),('2014-02-03','work'),('2014-02-04','work'),('2014-02-05','work'),('2014-02-06','work'),('2014-02-07','work'),('2014-02-08','weekend'),('2014-02-09','weekend'),('2014-02-10','work'),('2014-02-11','work'),('2014-02-12','work'),('2014-02-13','work'),('2014-02-14','work'),('2014-02-15','weekend'),('2014-02-16','weekend'),('2014-02-17','work'),('2014-02-18','work'),('2014-02-19','work'),('2014-02-20','work'),('2014-02-21','work'),('2014-02-22','weekend'),('2014-02-23','weekend'),('2014-02-24','work'),('2014-02-25','work'),('2014-02-26','work'),('2014-02-27','work'),('2014-02-28','work'),('2014-03-01','weekend'),('2014-03-02','weekend'),('2014-03-03','work'),('2014-03-04','work'),('2014-03-05','work'),('2014-03-06','work'),('2014-03-07','work'),('2014-03-08','weekend'),('2014-03-09','weekend'),('2014-03-10','weekend'),('2014-03-11','work'),('2014-03-12','work'),('2014-03-13','work'),('2014-03-14','work'),('2014-03-15','weekend'),('2014-03-16','weekend'),('2014-03-17','work'),('2014-03-18','work'),('2014-03-19','work'),('2014-03-20','work'),('2014-03-21','work'),('2014-03-22','weekend'),('2014-03-23','weekend'),('2014-03-24','work'),('2014-03-25','work'),('2014-03-26','work'),('2014-03-27','work'),('2014-03-28','work'),('2014-03-29','weekend'),('2014-03-30','weekend'),('2014-03-31','work'),('2014-04-01','work'),('2014-04-02','work'),('2014-04-03','work'),('2014-04-04','work'),('2014-04-05','weekend'),('2014-04-06','weekend'),('2014-04-07','work'),('2014-04-08','work'),('2014-04-09','work'),('2014-04-10','work'),('2014-04-11','work'),('2014-04-12','weekend'),('2014-04-13','weekend'),('2014-04-14','work'),('2014-04-15','work'),('2014-04-16','work'),('2014-04-17','work'),('2014-04-18','work'),('2014-04-19','weekend'),('2014-04-20','weekend'),('2014-04-21','work'),('2014-04-22','work'),('2014-04-23','work'),('2014-04-24','work'),('2014-04-25','work'),('2014-04-26','weekend'),('2014-04-27','weekend'),('2014-04-28','work'),('2014-04-29','work'),('2014-04-30','work'),('2014-05-01','weekend'),('2014-05-02','weekend'),('2014-05-03','weekend'),('2014-05-04','weekend'),('2014-05-05','work'),('2014-05-06','work'),('2014-05-07','work'),('2014-05-08','work'),('2014-05-09','weekend'),('2014-05-10','weekend'),('2014-05-11','weekend'),('2014-05-12','work'),('2014-05-13','work'),('2014-05-14','work'),('2014-05-15','work'),('2014-05-16','work'),('2014-05-17','weekend'),('2014-05-18','weekend'),('2014-05-19','work'),('2014-05-20','work'),('2014-05-21','work'),('2014-05-22','work'),('2014-05-23','work'),('2014-05-24','weekend'),('2014-05-25','weekend'),('2014-05-26','work'),('2014-05-27','work'),('2014-05-28','work'),('2014-05-29','work'),('2014-05-30','work'),('2014-05-31','weekend'),('2014-06-01','weekend'),('2014-06-02','work'),('2014-06-03','work'),('2014-06-04','work'),('2014-06-05','work'),('2014-06-06','work'),('2014-06-07','weekend'),('2014-06-08','weekend'),('2014-06-09','work'),('2014-06-10','work'),('2014-06-11','work'),('2014-06-12','weekend'),('2014-06-13','weekend'),('2014-06-14','weekend'),('2014-06-15','weekend'),('2014-06-16','work'),('2014-06-17','work'),('2014-06-18','work'),('2014-06-19','work'),('2014-06-20','work'),('2014-06-21','weekend'),('2014-06-22','weekend'),('2014-06-23','work'),('2014-06-24','work'),('2014-06-25','work'),('2014-06-26','work'),('2014-06-27','work'),('2014-06-28','weekend'),('2014-06-29','weekend'),('2014-06-30','work'),('2014-07-01','work'),('2014-07-02','work'),('2014-07-03','work'),('2014-07-04','work'),('2014-07-05','weekend'),('2014-07-06','weekend'),('2014-07-07','work'),('2014-07-08','work'),('2014-07-09','work'),('2014-07-10','work'),('2014-07-11','work'),('2014-07-12','weekend'),('2014-07-13','weekend'),('2014-07-14','work'),('2014-07-15','work'),('2014-07-16','work'),('2014-07-17','work'),('2014-07-18','work'),('2014-07-19','weekend'),('2014-07-20','weekend'),('2014-07-21','work'),('2014-07-22','work'),('2014-07-23','work'),('2014-07-24','work'),('2014-07-25','work'),('2014-07-26','weekend'),('2014-07-27','weekend'),('2014-07-28','work'),('2014-07-29','work'),('2014-07-30','work'),('2014-07-31','work'),('2014-08-01','work'),('2014-08-02','weekend'),('2014-08-03','weekend'),('2014-08-04','work'),('2014-08-05','work'),('2014-08-06','work'),('2014-08-07','work'),('2014-08-08','work'),('2014-08-09','weekend'),('2014-08-10','weekend'),('2014-08-11','work'),('2014-08-12','work'),('2014-08-13','work'),('2014-08-14','work'),('2014-08-15','work'),('2014-08-16','weekend'),('2014-08-17','weekend'),('2014-08-18','work'),('2014-08-19','work'),('2014-08-20','work'),('2014-08-21','work'),('2014-08-22','work'),('2014-08-23','weekend'),('2014-08-24','weekend'),('2014-08-25','work'),('2014-08-26','work'),('2014-08-27','work'),('2014-08-28','work'),('2014-08-29','work'),('2014-08-30','weekend'),('2014-08-31','weekend'),('2014-09-01','work'),('2014-09-02','work'),('2014-09-03','work'),('2014-09-04','work'),('2014-09-05','work'),('2014-09-06','weekend'),('2014-09-07','weekend'),('2014-09-08','work'),('2014-09-09','work'),('2014-09-10','work'),('2014-09-11','work'),('2014-09-12','work'),('2014-09-13','weekend'),('2014-09-14','weekend'),('2014-09-15','work'),('2014-09-16','work'),('2014-09-17','work'),('2014-09-18','work'),('2014-09-19','work'),('2014-09-20','weekend'),('2014-09-21','weekend'),('2014-09-22','work'),('2014-09-23','work'),('2014-09-24','work'),('2014-09-25','work'),('2014-09-26','work'),('2014-09-27','weekend'),('2014-09-28','weekend'),('2014-09-29','work'),('2014-09-30','work'),('2014-10-01','work'),('2014-10-02','work'),('2014-10-03','work'),('2014-10-04','weekend'),('2014-10-05','weekend'),('2014-10-06','work'),('2014-10-07','work'),('2014-10-08','work'),('2014-10-09','work'),('2014-10-10','work'),('2014-10-11','weekend'),('2014-10-12','weekend'),('2014-10-13','work'),('2014-10-14','work'),('2014-10-15','work'),('2014-10-16','work'),('2014-10-17','work'),('2014-10-18','weekend'),('2014-10-19','weekend'),('2014-10-20','work'),('2014-10-21','work'),('2014-10-22','work'),('2014-10-23','work'),('2014-10-24','work'),('2014-10-25','weekend'),('2014-10-26','weekend'),('2014-10-27','work'),('2014-10-28','work'),('2014-10-29','work'),('2014-10-30','work'),('2014-10-31','work'),('2014-11-01','weekend'),('2014-11-02','weekend'),('2014-11-03','weekend'),('2014-11-04','weekend'),('2014-11-05','work'),('2014-11-06','work'),('2014-11-07','work'),('2014-11-08','weekend'),('2014-11-09','weekend'),('2014-11-10','work'),('2014-11-11','work'),('2014-11-12','work'),('2014-11-13','work'),('2014-11-14','work'),('2014-11-15','weekend'),('2014-11-16','weekend'),('2014-11-17','work'),('2014-11-18','work'),('2014-11-19','work'),('2014-11-20','work'),('2014-11-21','work'),('2014-11-22','weekend'),('2014-11-23','weekend'),('2014-11-24','work'),('2014-11-25','work'),('2014-11-26','work'),('2014-11-27','work'),('2014-11-28','work'),('2014-11-29','weekend'),('2014-11-30','weekend'),('2014-12-01','work'),('2014-12-02','work'),('2014-12-03','work'),('2014-12-04','work'),('2014-12-05','work'),('2014-12-06','weekend'),('2014-12-07','weekend'),('2014-12-08','work'),('2014-12-09','work'),('2014-12-10','work'),('2014-12-11','work'),('2014-12-12','work'),('2014-12-13','weekend'),('2014-12-14','weekend'),('2014-12-15','work'),('2014-12-16','work'),('2014-12-17','work'),('2014-12-18','work'),('2014-12-19','work'),('2014-12-20','weekend'),('2014-12-21','weekend'),('2014-12-22','work'),('2014-12-23','work'),('2014-12-24','work'),('2014-12-25','work'),('2014-12-26','work'),('2014-12-27','weekend'),('2014-12-28','weekend'),('2014-12-29','work'),('2014-12-30','work'),('2014-12-31','work'),('2015-01-01','weekend'),('2015-01-02','weekend'),('2015-01-03','weekend'),('2015-01-04','weekend'),('2015-01-05','weekend'),('2015-01-06','work'),('2015-01-07','weekend'),('2015-01-08','work'),('2015-01-09','work'),('2015-01-10','weekend'),('2015-01-11','weekend'),('2015-01-12','work'),('2015-01-13','work'),('2015-01-14','work'),('2015-01-15','work'),('2015-01-16','work'),('2015-01-17','weekend'),('2015-01-18','weekend'),('2015-01-19','work'),('2015-01-20','work'),('2015-01-21','work'),('2015-01-22','work'),('2015-01-23','work'),('2015-01-24','weekend'),('2015-01-25','weekend'),('2015-01-26','work'),('2015-01-27','work'),('2015-01-28','work'),('2015-01-29','work'),('2015-01-30','work'),('2015-01-31','weekend'),('2015-02-01','weekend'),('2015-02-02','work'),('2015-02-03','work'),('2015-02-04','work'),('2015-02-05','work'),('2015-02-06','work'),('2015-02-07','weekend'),('2015-02-08','weekend'),('2015-02-09','work'),('2015-02-10','work'),('2015-02-11','work'),('2015-02-12','work'),('2015-02-13','work'),('2015-02-14','weekend'),('2015-02-15','weekend'),('2015-02-16','work'),('2015-02-17','work'),('2015-02-18','work'),('2015-02-19','work'),('2015-02-20','work'),('2015-02-21','weekend'),('2015-02-22','weekend'),('2015-02-23','weekend'),('2015-02-24','work'),('2015-02-25','work'),('2015-02-26','work'),('2015-02-27','work'),('2015-02-28','weekend'),('2015-03-01','weekend'),('2015-03-02','work'),('2015-03-03','work'),('2015-03-04','work'),('2015-03-05','work'),('2015-03-06','work'),('2015-03-07','weekend'),('2015-03-08','weekend'),('2015-03-09','work'),('2015-03-10','work'),('2015-03-11','work'),('2015-03-12','work'),('2015-03-13','work'),('2015-03-14','weekend'),('2015-03-15','weekend'),('2015-03-16','work'),('2015-03-17','work'),('2015-03-18','work'),('2015-03-19','work'),('2015-03-20','work'),('2015-03-21','weekend'),('2015-03-22','weekend'),('2015-03-23','work'),('2015-03-24','work'),('2015-03-25','work'),('2015-03-26','work'),('2015-03-27','work'),('2015-03-28','weekend'),('2015-03-29','weekend'),('2015-03-30','work'),('2015-03-31','work'),('2015-04-01','work'),('2015-04-02','work'),('2015-04-03','work'),('2015-04-04','weekend'),('2015-04-05','weekend'),('2015-04-06','work'),('2015-04-07','work'),('2015-04-08','work'),('2015-04-09','work'),('2015-04-10','work'),('2015-04-11','weekend'),('2015-04-12','weekend'),('2015-04-13','work'),('2015-04-14','work'),('2015-04-15','work'),('2015-04-16','work'),('2015-04-17','work'),('2015-04-18','weekend'),('2015-04-19','weekend'),('2015-04-20','work'),('2015-04-21','work'),('2015-04-22','work'),('2015-04-23','work'),('2015-04-24','work'),('2015-04-25','weekend'),('2015-04-26','weekend'),('2015-04-27','work'),('2015-04-28','work'),('2015-04-29','work'),('2015-04-30','work'),('2015-05-01','weekend'),('2015-05-02','weekend'),('2015-05-03','weekend'),('2015-05-04','work'),('2015-05-05','work'),('2015-05-06','work'),('2015-05-07','work'),('2015-05-08','work'),('2015-05-09','weekend'),('2015-05-10','weekend'),('2015-05-11','work'),('2015-05-12','work'),('2015-05-13','work'),('2015-05-14','work'),('2015-05-15','work'),('2015-05-16','weekend'),('2015-05-17','weekend'),('2015-05-18','work'),('2015-05-19','work'),('2015-05-20','work'),('2015-05-21','work'),('2015-05-22','work'),('2015-05-23','weekend'),('2015-05-24','weekend'),('2015-05-25','work'),('2015-05-26','work'),('2015-05-27','work'),('2015-05-28','work'),('2015-05-29','work'),('2015-05-30','weekend'),('2015-05-31','weekend'),('2015-06-01','work'),('2015-06-02','work'),('2015-06-03','work'),('2015-06-04','work'),('2015-06-05','work'),('2015-06-06','weekend'),('2015-06-07','weekend'),('2015-06-08','work'),('2015-06-09','work'),('2015-06-10','work'),('2015-06-11','work'),('2015-06-12','weekend'),('2015-06-13','weekend'),('2015-06-14','weekend'),('2015-06-15','work'),('2015-06-16','work'),('2015-06-17','work'),('2015-06-18','work'),('2015-06-19','work'),('2015-06-20','weekend'),('2015-06-21','weekend'),('2015-06-22','work'),('2015-06-23','work'),('2015-06-24','work'),('2015-06-25','work'),('2015-06-26','work'),('2015-06-27','weekend'),('2015-06-28','weekend'),('2015-06-29','work'),('2015-06-30','work'),('2015-07-01','work'),('2015-07-02','work'),('2015-07-03','work'),('2015-07-04','weekend'),('2015-07-05','weekend'),('2015-07-06','work'),('2015-07-07','work'),('2015-07-08','work'),('2015-07-09','work'),('2015-07-10','work'),('2015-07-11','weekend'),('2015-07-12','weekend'),('2015-07-13','work'),('2015-07-14','work'),('2015-07-15','work'),('2015-07-16','work'),('2015-07-17','work'),('2015-07-18','weekend'),('2015-07-19','weekend'),('2015-07-20','work'),('2015-07-21','work'),('2015-07-22','work'),('2015-07-23','work'),('2015-07-24','work'),('2015-07-25','weekend'),('2015-07-26','weekend'),('2015-07-27','work'),('2015-07-28','work'),('2015-07-29','work'),('2015-07-30','work'),('2015-07-31','work'),('2015-08-01','weekend'),('2015-08-02','weekend'),('2015-08-03','work'),('2015-08-04','work'),('2015-08-05','work'),('2015-08-06','work'),('2015-08-07','work'),('2015-08-08','weekend'),('2015-08-09','weekend'),('2015-08-10','work'),('2015-08-11','work'),('2015-08-12','work'),('2015-08-13','work'),('2015-08-14','work'),('2015-08-15','weekend'),('2015-08-16','weekend'),('2015-08-17','work'),('2015-08-18','work'),('2015-08-19','work'),('2015-08-20','work'),('2015-08-21','work'),('2015-08-22','weekend'),('2015-08-23','weekend'),('2015-08-24','work'),('2015-08-25','work'),('2015-08-26','work'),('2015-08-27','work'),('2015-08-28','work'),('2015-08-29','weekend'),('2015-08-30','weekend'),('2015-08-31','work'),('2015-09-01','work'),('2015-09-02','work'),('2015-09-03','work'),('2015-09-04','work'),('2015-09-05','weekend'),('2015-09-06','weekend'),('2015-09-07','work'),('2015-09-08','work'),('2015-09-09','work'),('2015-09-10','work'),('2015-09-11','work'),('2015-09-12','weekend'),('2015-09-13','weekend'),('2015-09-14','work'),('2015-09-15','work'),('2015-09-16','work'),('2015-09-17','work'),('2015-09-18','work'),('2015-09-19','weekend'),('2015-09-20','weekend'),('2015-09-21','work'),('2015-09-22','work'),('2015-09-23','work'),('2015-09-24','work'),('2015-09-25','work'),('2015-09-26','weekend'),('2015-09-27','weekend'),('2015-09-28','work'),('2015-09-29','work'),('2015-09-30','work'),('2015-10-01','work'),('2015-10-02','work'),('2015-10-03','weekend'),('2015-10-04','weekend'),('2015-10-05','work'),('2015-10-06','work'),('2015-10-07','work'),('2015-10-08','work'),('2015-10-09','work'),('2015-10-10','weekend'),('2015-10-11','weekend'),('2015-10-12','work'),('2015-10-13','work'),('2015-10-14','work'),('2015-10-15','work'),('2015-10-16','work'),('2015-10-17','weekend'),('2015-10-18','weekend'),('2015-10-19','work'),('2015-10-20','work'),('2015-10-21','work'),('2015-10-22','work'),('2015-10-23','work'),('2015-10-24','weekend'),('2015-10-25','weekend'),('2015-10-26','work'),('2015-10-27','work'),('2015-10-28','work'),('2015-10-29','work'),('2015-10-30','work'),('2015-10-31','weekend'),('2015-11-01','weekend'),('2015-11-02','work'),('2015-11-03','work'),('2015-11-04','weekend'),('2015-11-05','work'),('2015-11-06','work'),('2015-11-07','weekend'),('2015-11-08','weekend'),('2015-11-09','work'),('2015-11-10','work'),('2015-11-11','work'),('2015-11-12','work'),('2015-11-13','work'),('2015-11-14','weekend'),('2015-11-15','weekend'),('2015-11-16','work'),('2015-11-17','work'),('2015-11-18','work'),('2015-11-19','work'),('2015-11-20','work'),('2015-11-21','weekend'),('2015-11-22','weekend'),('2015-11-23','work'),('2015-11-24','work'),('2015-11-25','work'),('2015-11-26','work'),('2015-11-27','work'),('2015-11-28','weekend'),('2015-11-29','weekend'),('2015-11-30','work'),('2015-12-01','work'),('2015-12-02','work'),('2015-12-03','work'),('2015-12-04','work'),('2015-12-05','weekend'),('2015-12-06','weekend'),('2015-12-07','work'),('2015-12-08','work'),('2015-12-09','work'),('2015-12-10','work'),('2015-12-11','work'),('2015-12-12','weekend'),('2015-12-13','weekend'),('2015-12-14','work'),('2015-12-15','work'),('2015-12-16','work'),('2015-12-17','work'),('2015-12-18','work'),('2015-12-19','weekend'),('2015-12-20','weekend'),('2015-12-21','work'),('2015-12-22','work'),('2015-12-23','work'),('2015-12-24','work'),('2015-12-25','work'),('2015-12-26','weekend'),('2015-12-27','weekend'),('2015-12-28','work'),('2015-12-29','work'),('2015-12-30','work'),('2015-12-31','work'),('2016-01-01','weekend'),('2016-01-02','weekend'),('2016-01-03','weekend'),('2016-01-04','weekend'),('2016-01-05','weekend'),('2016-01-06','weekend'),('2016-01-07','weekend'),('2016-01-08','weekend'),('2016-01-09','weekend'),('2016-01-10','weekend'),('2016-01-11','work'),('2016-01-12','work'),('2016-01-13','work'),('2016-01-14','work'),('2016-01-15','work'),('2016-01-16','weekend'),('2016-01-17','weekend'),('2016-01-18','work'),('2016-01-19','work'),('2016-01-20','work'),('2016-01-21','work'),('2016-01-22','work'),('2016-01-23','weekend'),('2016-01-24','weekend'),('2016-01-25','work'),('2016-01-26','work'),('2016-01-27','work'),('2016-01-28','work'),('2016-01-29','work'),('2016-01-30','weekend'),('2016-01-31','weekend'),('2016-02-01','work'),('2016-02-02','work'),('2016-02-03','work'),('2016-02-04','work'),('2016-02-05','work'),('2016-02-06','weekend'),('2016-02-07','weekend'),('2016-02-08','work'),('2016-02-09','work'),('2016-02-10','work'),('2016-02-11','work'),('2016-02-12','work'),('2016-02-13','weekend'),('2016-02-14','weekend'),('2016-02-15','work'),('2016-02-16','work'),('2016-02-17','work'),('2016-02-18','work'),('2016-02-19','work'),('2016-02-20','work'),('2016-02-21','weekend'),('2016-02-22','weekend'),('2016-02-23','weekend'),('2016-02-24','work'),('2016-02-25','work'),('2016-02-26','work'),('2016-02-27','weekend'),('2016-02-28','weekend'),('2016-02-29','work'),('2016-03-01','work'),('2016-03-02','work'),('2016-03-03','work'),('2016-03-04','work'),('2016-03-05','weekend'),('2016-03-06','weekend'),('2016-03-07','weekend'),('2016-03-08','weekend'),('2016-03-09','work'),('2016-03-10','work'),('2016-03-11','work'),('2016-03-12','weekend'),('2016-03-13','weekend'),('2016-03-14','work'),('2016-03-15','work'),('2016-03-16','work'),('2016-03-17','work'),('2016-03-18','work'),('2016-03-19','weekend'),('2016-03-20','weekend'),('2016-03-21','work'),('2016-03-22','work'),('2016-03-23','work'),('2016-03-24','work'),('2016-03-25','work'),('2016-03-26','weekend'),('2016-03-27','weekend'),('2016-03-28','work'),('2016-03-29','work'),('2016-03-30','work'),('2016-03-31','work'),('2016-04-01','work'),('2016-04-02','weekend'),('2016-04-03','weekend'),('2016-04-04','work'),('2016-04-05','work'),('2016-04-06','work'),('2016-04-07','work'),('2016-04-08','work'),('2016-04-09','weekend'),('2016-04-10','weekend'),('2016-04-11','work'),('2016-04-12','work'),('2016-04-13','work'),('2016-04-14','work'),('2016-04-15','work'),('2016-04-16','weekend'),('2016-04-17','weekend'),('2016-04-18','work'),('2016-04-19','work'),('2016-04-20','work'),('2016-04-21','work'),('2016-04-22','work'),('2016-04-23','weekend'),('2016-04-24','weekend'),('2016-04-25','work'),('2016-04-26','work'),('2016-04-27','work'),('2016-04-28','work'),('2016-04-29','work'),('2016-04-30','weekend'),('2016-05-01','weekend'),('2016-05-02','weekend'),('2016-05-03','weekend'),('2016-05-04','work'),('2016-05-05','work'),('2016-05-06','work'),('2016-05-07','weekend'),('2016-05-08','weekend'),('2016-05-09','weekend'),('2016-05-10','work'),('2016-05-11','work'),('2016-05-12','work'),('2016-05-13','work'),('2016-05-14','weekend'),('2016-05-15','weekend'),('2016-05-16','work'),('2016-05-17','work'),('2016-05-18','work'),('2016-05-19','work'),('2016-05-20','work'),('2016-05-21','weekend'),('2016-05-22','weekend'),('2016-05-23','work'),('2016-05-24','work'),('2016-05-25','work'),('2016-05-26','work'),('2016-05-27','work'),('2016-05-28','weekend'),('2016-05-29','weekend'),('2016-05-30','work'),('2016-05-31','work'),('2016-06-01','work'),('2016-06-02','work'),('2016-06-03','work'),('2016-06-04','weekend'),('2016-06-05','weekend'),('2016-06-06','work'),('2016-06-07','work'),('2016-06-08','work'),('2016-06-09','work'),('2016-06-10','work'),('2016-06-11','weekend'),('2016-06-12','weekend'),('2016-06-13','weekend'),('2016-06-14','work'),('2016-06-15','work'),('2016-06-16','work'),('2016-06-17','work'),('2016-06-18','weekend'),('2016-06-19','weekend'),('2016-06-20','work'),('2016-06-21','work'),('2016-06-22','work'),('2016-06-23','work'),('2016-06-24','work'),('2016-06-25','weekend'),('2016-06-26','weekend'),('2016-06-27','work'),('2016-06-28','work'),('2016-06-29','work'),('2016-06-30','work'),('2016-07-01','work'),('2016-07-02','weekend'),('2016-07-03','weekend'),('2016-07-04','work'),('2016-07-05','work'),('2016-07-06','work'),('2016-07-07','work'),('2016-07-08','work'),('2016-07-09','weekend'),('2016-07-10','weekend'),('2016-07-11','work'),('2016-07-12','work'),('2016-07-13','work'),('2016-07-14','work'),('2016-07-15','work'),('2016-07-16','weekend'),('2016-07-17','weekend'),('2016-07-18','work'),('2016-07-19','work'),('2016-07-20','work'),('2016-07-21','work'),('2016-07-22','work'),('2016-07-23','weekend'),('2016-07-24','weekend'),('2016-07-25','work'),('2016-07-26','work'),('2016-07-27','work'),('2016-07-28','work'),('2016-07-29','work'),('2016-07-30','weekend'),('2016-07-31','weekend'),('2016-08-01','work'),('2016-08-02','work'),('2016-08-03','work'),('2016-08-04','work'),('2016-08-05','work'),('2016-08-06','weekend'),('2016-08-07','weekend'),('2016-08-08','work'),('2016-08-09','work'),('2016-08-10','work'),('2016-08-11','work'),('2016-08-12','work'),('2016-08-13','weekend'),('2016-08-14','weekend'),('2016-08-15','work'),('2016-08-16','work'),('2016-08-17','work'),('2016-08-18','work'),('2016-08-19','work'),('2016-08-20','weekend'),('2016-08-21','weekend'),('2016-08-22','work'),('2016-08-23','work'),('2016-08-24','work'),('2016-08-25','work'),('2016-08-26','work'),('2016-08-27','weekend'),('2016-08-28','weekend'),('2016-08-29','work'),('2016-08-30','work'),('2016-08-31','work'),('2016-09-01','work'),('2016-09-02','work'),('2016-09-03','weekend'),('2016-09-04','weekend'),('2016-09-05','work'),('2016-09-06','work'),('2016-09-07','work'),('2016-09-08','work'),('2016-09-09','work'),('2016-09-10','weekend'),('2016-09-11','weekend'),('2016-09-12','work'),('2016-09-13','work'),('2016-09-14','work'),('2016-09-15','work'),('2016-09-16','work'),('2016-09-17','weekend'),('2016-09-18','weekend'),('2016-09-19','work'),('2016-09-20','work'),('2016-09-21','work'),('2016-09-22','work'),('2016-09-23','work'),('2016-09-24','weekend'),('2016-09-25','weekend'),('2016-09-26','work'),('2016-09-27','work'),('2016-09-28','work'),('2016-09-29','work'),('2016-09-30','work'),('2016-10-01','weekend'),('2016-10-02','weekend'),('2016-10-03','work'),('2016-10-04','work'),('2016-10-05','work'),('2016-10-06','work'),('2016-10-07','work'),('2016-10-08','weekend'),('2016-10-09','weekend'),('2016-10-10','work'),('2016-10-11','work'),('2016-10-12','work'),('2016-10-13','work'),('2016-10-14','work'),('2016-10-15','weekend'),('2016-10-16','weekend'),('2016-10-17','work'),('2016-10-18','work'),('2016-10-19','work'),('2016-10-20','work'),('2016-10-21','work'),('2016-10-22','weekend'),('2016-10-23','weekend'),('2016-10-24','work'),('2016-10-25','work'),('2016-10-26','work'),('2016-10-27','work'),('2016-10-28','work'),('2016-10-29','weekend'),('2016-10-30','weekend'),('2016-10-31','work'),('2016-11-01','work'),('2016-11-02','work'),('2016-11-03','work'),('2016-11-04','weekend'),('2016-11-05','weekend'),('2016-11-06','weekend'),('2016-11-07','work'),('2016-11-08','work'),('2016-11-09','work'),('2016-11-10','work'),('2016-11-11','work'),('2016-11-12','weekend'),('2016-11-13','weekend'),('2016-11-14','work'),('2016-11-15','work'),('2016-11-16','work'),('2016-11-17','work'),('2016-11-18','work'),('2016-11-19','weekend'),('2016-11-20','weekend'),('2016-11-21','work'),('2016-11-22','work'),('2016-11-23','work'),('2016-11-24','work'),('2016-11-25','work'),('2016-11-26','weekend'),('2016-11-27','weekend'),('2016-11-28','work'),('2016-11-29','work'),('2016-11-30','work'),('2016-12-01','work'),('2016-12-02','work'),('2016-12-03','weekend'),('2016-12-04','weekend'),('2016-12-05','work'),('2016-12-06','work'),('2016-12-07','work'),('2016-12-08','work'),('2016-12-09','work'),('2016-12-10','weekend'),('2016-12-11','weekend'),('2016-12-12','work'),('2016-12-13','work'),('2016-12-14','work'),('2016-12-15','work'),('2016-12-16','work'),('2016-12-17','weekend'),('2016-12-18','weekend'),('2016-12-19','work'),('2016-12-20','work'),('2016-12-21','work'),('2016-12-22','work'),('2016-12-23','work'),('2016-12-24','weekend'),('2016-12-25','weekend'),('2016-12-26','work'),('2016-12-27','work'),('2016-12-28','work'),('2016-12-29','work'),('2016-12-30','work'),('2016-12-31','weekend');
/*!40000 ALTER TABLE `workCalendar` ENABLE KEYS */;
UNLOCK TABLES;

--
-- Dumping routines for database 'sd-dev-1c'
--
/*!50003 DROP FUNCTION IF EXISTS `calcTime_v2` */;
/*!50003 SET @saved_cs_client      = @@character_set_client */ ;
/*!50003 SET @saved_cs_results     = @@character_set_results */ ;
/*!50003 SET @saved_col_connection = @@collation_connection */ ;
/*!50003 SET character_set_client  = utf8 */ ;
/*!50003 SET character_set_results = utf8 */ ;
/*!50003 SET collation_connection  = utf8_general_ci */ ;
/*!50003 SET @saved_sql_mode       = @@sql_mode */ ;
/*!50003 SET sql_mode              = '' */ ;
DELIMITER ;;
CREATE DEFINER=`root`@`%` FUNCTION `calcTime_v2`(`reqNum` BIGINT(20), `endDateTime` DATETIME) RETURNS double
BEGIN
	DECLARE createDate, finDate DATE;
	DECLARE createTime, finTime TIME;
	DECLARE cdiv, srv BINARY(16);
    DECLARE sec BIGINT;
	DECLARE sla VARCHAR(16);

	SET finDate = DATE(endDateTime);
	SET finTime = TIME(endDateTime);

	SELECT DATE(`createdAt`), TIME(`createdAt`), `contractDivision_guid`, `service_guid`, `slaLevel`
		INTO createDate, createTime, cdiv, srv, sla
		FROM `requests` 
		WHERE `id` = reqNum;
	
	SELECT SUM(TIME_TO_SEC(TIMEDIFF(IF(`endTime` = '00:00:00', '24:00:00', `endTime`), `startTime`)))
		INTO sec
		FROM (
			SELECT DISTINCT createTime AS `startTime`, `dss`.`endDayTime` AS `endTime`, `wc`.`date` 
				FROM `contractDivisions` AS `cd`
				LEFT JOIN `contracts` AS `c` ON `c`.`guid` = `cd`.`contract_guid`
				LEFT JOIN `contractServices` AS `cs` ON `cs`.`contract_guid` = `c`.`guid`
				LEFT JOIN `divServicesSLA` AS `dss` ON `dss`.`contract_guid` = `c`.`guid` 
					AND `cd`.`type_guid` = `dss`.`divType_guid`
				LEFT JOIN `workCalendar` AS `wc` ON FIND_IN_SET(`wc`.`type`, `dss`.`dayType`)
				WHERE `cd`.`guid` = cdiv AND `dss`.`service_guid` = srv AND `dss`.`slaLevel` = sla 
					AND `wc`.`date` = createDate 
					AND (`dss`.`endDayTime` > createTime OR `dss`.`endDayTime` = '00:00:00')
			UNION SELECT `dss`.`startDayTime`, `dss`.`endDayTime`, `wc`.`date` 
				FROM `contractDivisions` AS `cd`
				LEFT JOIN `contracts` AS `c` ON `c`.`guid` = `cd`.`contract_guid`
				LEFT JOIN `contractServices` AS `cs` ON `cs`.`contract_guid` = `c`.`guid`
				LEFT JOIN `divServicesSLA` AS `dss` ON `dss`.`contract_guid` = `c`.`guid` 
					AND `cd`.`type_guid` = `dss`.`divType_guid`
				LEFT JOIN `workCalendar` AS `wc` ON FIND_IN_SET(`wc`.`type`, `dss`.`dayType`)
				WHERE `cd`.`guid` = cdiv AND `dss`.`service_guid` = srv AND `dss`.`slaLevel` = sla 
					AND `wc`.`date` > createDate AND `wc`.`date` < finDate
			UNION SELECT `dss`.`startDayTime`, finTime, `wc`.`date` 
				FROM `contractDivisions` AS `cd`
				LEFT JOIN `contracts` AS `c` ON `c`.`guid` = `cd`.`contract_guid`
				LEFT JOIN `contractServices` AS `cs` ON `cs`.`contract_guid` = `c`.`guid`
				LEFT JOIN `divServicesSLA` AS `dss` ON `dss`.`contract_guid` = `c`.`guid` 
					AND `cd`.`type_guid` = `dss`.`divType_guid`
				LEFT JOIN `workCalendar` AS `wc` ON FIND_IN_SET(`wc`.`type`, `dss`.`dayType`)
				WHERE `cd`.`guid` = cdiv AND `dss`.`service_guid` = srv AND `dss`.`slaLevel` = sla 
					AND `wc`.`date` = finDate AND `dss`.`startDayTime` < finTime
		) AS `d`;
	RETURN sec/60.;

END ;;
DELIMITER ;
/*!50003 SET sql_mode              = @saved_sql_mode */ ;
/*!50003 SET character_set_client  = @saved_cs_client */ ;
/*!50003 SET character_set_results = @saved_cs_results */ ;
/*!50003 SET collation_connection  = @saved_col_connection */ ;
/*!50003 DROP FUNCTION IF EXISTS `calcTime_v3` */;
/*!50003 SET @saved_cs_client      = @@character_set_client */ ;
/*!50003 SET @saved_cs_results     = @@character_set_results */ ;
/*!50003 SET @saved_col_connection = @@collation_connection */ ;
/*!50003 SET character_set_client  = utf8 */ ;
/*!50003 SET character_set_results = utf8 */ ;
/*!50003 SET collation_connection  = utf8_general_ci */ ;
/*!50003 SET @saved_sql_mode       = @@sql_mode */ ;
/*!50003 SET sql_mode              = '' */ ;
DELIMITER ;;
CREATE DEFINER=`root`@`%` FUNCTION `calcTime_v3`(`reqNum` BIGINT(20), `endDateTime` DATETIME) RETURNS double
BEGIN
	DECLARE createDate, finDate DATE;
	DECLARE createTime, finTime TIME;
	DECLARE cdiv, srv BINARY(16);
    DECLARE sec BIGINT;
	DECLARE sla VARCHAR(16);

	SET finDate = DATE(endDateTime);
	SET finTime = TIME(endDateTime);

	SELECT DATE(`createdAt`), TIME(`createdAt`), `contractDivision_guid`, `service_guid`, `slaLevel`
		INTO createDate, createTime, cdiv, srv, sla
		FROM `requests` 
		WHERE `id` = reqNum;
	
	SELECT SUM(TIME_TO_SEC(TIMEDIFF(IF(`endTime` = '00:00:00', '24:00:00', `endTime`), `startTime`)))
		INTO sec
		FROM (
			SELECT DISTINCT IF(createTime > `dss`.`startDayTime`, createTime, `dss`.`startDayTime`) AS `startTime`, 
							IF (`dss`.`endDayTime` = '00:00:00' OR finTime > `dss`.`endDayTime`, `dss`.`endDayTime`, finTime) AS `endTime`, 
                            `wc`.`date` 
				FROM `contractDivisions` AS `cd`
				LEFT JOIN `contracts` AS `c` ON `c`.`guid` = `cd`.`contract_guid`
				LEFT JOIN `contractServices` AS `cs` ON `cs`.`contract_guid` = `c`.`guid`
				LEFT JOIN `divServicesSLA` AS `dss` ON `dss`.`contract_guid` = `c`.`guid` 
					AND `cd`.`type_guid` = `dss`.`divType_guid`
				LEFT JOIN `workCalendar` AS `wc` ON FIND_IN_SET(`wc`.`type`, `dss`.`dayType`)
				WHERE finDate = createDate AND `cd`.`guid` = cdiv AND `dss`.`service_guid` = srv 
					AND `dss`.`slaLevel` = sla AND `wc`.`date` = createDate 
                    AND (createTime < `dss`.`endDayTime` OR `dss`.`endDayTime` = '00:00:00')
                    AND finTime > `dss`.`startDayTime`
			UNION SELECT IF(createTime > `dss`.`startDayTime`, createTime, `dss`.`startDayTime`) AS `startTime`, 
						`dss`.`endDayTime` AS `endTime`, `wc`.`date` 
				FROM `contractDivisions` AS `cd`
				LEFT JOIN `contracts` AS `c` ON `c`.`guid` = `cd`.`contract_guid`
				LEFT JOIN `contractServices` AS `cs` ON `cs`.`contract_guid` = `c`.`guid`
				LEFT JOIN `divServicesSLA` AS `dss` ON `dss`.`contract_guid` = `c`.`guid` 
					AND `cd`.`type_guid` = `dss`.`divType_guid`
				LEFT JOIN `workCalendar` AS `wc` ON FIND_IN_SET(`wc`.`type`, `dss`.`dayType`)
				WHERE finDate != createDate AND `cd`.`guid` = cdiv AND `dss`.`service_guid` = srv 
					AND `dss`.`slaLevel` = sla AND `wc`.`date` = createDate 
                    AND (createTime < `dss`.`endDayTime` OR `dss`.`endDayTime` = '00:00:00')
			UNION SELECT `dss`.`startDayTime`, `dss`.`endDayTime`, `wc`.`date` 
				FROM `contractDivisions` AS `cd`
				LEFT JOIN `contracts` AS `c` ON `c`.`guid` = `cd`.`contract_guid`
				LEFT JOIN `contractServices` AS `cs` ON `cs`.`contract_guid` = `c`.`guid`
				LEFT JOIN `divServicesSLA` AS `dss` ON `dss`.`contract_guid` = `c`.`guid` 
					AND `cd`.`type_guid` = `dss`.`divType_guid`
				LEFT JOIN `workCalendar` AS `wc` ON FIND_IN_SET(`wc`.`type`, `dss`.`dayType`)
				WHERE `cd`.`guid` = cdiv AND `dss`.`service_guid` = srv AND `dss`.`slaLevel` = sla 
					AND `wc`.`date` > createDate AND `wc`.`date` < finDate
			UNION SELECT `dss`.`startDayTime`, 
						IF (`dss`.`endDayTime` = '00:00:00' OR finTime > `dss`.`endDayTime`, `dss`.`endDayTime`, finTime) AS `endTime`,
                        `wc`.`date` 
				FROM `contractDivisions` AS `cd`
				LEFT JOIN `contracts` AS `c` ON `c`.`guid` = `cd`.`contract_guid`
				LEFT JOIN `contractServices` AS `cs` ON `cs`.`contract_guid` = `c`.`guid`
				LEFT JOIN `divServicesSLA` AS `dss` ON `dss`.`contract_guid` = `c`.`guid` 
					AND `cd`.`type_guid` = `dss`.`divType_guid`
				LEFT JOIN `workCalendar` AS `wc` ON FIND_IN_SET(`wc`.`type`, `dss`.`dayType`)
				WHERE finDate != createDate AND `cd`.`guid` = cdiv AND `dss`.`service_guid` = srv 
					AND `dss`.`slaLevel` = sla AND `wc`.`date` = finDate AND `dss`.`startDayTime` < finTime
                    AND finTime > `dss`.`startDayTime`
		) AS `d`;
	RETURN sec/60.;

END ;;
DELIMITER ;
/*!50003 SET sql_mode              = @saved_sql_mode */ ;
/*!50003 SET character_set_client  = @saved_cs_client */ ;
/*!50003 SET character_set_results = @saved_cs_results */ ;
/*!50003 SET collation_connection  = @saved_col_connection */ ;
/*!40103 SET TIME_ZONE=@OLD_TIME_ZONE */;

/*!40101 SET SQL_MODE=@OLD_SQL_MODE */;
/*!40014 SET FOREIGN_KEY_CHECKS=@OLD_FOREIGN_KEY_CHECKS */;
/*!40014 SET UNIQUE_CHECKS=@OLD_UNIQUE_CHECKS */;
/*!40101 SET CHARACTER_SET_CLIENT=@OLD_CHARACTER_SET_CLIENT */;
/*!40101 SET CHARACTER_SET_RESULTS=@OLD_CHARACTER_SET_RESULTS */;
/*!40101 SET COLLATION_CONNECTION=@OLD_COLLATION_CONNECTION */;
/*!40111 SET SQL_NOTES=@OLD_SQL_NOTES */;

-- Dump completed on 2017-01-25 16:45:15
